2025-05-24 22:58:29 - main                      - INFO - N/A - Starting LangGraph with parallel processing
2025-05-24 22:58:30 - event_classifier          - INFO - N/A - (Stage 0) Processing chunk 138 started
2025-05-24 22:58:30 - event_classifier          - INFO - N/A - (Stage 0) Processing chunk 141 started
2025-05-24 22:58:30 - event_classifier          - INFO - N/A - (Stage 0) Processing chunk 142 started
2025-05-24 22:58:30 - event_classifier          - INFO - N/A - (Stage 0) Processing chunk 140 started
2025-05-24 22:58:48 - event_classifier          - INFO - 18.045s - Chunk 141 processed, (1) general events, (1) opinions.
2025-05-24 22:58:48 - event_scoring             - INFO - N/A - (Stage 1) Event scoring for chunk 141 started
2025-05-24 22:58:48 - sentiment_analysis        - INFO - N/A - (Stage 1) Sentiment analysis for chunk 141 started
2025-05-24 22:59:17 - event_classifier          - INFO - 47.068s - Chunk 138 processed, (1) general events, (1) opinions.
2025-05-24 22:59:17 - event_scoring             - INFO - N/A - (Stage 1) Event scoring for chunk 138 started
2025-05-24 22:59:17 - sentiment_analysis        - INFO - N/A - (Stage 1) Sentiment analysis for chunk 138 started
2025-05-24 22:59:41 - event_classifier          - INFO - 71.201s - Chunk 142 processed, (1) general events, (1) opinions.
2025-05-24 22:59:41 - event_scoring             - INFO - N/A - (Stage 1) Event scoring for chunk 142 started
2025-05-24 22:59:41 - sentiment_analysis        - INFO - N/A - (Stage 1) Sentiment analysis for chunk 142 started
2025-05-24 23:00:11 - event_classifier          - WARNING - N/A - Received invalid JSON response: Expecting ',' delimiter: line 9 column 2 (char 629). Attempting to fix...
2025-05-24 23:00:11 - event_classifier          - WARNING - N/A - Failed parsing code block content with substring method
2025-05-24 23:00:11 - event_classifier          - INFO - N/A - Successfully reconstructed JSON with regex field extraction
2025-05-24 23:00:11 - event_classifier          - INFO - 101.155s - Chunk 140 processed, (1) general events, (1) opinions.
2025-05-24 23:00:11 - event_scoring             - INFO - N/A - (Stage 1) Event scoring for chunk 140 started
2025-05-24 23:00:11 - sentiment_analysis        - INFO - N/A - (Stage 1) Sentiment analysis for chunk 140 started
2025-05-24 23:00:20 - event_scoring             - INFO - 91.877s - Successfully calculated event scores
2025-05-24 23:00:20 - event_scoring             - INFO - 91.877s - Chunk 141 processed successfully. Processed 1 general events.
2025-05-24 23:00:22 - sentiment_analysis        - INFO - 94.168s - Successfully got sentiment score
2025-05-24 23:00:22 - sentiment_analysis        - INFO - 94.168s - Chunk 141 processed successfully. Processed 1 person events.
2025-05-24 23:00:22 - inconsistency_detection   - INFO - N/A - (Stage 2) Inconsistency analysis for chunk 141 started
2025-05-24 23:00:22 - inconsistency_detection   - INFO - 0.015s - Chunk 141 processed successfully. Processed 1 person events.
2025-05-24 23:00:22 - person_summary            - INFO - N/A - (Stage 2.1) Person attitude analysis for chunk 141 started
2025-05-24 23:00:22 - person_summary            - INFO - N/A - Missing person ID for person_event 1 in chunk 141.
2025-05-24 23:00:22 - person_summary            - INFO - N/A - No sentiment history found for person Andrew Blakers in chunk 141, generating new.
2025-05-24 23:00:33 - event_scoring             - INFO - 76.549s - Successfully calculated event scores
2025-05-24 23:00:33 - event_scoring             - INFO - 76.549s - Chunk 138 processed successfully. Processed 1 general events.
2025-05-24 23:00:36 - sentiment_analysis        - INFO - 79.066s - Successfully got sentiment score
2025-05-24 23:00:36 - sentiment_analysis        - INFO - 79.066s - Chunk 138 processed successfully. Processed 1 person events.
2025-05-24 23:00:36 - inconsistency_detection   - INFO - N/A - (Stage 2) Inconsistency analysis for chunk 138 started
2025-05-24 23:00:36 - inconsistency_detection   - INFO - 0.012s - Chunk 138 processed successfully. Processed 1 person events.
2025-05-24 23:00:36 - person_summary            - INFO - N/A - (Stage 2.1) Person attitude analysis for chunk 138 started
2025-05-24 23:00:36 - person_summary            - INFO - N/A - Missing person ID for person_event 1 in chunk 138.
2025-05-24 23:00:36 - person_summary            - INFO - N/A - No sentiment history found for person Unspecified in chunk 138, generating new.
2025-05-24 23:00:48 - event_scoring             - INFO - 67.252s - Successfully calculated event scores
2025-05-24 23:00:48 - event_scoring             - INFO - 67.252s - Chunk 142 processed successfully. Processed 1 general events.
2025-05-24 23:00:51 - sentiment_analysis        - INFO - 69.608s - Successfully got sentiment score
2025-05-24 23:00:51 - sentiment_analysis        - INFO - 69.608s - Chunk 142 processed successfully. Processed 1 person events.
2025-05-24 23:00:51 - inconsistency_detection   - INFO - N/A - (Stage 2) Inconsistency analysis for chunk 142 started
2025-05-24 23:00:51 - inconsistency_detection   - INFO - 0.013s - Chunk 142 processed successfully. Processed 1 person events.
2025-05-24 23:00:51 - person_summary            - INFO - N/A - (Stage 2.1) Person attitude analysis for chunk 142 started
2025-05-24 23:00:51 - person_summary            - INFO - N/A - Missing person ID for person_event 1 in chunk 142.
2025-05-24 23:00:51 - person_summary            - INFO - N/A - No sentiment history found for person Gleitz in chunk 142, generating new.
2025-05-24 23:01:03 - event_scoring             - INFO - 52.007s - Successfully calculated event scores
2025-05-24 23:01:03 - event_scoring             - INFO - 52.007s - Chunk 140 processed successfully. Processed 1 general events.
2025-05-24 23:01:06 - sentiment_analysis        - INFO - 54.587s - Successfully got sentiment score
2025-05-24 23:01:06 - sentiment_analysis        - INFO - 54.587s - Chunk 140 processed successfully. Processed 1 person events.
2025-05-24 23:01:06 - inconsistency_detection   - INFO - N/A - (Stage 2) Inconsistency analysis for chunk 140 started
2025-05-24 23:01:06 - inconsistency_detection   - INFO - 0.010s - Chunk 140 processed successfully. Processed 1 person events.
2025-05-24 23:01:06 - person_summary            - INFO - N/A - (Stage 2.1) Person attitude analysis for chunk 140 started
2025-05-24 23:01:06 - person_summary            - INFO - N/A - Missing person ID for person_event 1 in chunk 140.
2025-05-24 23:01:06 - person_summary            - INFO - N/A - No sentiment history found for person Robert Gleitz in chunk 140, generating new.
2025-05-24 23:01:15 - person_summary            - INFO - 53.066s - Successfully got comment
2025-05-24 23:01:15 - person_summary            - INFO - 53.066s - Chunk 141 processed successfully. Processed 1 person events.
2025-05-24 23:01:15 - opinion_scoring           - INFO - N/A - (Stage 3) Opinion scoring for chunk 141 started
2025-05-24 23:01:27 - person_summary            - INFO - 50.882s - Successfully got comment
2025-05-24 23:01:27 - person_summary            - INFO - 50.882s - Chunk 138 processed successfully. Processed 1 person events.
2025-05-24 23:01:27 - opinion_scoring           - INFO - N/A - (Stage 3) Opinion scoring for chunk 138 started
2025-05-24 23:01:37 - person_summary            - INFO - 46.152s - Successfully got comment
2025-05-24 23:01:37 - person_summary            - INFO - 46.153s - Chunk 142 processed successfully. Processed 1 person events.
2025-05-24 23:01:37 - opinion_scoring           - INFO - N/A - (Stage 3) Opinion scoring for chunk 142 started
2025-05-24 23:01:51 - person_summary            - ERROR - N/A - Error in refinement process: 'max_length'. Falling back to truncation.
2025-05-24 23:01:51 - person_summary            - INFO - 45.169s - Successfully got comment
2025-05-24 23:01:51 - person_summary            - INFO - 45.169s - Chunk 140 processed successfully. Processed 1 person events.
2025-05-24 23:01:51 - opinion_scoring           - INFO - N/A - (Stage 3) Opinion scoring for chunk 140 started
2025-05-24 23:02:00 - opinion_scoring           - INFO - 45.287s - Successfully calculated opinion scores
2025-05-24 23:02:00 - opinion_scoring           - INFO - 45.287s - Chunk 141 processed successfully. Processed 1 person events.
2025-05-24 23:02:00 - write_node                - ERROR - N/A - Event scores not saved correctly: Expected 0.85, 0.75, 0.6, 0.7124999999999999 but got 0.85, 0.75, 0.6, 0.7125
2025-05-24 23:02:00 - write_node                - INFO - N/A - (Stage 3) Scores without inconsistency case
2025-05-24 23:02:00 - write_node                - ERROR - N/A - Opinion scores not saved correctly for ID 1: hotness: expected 0.7749999999999999, got 0.775
2025-05-24 23:02:00 - write_node                - INFO - N/A - (Stage 2.1) Summary/attitude full case
2025-05-24 23:02:00 - write_node                - ERROR - N/A - Error processing person event: add_attitude_full() got an unexpected keyword argument 'is_expert_flag'
2025-05-24 23:02:01 - write_node                - INFO - N/A - Chunk 141 marked as processed
2025-05-24 23:02:01 - event_classifier          - INFO - N/A - (Stage 0) Processing chunk 139 started
2025-05-24 23:02:09 - opinion_scoring           - INFO - 42.046s - Successfully calculated opinion scores
2025-05-24 23:02:09 - opinion_scoring           - INFO - 42.046s - Chunk 138 processed successfully. Processed 1 person events.
2025-05-24 23:02:09 - write_node                - ERROR - N/A - Event scores not saved correctly: Expected 1.0, 0.9, 0.6, 0.8099999999999999 but got 1.0, 0.9, 0.6, 0.81
2025-05-24 23:02:09 - write_node                - INFO - N/A - (Stage 3) Scores without inconsistency case
2025-05-24 23:02:09 - write_node                - ERROR - N/A - Opinion scores not saved correctly for ID 2: hotness: expected 0.6549999999999999, got 0.655
2025-05-24 23:02:09 - write_node                - INFO - N/A - (Stage 2.1) Summary/attitude full case
2025-05-24 23:02:09 - write_node                - ERROR - N/A - Error processing person event: add_attitude_full() got an unexpected keyword argument 'is_expert_flag'
2025-05-24 23:02:09 - write_node                - INFO - N/A - Chunk 138 marked as processed
2025-05-24 23:02:10 - event_classifier          - INFO - N/A - (Stage 0) Processing chunk 136 started
2025-05-24 23:02:16 - opinion_scoring           - INFO - 39.721s - Successfully calculated opinion scores
2025-05-24 23:02:16 - opinion_scoring           - INFO - 39.721s - Chunk 142 processed successfully. Processed 1 person events.
2025-05-24 23:02:17 - write_node                - INFO - N/A - (Stage 3) Scores without inconsistency case
2025-05-24 23:02:17 - write_node                - INFO - N/A - (Stage 2.1) Summary/attitude full case
2025-05-24 23:02:17 - write_node                - ERROR - N/A - Error processing person event: add_attitude_full() got an unexpected keyword argument 'is_expert_flag'
2025-05-24 23:02:17 - write_node                - INFO - N/A - Chunk 142 marked as processed
2025-05-24 23:02:17 - event_classifier          - INFO - N/A - (Stage 0) Processing chunk 135 started
2025-05-24 23:02:25 - opinion_scoring           - INFO - 33.911s - Successfully calculated opinion scores
2025-05-24 23:02:25 - opinion_scoring           - INFO - 33.911s - Chunk 140 processed successfully. Processed 1 person events.
2025-05-24 23:02:25 - write_node                - INFO - N/A - (Stage 3) Scores without inconsistency case
2025-05-24 23:02:25 - write_node                - INFO - N/A - (Stage 2.1) Summary/attitude full case
2025-05-24 23:02:25 - write_node                - ERROR - N/A - Error processing person event: add_attitude_full() got an unexpected keyword argument 'is_expert_flag'
2025-05-24 23:02:25 - write_node                - INFO - N/A - Chunk 140 marked as processed
2025-05-24 23:02:25 - event_classifier          - INFO - N/A - (Stage 0) Processing chunk 137 started
2025-05-24 23:02:42 - event_classifier          - WARNING - N/A - Received invalid JSON response: Expecting ',' delimiter: line 9 column 2 (char 299). Attempting to fix...
2025-05-24 23:02:42 - event_classifier          - WARNING - N/A - Failed parsing code block content with substring method
2025-05-24 23:02:42 - event_classifier          - INFO - N/A - Successfully reconstructed JSON with regex field extraction
2025-05-24 23:02:42 - event_classifier          - INFO - 41.053s - Chunk 139 processed, (1) general events, (1) opinions.
2025-05-24 23:02:42 - event_scoring             - INFO - N/A - (Stage 1) Event scoring for chunk 139 started
2025-05-24 23:02:42 - sentiment_analysis        - INFO - N/A - (Stage 1) Sentiment analysis for chunk 139 started
2025-05-24 23:03:03 - event_classifier          - WARNING - N/A - Received invalid JSON response: Expecting ',' delimiter: line 9 column 2 (char 474). Attempting to fix...
2025-05-24 23:03:03 - event_classifier          - WARNING - N/A - Failed parsing code block content with substring method
2025-05-24 23:03:03 - event_classifier          - INFO - N/A - Successfully reconstructed JSON with regex field extraction
2025-05-24 23:03:03 - event_classifier          - INFO - 53.503s - Chunk 136 processed, (1) general events, (1) opinions.
2025-05-24 23:03:03 - event_scoring             - INFO - N/A - (Stage 1) Event scoring for chunk 136 started
2025-05-24 23:03:03 - sentiment_analysis        - INFO - N/A - (Stage 1) Sentiment analysis for chunk 136 started
2025-05-24 23:03:18 - event_classifier          - INFO - 60.844s - Chunk 135 processed, (1) general events, (1) opinions.
2025-05-24 23:03:18 - event_scoring             - INFO - N/A - (Stage 1) Event scoring for chunk 135 started
2025-05-24 23:03:18 - sentiment_analysis        - INFO - N/A - (Stage 1) Sentiment analysis for chunk 135 started
2025-05-24 23:03:44 - event_classifier          - INFO - 78.260s - Chunk 137 processed, (1) general events, (1) opinions.
2025-05-24 23:03:44 - event_scoring             - INFO - N/A - (Stage 1) Event scoring for chunk 137 started
2025-05-24 23:03:44 - sentiment_analysis        - INFO - N/A - (Stage 1) Sentiment analysis for chunk 137 started
2025-05-24 23:03:53 - event_scoring             - INFO - 70.508s - Successfully calculated event scores
2025-05-24 23:03:53 - event_scoring             - INFO - 70.508s - Chunk 139 processed successfully. Processed 1 general events.
2025-05-24 23:03:55 - sentiment_analysis        - INFO - 73.044s - Successfully got sentiment score
2025-05-24 23:03:55 - sentiment_analysis        - INFO - 73.044s - Chunk 139 processed successfully. Processed 1 person events.
2025-05-24 23:03:55 - inconsistency_detection   - INFO - N/A - (Stage 2) Inconsistency analysis for chunk 139 started
2025-05-24 23:03:55 - inconsistency_detection   - INFO - 0.029s - Chunk 139 processed successfully. Processed 1 person events.
2025-05-24 23:03:55 - person_summary            - INFO - N/A - (Stage 2.1) Person attitude analysis for chunk 139 started
2025-05-24 23:03:55 - person_summary            - INFO - N/A - Sentiment history found for person Unspecified in chunk 139.
2025-05-24 23:04:07 - event_scoring             - INFO - 64.151s - Successfully calculated event scores
2025-05-24 23:04:07 - event_scoring             - INFO - 64.151s - Chunk 136 processed successfully. Processed 1 general events.
2025-05-24 23:04:09 - sentiment_analysis        - INFO - 66.413s - Successfully got sentiment score
2025-05-24 23:04:09 - sentiment_analysis        - INFO - 66.413s - Chunk 136 processed successfully. Processed 1 person events.
2025-05-24 23:04:09 - inconsistency_detection   - INFO - N/A - (Stage 2) Inconsistency analysis for chunk 136 started
2025-05-24 23:04:09 - inconsistency_detection   - INFO - 0.012s - Chunk 136 processed successfully. Processed 1 person events.
2025-05-24 23:04:09 - person_summary            - INFO - N/A - (Stage 2.1) Person attitude analysis for chunk 136 started
2025-05-24 23:04:09 - person_summary            - INFO - N/A - Missing person ID for person_event 1 in chunk 136.
2025-05-24 23:04:09 - person_summary            - INFO - N/A - No sentiment history found for person Mark Wolfe in chunk 136, generating new.
2025-05-24 23:04:18 - event_scoring             - INFO - 60.342s - Successfully calculated event scores
2025-05-24 23:04:18 - event_scoring             - INFO - 60.343s - Chunk 135 processed successfully. Processed 1 general events.
2025-05-24 23:04:21 - sentiment_analysis        - INFO - 62.846s - Successfully got sentiment score
2025-05-24 23:04:21 - sentiment_analysis        - INFO - 62.846s - Chunk 135 processed successfully. Processed 1 person events.
2025-05-24 23:04:21 - inconsistency_detection   - INFO - N/A - (Stage 2) Inconsistency analysis for chunk 135 started
2025-05-24 23:04:21 - inconsistency_detection   - INFO - 0.028s - Chunk 135 processed successfully. Processed 1 person events.
2025-05-24 23:04:21 - person_summary            - INFO - N/A - (Stage 2.1) Person attitude analysis for chunk 135 started
2025-05-24 23:04:21 - person_summary            - INFO - N/A - Sentiment history found for person Unspecified in chunk 135.
2025-05-24 23:04:32 - event_scoring             - INFO - 48.208s - Successfully calculated event scores
2025-05-24 23:04:32 - event_scoring             - INFO - 48.208s - Chunk 137 processed successfully. Processed 1 general events.
2025-05-24 23:04:34 - sentiment_analysis        - INFO - 50.786s - Successfully got sentiment score
2025-05-24 23:04:34 - sentiment_analysis        - INFO - 50.786s - Chunk 137 processed successfully. Processed 1 person events.
2025-05-24 23:04:34 - inconsistency_detection   - INFO - N/A - (Stage 2) Inconsistency analysis for chunk 137 started
2025-05-24 23:04:34 - inconsistency_detection   - INFO - 0.011s - Chunk 137 processed successfully. Processed 1 person events.
2025-05-24 23:04:34 - person_summary            - INFO - N/A - (Stage 2.1) Person attitude analysis for chunk 137 started
2025-05-24 23:04:34 - person_summary            - INFO - N/A - Missing person ID for person_event 1 in chunk 137.
2025-05-24 23:04:34 - person_summary            - INFO - N/A - No sentiment history found for person Debbie Stabenow in chunk 137, generating new.
2025-05-24 23:04:43 - person_summary            - INFO - 47.831s - Successfully got comment
2025-05-24 23:04:43 - person_summary            - INFO - 47.863s - Chunk 139 processed successfully. Processed 1 person events.
2025-05-24 23:04:43 - opinion_scoring           - INFO - N/A - (Stage 3) Opinion scoring for chunk 139 started
2025-05-24 23:04:56 - person_summary            - ERROR - N/A - Error in refinement process: 'max_length'. Falling back to truncation.
2025-05-24 23:04:56 - person_summary            - INFO - 46.073s - Successfully got comment
2025-05-24 23:04:56 - person_summary            - INFO - 46.074s - Chunk 136 processed successfully. Processed 1 person events.
2025-05-24 23:04:56 - opinion_scoring           - INFO - N/A - (Stage 3) Opinion scoring for chunk 136 started
2025-05-24 23:05:03 - person_summary            - INFO - 42.130s - Successfully got comment
2025-05-24 23:05:03 - person_summary            - INFO - 42.162s - Chunk 135 processed successfully. Processed 1 person events.
2025-05-24 23:05:03 - opinion_scoring           - INFO - N/A - (Stage 3) Opinion scoring for chunk 135 started
2025-05-24 23:05:14 - person_summary            - INFO - 39.849s - Successfully got comment
2025-05-24 23:05:14 - person_summary            - INFO - 39.850s - Chunk 137 processed successfully. Processed 1 person events.
2025-05-24 23:05:14 - opinion_scoring           - INFO - N/A - (Stage 3) Opinion scoring for chunk 137 started
2025-05-24 23:05:24 - opinion_scoring           - INFO - 40.883s - Successfully calculated opinion scores
2025-05-24 23:05:24 - opinion_scoring           - INFO - 40.883s - Chunk 139 processed successfully. Processed 1 person events.
2025-05-24 23:05:24 - write_node                - INFO - N/A - (Stage 3) Scored case
2025-05-24 23:05:24 - write_node                - ERROR - N/A - Opinion scores not saved correctly for ID 5: hotness: expected 0.7749999999999999, got 0.775
2025-05-24 23:05:24 - write_node                - INFO - N/A - (Stage 2.1) Summary/attitude full case
2025-05-24 23:05:24 - write_node                - ERROR - N/A - Error processing person event: add_attitude_full() got an unexpected keyword argument 'is_expert_flag'
2025-05-24 23:05:24 - write_node                - INFO - N/A - Chunk 139 marked as processed
2025-05-24 23:05:25 - event_classifier          - INFO - N/A - (Stage 0) Processing chunk 134 started
2025-05-24 23:05:32 - opinion_scoring           - INFO - 36.363s - Successfully calculated opinion scores
2025-05-24 23:05:32 - opinion_scoring           - INFO - 36.363s - Chunk 136 processed successfully. Processed 1 person events.
2025-05-24 23:05:32 - write_node                - INFO - N/A - (Stage 3) Scores without inconsistency case
2025-05-24 23:05:32 - write_node                - INFO - N/A - (Stage 2.1) Summary/attitude full case
2025-05-24 23:05:32 - write_node                - ERROR - N/A - Error processing person event: add_attitude_full() got an unexpected keyword argument 'is_expert_flag'
2025-05-24 23:05:32 - write_node                - INFO - N/A - Chunk 136 marked as processed
2025-05-24 23:05:33 - event_classifier          - INFO - N/A - (Stage 0) Processing chunk 133 started
2025-05-24 23:05:40 - opinion_scoring           - INFO - 36.499s - Successfully calculated opinion scores
2025-05-24 23:05:40 - opinion_scoring           - INFO - 36.499s - Chunk 135 processed successfully. Processed 1 person events.
2025-05-24 23:05:40 - write_node                - INFO - N/A - (Stage 3) Scored case
2025-05-24 23:05:40 - write_node                - INFO - N/A - (Stage 2.1) Summary/attitude full case
2025-05-24 23:05:40 - write_node                - ERROR - N/A - Error processing person event: add_attitude_full() got an unexpected keyword argument 'is_expert_flag'
2025-05-24 23:05:40 - write_node                - INFO - N/A - Chunk 135 marked as processed
2025-05-24 23:05:40 - event_classifier          - INFO - N/A - (Stage 0) Processing chunk 128 started
2025-05-24 23:05:48 - opinion_scoring           - INFO - 33.352s - Successfully calculated opinion scores
2025-05-24 23:05:48 - opinion_scoring           - INFO - 33.352s - Chunk 137 processed successfully. Processed 1 person events.
2025-05-24 23:05:48 - write_node                - INFO - N/A - (Stage 3) Scores without inconsistency case
2025-05-24 23:05:48 - write_node                - INFO - N/A - (Stage 2.1) Summary/attitude full case
2025-05-24 23:05:48 - write_node                - ERROR - N/A - Error processing person event: add_attitude_full() got an unexpected keyword argument 'is_expert_flag'
2025-05-24 23:05:48 - write_node                - INFO - N/A - Chunk 137 marked as processed
2025-05-24 23:05:48 - event_classifier          - INFO - N/A - (Stage 0) Processing chunk 129 started
2025-05-24 23:06:15 - event_classifier          - INFO - 50.241s - Chunk 134 processed, (1) general events, (1) opinions.
2025-05-24 23:06:15 - event_scoring             - INFO - N/A - (Stage 1) Event scoring for chunk 134 started
2025-05-24 23:06:15 - sentiment_analysis        - INFO - N/A - (Stage 1) Sentiment analysis for chunk 134 started
2025-05-24 23:06:40 - event_classifier          - WARNING - N/A - Received invalid JSON response: Expecting ',' delimiter: line 9 column 2 (char 469). Attempting to fix...
2025-05-24 23:06:40 - event_classifier          - WARNING - N/A - Failed parsing code block content with substring method
2025-05-24 23:06:40 - event_classifier          - WARNING - N/A - Failed to extract with regex: Unterminated string starting at: line 1 column 226 (char 225)
2025-05-24 23:06:40 - event_classifier          - INFO - 67.146s - Chunk 133 processed, (1) general events, (1) opinions.
2025-05-24 23:06:40 - event_scoring             - INFO - N/A - (Stage 1) Event scoring for chunk 133 started
2025-05-24 23:06:40 - sentiment_analysis        - INFO - N/A - (Stage 1) Sentiment analysis for chunk 133 started
2025-05-24 23:06:59 - event_classifier          - INFO - 79.213s - Chunk 128 processed, (1) general events, (1) opinions.
2025-05-24 23:06:59 - event_scoring             - INFO - N/A - (Stage 1) Event scoring for chunk 128 started
2025-05-24 23:06:59 - sentiment_analysis        - INFO - N/A - (Stage 1) Sentiment analysis for chunk 128 started
2025-05-24 23:07:37 - event_scoring             - INFO - 81.720s - Successfully calculated event scores
2025-05-24 23:07:37 - event_scoring             - INFO - 81.720s - Chunk 134 processed successfully. Processed 1 general events.
2025-05-24 23:07:39 - sentiment_analysis        - INFO - 84.148s - Successfully got sentiment score
2025-05-24 23:07:39 - sentiment_analysis        - INFO - 84.148s - Chunk 134 processed successfully. Processed 1 person events.
2025-05-24 23:07:39 - inconsistency_detection   - INFO - N/A - (Stage 2) Inconsistency analysis for chunk 134 started
2025-05-24 23:07:39 - inconsistency_detection   - INFO - 0.012s - Chunk 134 processed successfully. Processed 1 person events.
2025-05-24 23:07:39 - person_summary            - INFO - N/A - (Stage 2.1) Person attitude analysis for chunk 134 started
2025-05-24 23:07:39 - person_summary            - INFO - N/A - Missing person ID for person_event 1 in chunk 134.
2025-05-24 23:07:39 - person_summary            - INFO - N/A - No sentiment history found for person Dr. Wayne Martindale in chunk 134, generating new.
2025-05-24 23:07:51 - event_scoring             - INFO - 70.800s - Successfully calculated event scores
2025-05-24 23:07:51 - event_scoring             - INFO - 70.800s - Chunk 133 processed successfully. Processed 1 general events.
2025-05-24 23:07:53 - sentiment_analysis        - INFO - 73.078s - Successfully got sentiment score
2025-05-24 23:07:53 - sentiment_analysis        - INFO - 73.078s - Chunk 133 processed successfully. Processed 1 person events.
2025-05-24 23:07:53 - inconsistency_detection   - INFO - N/A - (Stage 2) Inconsistency analysis for chunk 133 started
2025-05-24 23:07:53 - inconsistency_detection   - INFO - 0.012s - Chunk 133 processed successfully. Processed 1 person events.
2025-05-24 23:07:53 - person_summary            - INFO - N/A - (Stage 2.1) Person attitude analysis for chunk 133 started
2025-05-24 23:07:53 - person_summary            - INFO - N/A - Missing person ID for person_event 1 in chunk 133.
2025-05-24 23:07:53 - person_summary            - INFO - N/A - No sentiment history found for person Arina Shokouhi in chunk 133, generating new.
2025-05-24 23:08:03 - event_scoring             - INFO - 64.019s - Successfully calculated event scores
2025-05-24 23:08:03 - event_scoring             - INFO - 64.019s - Chunk 128 processed successfully. Processed 1 general events.
2025-05-24 23:08:06 - sentiment_analysis        - INFO - 66.285s - Successfully got sentiment score
2025-05-24 23:08:06 - sentiment_analysis        - INFO - 66.285s - Chunk 128 processed successfully. Processed 1 person events.
2025-05-24 23:08:06 - inconsistency_detection   - INFO - N/A - (Stage 2) Inconsistency analysis for chunk 128 started
2025-05-24 23:08:26 - event_classifier          - INFO - 157.778s - Chunk 129 processed, (1) general events, (1) opinions.
2025-05-24 23:08:26 - event_scoring             - INFO - N/A - (Stage 1) Event scoring for chunk 129 started
2025-05-24 23:08:26 - sentiment_analysis        - INFO - N/A - (Stage 1) Sentiment analysis for chunk 129 started
2025-05-24 23:08:37 - person_summary            - INFO - 58.411s - Successfully got comment
2025-05-24 23:08:37 - person_summary            - INFO - 58.412s - Chunk 134 processed successfully. Processed 1 person events.
2025-05-24 23:08:37 - opinion_scoring           - INFO - N/A - (Stage 3) Opinion scoring for chunk 134 started
2025-05-24 23:08:51 - person_summary            - INFO - 57.599s - Successfully got comment
2025-05-24 23:08:51 - person_summary            - INFO - 57.600s - Chunk 133 processed successfully. Processed 1 person events.
2025-05-24 23:08:51 - opinion_scoring           - INFO - N/A - (Stage 3) Opinion scoring for chunk 133 started
2025-05-24 23:08:58 - inconsistency_detection   - INFO - 51.935s - Successfully got comment
2025-05-24 23:08:58 - inconsistency_detection   - INFO - 51.978s - Chunk 128 processed successfully. Processed 1 person events.
2025-05-24 23:08:58 - person_summary            - INFO - N/A - (Stage 2.1) Person attitude analysis for chunk 128 started
2025-05-24 23:08:58 - person_summary            - INFO - N/A - Sentiment history found for person Unspecified in chunk 128.
2025-05-24 23:09:09 - event_scoring             - INFO - 42.966s - Successfully calculated event scores
2025-05-24 23:09:09 - event_scoring             - INFO - 42.967s - Chunk 129 processed successfully. Processed 1 general events.
2025-05-24 23:09:12 - sentiment_analysis        - INFO - 45.554s - Successfully got sentiment score
2025-05-24 23:09:12 - sentiment_analysis        - INFO - 45.554s - Chunk 129 processed successfully. Processed 1 person events.
2025-05-24 23:09:12 - inconsistency_detection   - INFO - N/A - (Stage 2) Inconsistency analysis for chunk 129 started
2025-05-24 23:09:12 - inconsistency_detection   - INFO - 0.010s - Chunk 129 processed successfully. Processed 1 person events.
2025-05-24 23:09:12 - person_summary            - INFO - N/A - (Stage 2.1) Person attitude analysis for chunk 129 started
2025-05-24 23:09:12 - person_summary            - INFO - N/A - Missing person ID for person_event 1 in chunk 129.
2025-05-24 23:09:12 - person_summary            - INFO - N/A - No sentiment history found for person Dr. Loren R. Oki in chunk 129, generating new.
2025-05-24 23:09:21 - opinion_scoring           - INFO - 43.540s - Successfully calculated opinion scores
2025-05-24 23:09:21 - opinion_scoring           - INFO - 43.540s - Chunk 134 processed successfully. Processed 1 person events.
2025-05-24 23:09:21 - write_node                - INFO - N/A - (Stage 3) Scores without inconsistency case
2025-05-24 23:09:21 - write_node                - INFO - N/A - (Stage 2.1) Summary/attitude full case
2025-05-24 23:09:21 - write_node                - ERROR - N/A - Error processing person event: add_attitude_full() got an unexpected keyword argument 'is_expert_flag'
2025-05-24 23:09:21 - write_node                - INFO - N/A - Chunk 134 marked as processed
2025-05-24 23:09:22 - event_classifier          - INFO - N/A - (Stage 0) Processing chunk 130 started
2025-05-24 23:09:29 - opinion_scoring           - INFO - 38.556s - Successfully calculated opinion scores
2025-05-24 23:09:29 - opinion_scoring           - INFO - 38.556s - Chunk 133 processed successfully. Processed 1 person events.
2025-05-24 23:09:29 - write_node                - INFO - N/A - (Stage 3) Scores without inconsistency case
2025-05-24 23:09:29 - write_node                - INFO - N/A - (Stage 2.1) Summary/attitude full case
2025-05-24 23:09:29 - write_node                - ERROR - N/A - Error processing person event: add_attitude_full() got an unexpected keyword argument 'is_expert_flag'
2025-05-24 23:09:29 - write_node                - INFO - N/A - Chunk 133 marked as processed
2025-05-24 23:09:30 - event_classifier          - INFO - N/A - (Stage 0) Processing chunk 131 started
2025-05-24 23:09:42 - person_summary            - INFO - 44.023s - Successfully got comment
2025-05-24 23:09:42 - person_summary            - INFO - 44.053s - Chunk 128 processed successfully. Processed 1 person events.
2025-05-24 23:09:42 - opinion_scoring           - INFO - N/A - (Stage 3) Opinion scoring for chunk 128 started
2025-05-24 23:20:55 - main                      - INFO - N/A - Starting LangGraph with parallel processing
2025-05-24 23:20:55 - event_classifier          - INFO - N/A - (Stage 0) Processing chunk 130 started
2025-05-24 23:20:55 - event_classifier          - INFO - N/A - (Stage 0) Processing chunk 129 started
2025-05-24 23:20:55 - event_classifier          - INFO - N/A - (Stage 0) Processing chunk 131 started
2025-05-24 23:20:55 - event_classifier          - INFO - N/A - (Stage 0) Processing chunk 128 started
2025-05-24 23:21:15 - event_classifier          - INFO - 20.020s - Chunk 130 processed, (1) general events, (1) opinions.
2025-05-24 23:21:15 - sentiment_analysis        - INFO - N/A - (Stage 1) Sentiment analysis for chunk 130 started
2025-05-24 23:21:28 - event_classifier          - WARNING - N/A - Received invalid JSON response: Expecting ',' delimiter: line 9 column 2 (char 322). Attempting to fix...
2025-05-24 23:21:28 - event_classifier          - WARNING - N/A - Failed parsing code block content with substring method
2025-05-24 23:21:28 - event_classifier          - WARNING - N/A - Failed to extract with regex: Unterminated string starting at: line 1 column 200 (char 199)
2025-05-24 23:21:28 - event_classifier          - INFO - 33.030s - Chunk 131 processed, (1) general events, (1) opinions.
2025-05-24 23:21:28 - event_scoring             - INFO - N/A - (Stage 1) Event scoring for chunk 131 started
2025-05-24 23:21:28 - sentiment_analysis        - INFO - N/A - (Stage 1) Sentiment analysis for chunk 131 started
2025-05-24 23:21:45 - event_classifier          - INFO - 49.732s - Chunk 128 processed, (1) general events, (1) opinions.
2025-05-24 23:21:45 - event_scoring             - INFO - N/A - (Stage 1) Event scoring for chunk 128 started
2025-05-24 23:21:45 - sentiment_analysis        - INFO - N/A - (Stage 1) Sentiment analysis for chunk 128 started
2025-05-24 23:22:16 - event_scoring             - INFO - 60.784s - Successfully calculated event scores
2025-05-24 23:22:16 - event_scoring             - INFO - 60.784s - Chunk 130 processed successfully. Processed 1 general events.
2025-05-24 23:22:18 - sentiment_analysis        - INFO - 62.536s - Successfully got sentiment score
2025-05-24 23:22:18 - sentiment_analysis        - INFO - 62.536s - Chunk 130 processed successfully. Processed 1 person events.
2025-05-24 23:22:18 - inconsistency_detection   - INFO - N/A - (Stage 2) Inconsistency analysis for chunk 130 started
2025-05-24 23:22:18 - inconsistency_detection   - INFO - 0.056s - Chunk 130 processed successfully. Processed 1 person events.
2025-05-24 23:22:18 - person_summary            - INFO - N/A - (Stage 2.1) Person attitude analysis for chunk 130 started
2025-05-24 23:22:18 - person_summary            - INFO - N/A - Missing person ID for person_event 1 in chunk 130.
2025-05-24 23:22:18 - person_summary            - INFO - N/A - No sentiment history found for person Andreas Szankay in chunk 130, generating new.
2025-05-24 23:22:25 - event_scoring             - INFO - 56.570s - Successfully calculated event scores
2025-05-24 23:22:25 - event_scoring             - INFO - 56.570s - Chunk 131 processed successfully. Processed 1 general events.
2025-05-24 23:22:26 - sentiment_analysis        - INFO - 58.321s - Successfully got sentiment score
2025-05-24 23:22:26 - sentiment_analysis        - INFO - 58.322s - Chunk 131 processed successfully. Processed 1 person events.
2025-05-24 23:22:26 - inconsistency_detection   - INFO - N/A - (Stage 2) Inconsistency analysis for chunk 131 started
2025-05-24 23:22:27 - inconsistency_detection   - INFO - 0.014s - Chunk 131 processed successfully. Processed 1 person events.
2025-05-24 23:22:27 - person_summary            - INFO - N/A - (Stage 2.1) Person attitude analysis for chunk 131 started
2025-05-24 23:22:27 - person_summary            - INFO - N/A - Missing person ID for person_event 1 in chunk 131.
2025-05-24 23:22:27 - person_summary            - INFO - N/A - No sentiment history found for person Bidwell in chunk 131, generating new.
2025-05-24 23:22:35 - event_scoring             - INFO - 50.414s - Successfully calculated event scores
2025-05-24 23:22:35 - event_scoring             - INFO - 50.414s - Chunk 128 processed successfully. Processed 1 general events.
2025-05-24 23:22:37 - sentiment_analysis        - INFO - 52.203s - Successfully got sentiment score
2025-05-24 23:22:37 - sentiment_analysis        - INFO - 52.204s - Chunk 128 processed successfully. Processed 1 person events.
2025-05-24 23:22:37 - inconsistency_detection   - INFO - N/A - (Stage 2) Inconsistency analysis for chunk 128 started
2025-05-24 23:22:59 - event_classifier          - INFO - 123.445s - Chunk 129 processed, (1) general events, (1) opinions.
2025-05-24 23:22:59 - event_scoring             - INFO - N/A - (Stage 1) Event scoring for chunk 129 started
2025-05-24 23:22:59 - sentiment_analysis        - INFO - N/A - (Stage 1) Sentiment analysis for chunk 129 started
2025-05-24 23:23:10 - person_summary            - ERROR - N/A - Error in refinement process: 'max_length'. Falling back to truncation.
2025-05-24 23:23:10 - person_summary            - INFO - 52.441s - Successfully got comment
2025-05-24 23:23:10 - person_summary            - INFO - 52.443s - Chunk 130 processed successfully. Processed 1 person events.
2025-05-24 23:23:10 - opinion_scoring           - INFO - N/A - (Stage 3) Opinion scoring for chunk 130 started
2025-05-24 23:23:15 - person_summary            - INFO - 48.139s - Successfully got comment
2025-05-24 23:23:15 - person_summary            - INFO - 48.139s - Chunk 131 processed successfully. Processed 1 person events.
2025-05-24 23:23:15 - opinion_scoring           - INFO - N/A - (Stage 3) Opinion scoring for chunk 131 started
2025-05-24 23:23:20 - inconsistency_detection   - INFO - 42.798s - Successfully got comment
2025-05-24 23:23:20 - inconsistency_detection   - INFO - 42.948s - Chunk 128 processed successfully. Processed 1 person events.
2025-05-24 23:23:20 - person_summary            - INFO - N/A - (Stage 2.1) Person attitude analysis for chunk 128 started
2025-05-24 23:23:20 - person_summary            - INFO - N/A - Sentiment history found for person Unspecified in chunk 128.
2025-05-24 23:23:22 - sentiment_analysis        - INFO - 23.520s - Successfully got sentiment score
2025-05-24 23:23:22 - sentiment_analysis        - INFO - 23.520s - Chunk 129 processed successfully. Processed 1 person events.
2025-05-24 23:23:31 - event_scoring             - INFO - 32.713s - Successfully calculated event scores
2025-05-24 23:23:31 - event_scoring             - INFO - 32.714s - Chunk 129 processed successfully. Processed 1 general events.
2025-05-24 23:23:31 - inconsistency_detection   - INFO - N/A - (Stage 2) Inconsistency analysis for chunk 129 started
2025-05-24 23:23:31 - inconsistency_detection   - INFO - 0.012s - Chunk 129 processed successfully. Processed 1 person events.
2025-05-24 23:23:31 - person_summary            - INFO - N/A - (Stage 2.1) Person attitude analysis for chunk 129 started
2025-05-24 23:23:31 - person_summary            - INFO - N/A - Missing person ID for person_event 1 in chunk 129.
2025-05-24 23:23:31 - person_summary            - INFO - N/A - No sentiment history found for person Dr. Loren R. Oki in chunk 129, generating new.
2025-05-24 23:23:39 - opinion_scoring           - INFO - 28.816s - Successfully calculated opinion scores
2025-05-24 23:23:39 - opinion_scoring           - INFO - 28.816s - Chunk 130 processed successfully. Processed 1 person events.
2025-05-24 23:23:39 - write_node                - INFO - N/A - (Stage 3) Scores without inconsistency case
2025-05-24 23:23:39 - write_node                - INFO - N/A - (Stage 2.1) Summary/attitude full case
2025-05-24 23:23:39 - write_node                - ERROR - N/A - Error processing person event: add_attitude_full() got an unexpected keyword argument 'is_expert_flag'
2025-05-24 23:23:39 - write_node                - INFO - N/A - Chunk 130 marked as processed
2025-05-24 23:23:40 - event_classifier          - INFO - N/A - (Stage 0) Processing chunk 132 started
2025-05-24 23:23:45 - opinion_scoring           - INFO - 30.584s - Successfully calculated opinion scores
2025-05-24 23:23:45 - opinion_scoring           - INFO - 30.584s - Chunk 131 processed successfully. Processed 1 person events.
2025-05-24 23:23:45 - write_node                - INFO - N/A - (Stage 3) Scores without inconsistency case
2025-05-24 23:23:45 - write_node                - INFO - N/A - (Stage 2.1) Summary/attitude full case
2025-05-24 23:23:45 - write_node                - ERROR - N/A - Error processing person event: add_attitude_full() got an unexpected keyword argument 'is_expert_flag'
2025-05-24 23:23:45 - write_node                - INFO - N/A - Chunk 131 marked as processed
2025-05-24 23:23:46 - event_classifier          - INFO - N/A - (Stage 0) Processing chunk 127 started
2025-05-24 23:23:54 - person_summary            - INFO - 34.017s - Successfully got comment
2025-05-24 23:23:54 - person_summary            - INFO - 34.073s - Chunk 128 processed successfully. Processed 1 person events.
2025-05-24 23:23:54 - opinion_scoring           - INFO - N/A - (Stage 3) Opinion scoring for chunk 128 started
2025-05-24 23:24:02 - person_summary            - INFO - 30.883s - Successfully got comment
2025-05-24 23:24:02 - person_summary            - INFO - 30.884s - Chunk 129 processed successfully. Processed 1 person events.
2025-05-24 23:24:02 - opinion_scoring           - INFO - N/A - (Stage 3) Opinion scoring for chunk 129 started
2025-05-24 23:24:19 - event_classifier          - WARNING - N/A - Received invalid JSON response: Expecting ',' delimiter: line 9 column 2 (char 308). Attempting to fix...
2025-05-24 23:24:19 - event_classifier          - WARNING - N/A - Failed parsing code block content with substring method
2025-05-24 23:24:19 - event_classifier          - WARNING - N/A - Failed to extract with regex: Unterminated string starting at: line 1 column 210 (char 209)
2025-05-24 23:24:19 - event_classifier          - INFO - 39.004s - Chunk 132 processed, (1) general events, (1) opinions.
2025-05-24 23:24:19 - event_scoring             - INFO - N/A - (Stage 1) Event scoring for chunk 132 started
2025-05-24 23:24:19 - sentiment_analysis        - INFO - N/A - (Stage 1) Sentiment analysis for chunk 132 started
2025-05-24 23:24:34 - event_classifier          - INFO - 48.329s - Chunk 127 processed, (1) general events, (1) opinions.
2025-05-24 23:24:34 - event_scoring             - INFO - N/A - (Stage 1) Event scoring for chunk 127 started
2025-05-24 23:24:34 - sentiment_analysis        - INFO - N/A - (Stage 1) Sentiment analysis for chunk 127 started
2025-05-24 23:24:43 - opinion_scoring           - INFO - 48.414s - Successfully calculated opinion scores
2025-05-24 23:24:43 - opinion_scoring           - INFO - 48.414s - Chunk 128 processed successfully. Processed 1 person events.
2025-05-24 23:24:43 - write_node                - INFO - N/A - (Stage 3) Scored case
2025-05-24 23:24:43 - write_node                - INFO - N/A - (Stage 2.1) Summary/attitude full case
2025-05-24 23:24:43 - write_node                - ERROR - N/A - Error processing person event: add_attitude_full() got an unexpected keyword argument 'is_expert_flag'
2025-05-24 23:24:43 - write_node                - INFO - N/A - Chunk 128 marked as processed
2025-05-24 23:24:43 - event_classifier          - INFO - N/A - (Stage 0) Processing chunk 126 started
2025-05-24 23:24:49 - opinion_scoring           - INFO - 46.664s - Successfully calculated opinion scores
2025-05-24 23:24:49 - opinion_scoring           - INFO - 46.664s - Chunk 129 processed successfully. Processed 1 person events.
2025-05-24 23:24:49 - write_node                - INFO - N/A - (Stage 3) Scores without inconsistency case
2025-05-24 23:24:49 - write_node                - INFO - N/A - (Stage 2.1) Summary/attitude full case
2025-05-24 23:24:49 - write_node                - ERROR - N/A - Error processing person event: add_attitude_full() got an unexpected keyword argument 'is_expert_flag'
2025-05-24 23:24:49 - write_node                - INFO - N/A - Chunk 129 marked as processed
2025-05-24 23:24:50 - event_classifier          - INFO - N/A - (Stage 0) Processing chunk 125 started
2025-05-24 23:24:58 - event_scoring             - INFO - 39.436s - Successfully calculated event scores
2025-05-24 23:24:58 - event_scoring             - INFO - 39.436s - Chunk 132 processed successfully. Processed 1 general events.
2025-05-24 23:25:00 - sentiment_analysis        - INFO - 41.482s - Successfully got sentiment score
2025-05-24 23:25:00 - sentiment_analysis        - INFO - 41.482s - Chunk 132 processed successfully. Processed 1 person events.
2025-05-24 23:25:00 - inconsistency_detection   - INFO - N/A - (Stage 2) Inconsistency analysis for chunk 132 started
2025-05-24 23:25:07 - event_scoring             - INFO - 33.117s - Successfully calculated event scores
2025-05-24 23:25:07 - event_scoring             - INFO - 33.117s - Chunk 127 processed successfully. Processed 1 general events.
2025-05-24 23:25:09 - sentiment_analysis        - INFO - 35.041s - Successfully got sentiment score
2025-05-24 23:25:09 - sentiment_analysis        - INFO - 35.041s - Chunk 127 processed successfully. Processed 1 person events.
2025-05-24 23:25:09 - inconsistency_detection   - INFO - N/A - (Stage 2) Inconsistency analysis for chunk 127 started
2025-05-24 23:25:09 - inconsistency_detection   - INFO - 0.012s - Chunk 127 processed successfully. Processed 1 person events.
2025-05-24 23:25:09 - person_summary            - INFO - N/A - (Stage 2.1) Person attitude analysis for chunk 127 started
2025-05-24 23:25:09 - person_summary            - INFO - N/A - Missing person ID for person_event 1 in chunk 127.
2025-05-24 23:25:09 - person_summary            - INFO - N/A - No sentiment history found for person Kenyan Minister in chunk 127, generating new.
2025-05-24 23:25:27 - event_classifier          - INFO - 44.133s - Chunk 126 processed, (1) general events, (1) opinions.
2025-05-24 23:25:27 - event_scoring             - INFO - N/A - (Stage 1) Event scoring for chunk 126 started
2025-05-24 23:25:27 - sentiment_analysis        - INFO - N/A - (Stage 1) Sentiment analysis for chunk 126 started
2025-05-24 23:25:45 - event_classifier          - INFO - 54.991s - Chunk 125 processed, (1) general events, (1) opinions.
2025-05-24 23:25:45 - event_scoring             - INFO - N/A - (Stage 1) Event scoring for chunk 125 started
2025-05-24 23:25:45 - sentiment_analysis        - INFO - N/A - (Stage 1) Sentiment analysis for chunk 125 started
2025-05-24 23:25:49 - inconsistency_detection   - INFO - 49.063s - Successfully got comment
2025-05-24 23:25:49 - inconsistency_detection   - INFO - 49.096s - Chunk 132 processed successfully. Processed 1 person events.
2025-05-24 23:25:49 - person_summary            - INFO - N/A - (Stage 2.1) Person attitude analysis for chunk 132 started
2025-05-24 23:25:49 - person_summary            - INFO - N/A - Sentiment history found for person Bidwell in chunk 132.
2025-05-24 23:25:56 - person_summary            - INFO - 46.613s - Successfully got comment
2025-05-24 23:25:56 - person_summary            - INFO - 46.614s - Chunk 127 processed successfully. Processed 1 person events.
2025-05-24 23:25:56 - opinion_scoring           - INFO - N/A - (Stage 3) Opinion scoring for chunk 127 started
2025-05-24 23:26:05 - event_scoring             - INFO - 37.853s - Successfully calculated event scores
2025-05-24 23:26:05 - event_scoring             - INFO - 37.853s - Chunk 126 processed successfully. Processed 1 general events.
2025-05-24 23:26:07 - sentiment_analysis        - INFO - 39.651s - Successfully got sentiment score
2025-05-24 23:26:07 - sentiment_analysis        - INFO - 39.651s - Chunk 126 processed successfully. Processed 1 person events.
2025-05-24 23:26:07 - inconsistency_detection   - INFO - N/A - (Stage 2) Inconsistency analysis for chunk 126 started
2025-05-24 23:26:07 - inconsistency_detection   - INFO - 0.011s - Chunk 126 processed successfully. Processed 1 person events.
2025-05-24 23:26:07 - person_summary            - INFO - N/A - (Stage 2.1) Person attitude analysis for chunk 126 started
2025-05-24 23:26:07 - person_summary            - INFO - N/A - Missing person ID for person_event 1 in chunk 126.
2025-05-24 23:26:07 - person_summary            - INFO - N/A - No sentiment history found for person Helena Geingos in chunk 126, generating new.
2025-05-24 23:26:08 - sentiment_analysis        - INFO - 23.727s - Successfully got sentiment score
2025-05-24 23:26:08 - sentiment_analysis        - INFO - 23.727s - Chunk 125 processed successfully. Processed 1 person events.
2025-05-24 23:26:17 - event_scoring             - INFO - 32.529s - Successfully calculated event scores
2025-05-24 23:26:17 - event_scoring             - INFO - 32.529s - Chunk 125 processed successfully. Processed 1 general events.
2025-05-24 23:26:17 - inconsistency_detection   - INFO - N/A - (Stage 2) Inconsistency analysis for chunk 125 started
2025-05-24 23:26:17 - inconsistency_detection   - INFO - 0.012s - Chunk 125 processed successfully. Processed 1 person events.
2025-05-24 23:26:17 - person_summary            - INFO - N/A - (Stage 2.1) Person attitude analysis for chunk 125 started
2025-05-24 23:26:17 - person_summary            - INFO - N/A - Missing person ID for person_event 1 in chunk 125.
2025-05-24 23:26:17 - person_summary            - INFO - N/A - No sentiment history found for person Monica Geingos in chunk 125, generating new.
2025-05-24 23:26:27 - person_summary            - INFO - 37.443s - Successfully got comment
2025-05-24 23:26:27 - person_summary            - INFO - 37.473s - Chunk 132 processed successfully. Processed 1 person events.
2025-05-24 23:26:27 - opinion_scoring           - INFO - N/A - (Stage 3) Opinion scoring for chunk 132 started
2025-05-24 23:26:35 - opinion_scoring           - INFO - 38.571s - Successfully calculated opinion scores
2025-05-24 23:26:35 - opinion_scoring           - INFO - 38.572s - Chunk 127 processed successfully. Processed 1 person events.
2025-05-24 23:26:35 - write_node                - INFO - N/A - (Stage 3) Scores without inconsistency case
2025-05-24 23:26:35 - write_node                - INFO - N/A - (Stage 2.1) Summary/attitude full case
2025-05-24 23:26:35 - write_node                - ERROR - N/A - Error processing person event: add_attitude_full() got an unexpected keyword argument 'is_expert_flag'
2025-05-24 23:26:35 - write_node                - INFO - N/A - Chunk 127 marked as processed
2025-05-24 23:26:35 - event_classifier          - INFO - N/A - (Stage 0) Processing chunk 124 started
2025-05-24 23:26:46 - person_summary            - ERROR - N/A - Error in refinement process: 'max_length'. Falling back to truncation.
2025-05-24 23:26:46 - person_summary            - INFO - 39.410s - Successfully got comment
2025-05-24 23:26:46 - person_summary            - INFO - 39.411s - Chunk 126 processed successfully. Processed 1 person events.
2025-05-24 23:26:46 - opinion_scoring           - INFO - N/A - (Stage 3) Opinion scoring for chunk 126 started
2025-05-24 23:26:56 - person_summary            - INFO - 38.629s - Successfully got comment
2025-05-24 23:26:56 - person_summary            - INFO - 38.630s - Chunk 125 processed successfully. Processed 1 person events.
2025-05-24 23:26:56 - opinion_scoring           - INFO - N/A - (Stage 3) Opinion scoring for chunk 125 started
2025-05-24 23:27:04 - opinion_scoring           - INFO - 36.739s - Successfully calculated opinion scores
2025-05-24 23:27:04 - opinion_scoring           - INFO - 36.739s - Chunk 132 processed successfully. Processed 1 person events.
2025-05-24 23:27:04 - write_node                - INFO - N/A - (Stage 3) Scored case
2025-05-24 23:27:04 - write_node                - INFO - N/A - (Stage 2.1) Summary/attitude full case
2025-05-24 23:27:04 - write_node                - ERROR - N/A - Error processing person event: add_attitude_full() got an unexpected keyword argument 'is_expert_flag'
2025-05-24 23:27:04 - write_node                - INFO - N/A - Chunk 132 marked as processed
2025-05-24 23:27:04 - event_classifier          - INFO - N/A - (Stage 0) Processing chunk 123 started
2025-05-24 23:27:24 - event_classifier          - WARNING - N/A - Received invalid JSON response: Expecting ',' delimiter: line 9 column 2 (char 470). Attempting to fix...
2025-05-24 23:27:24 - event_classifier          - WARNING - N/A - Failed parsing code block content with substring method
2025-05-24 23:27:24 - event_classifier          - INFO - N/A - Successfully reconstructed JSON with regex field extraction
2025-05-24 23:27:24 - event_classifier          - INFO - 48.633s - Chunk 124 processed, (1) general events, (1) opinions.
2025-05-24 23:27:24 - event_scoring             - INFO - N/A - (Stage 1) Event scoring for chunk 124 started
2025-05-24 23:27:24 - sentiment_analysis        - INFO - N/A - (Stage 1) Sentiment analysis for chunk 124 started
2025-05-24 23:27:32 - opinion_scoring           - INFO - 45.242s - Successfully calculated opinion scores
2025-05-24 23:27:32 - opinion_scoring           - INFO - 45.242s - Chunk 126 processed successfully. Processed 1 person events.
2025-05-24 23:27:32 - write_node                - INFO - N/A - (Stage 3) Scores without inconsistency case
2025-05-24 23:27:32 - write_node                - INFO - N/A - (Stage 2.1) Summary/attitude full case
2025-05-24 23:27:32 - write_node                - ERROR - N/A - Error processing person event: add_attitude_full() got an unexpected keyword argument 'is_expert_flag'
2025-05-24 23:27:32 - write_node                - INFO - N/A - Chunk 126 marked as processed
2025-05-24 23:27:32 - event_classifier          - INFO - N/A - (Stage 0) Processing chunk 122 started
2025-05-24 23:27:38 - opinion_scoring           - INFO - 42.541s - Successfully calculated opinion scores
2025-05-24 23:27:38 - opinion_scoring           - INFO - 42.541s - Chunk 125 processed successfully. Processed 1 person events.
2025-05-24 23:27:38 - write_node                - INFO - N/A - (Stage 3) Scores without inconsistency case
2025-05-24 23:27:38 - write_node                - ERROR - N/A - Opinion scores not saved correctly for ID 18: hotness: expected 0.7749999999999999, got 0.775
2025-05-24 23:27:38 - write_node                - INFO - N/A - (Stage 2.1) Summary/attitude full case
2025-05-24 23:27:38 - write_node                - ERROR - N/A - Error processing person event: add_attitude_full() got an unexpected keyword argument 'is_expert_flag'
2025-05-24 23:27:38 - write_node                - INFO - N/A - Chunk 125 marked as processed
2025-05-24 23:27:39 - event_classifier          - INFO - N/A - (Stage 0) Processing chunk 121 started
2025-05-24 23:27:57 - event_classifier          - WARNING - N/A - Received invalid JSON response: Expecting ',' delimiter: line 9 column 2 (char 341). Attempting to fix...
2025-05-24 23:27:57 - event_classifier          - WARNING - N/A - Failed parsing code block content with substring method
2025-05-24 23:27:57 - event_classifier          - INFO - N/A - Successfully reconstructed JSON with regex field extraction
2025-05-24 23:27:57 - event_classifier          - INFO - 52.944s - Chunk 123 processed, (1) general events, (1) opinions.
2025-05-24 23:27:57 - event_scoring             - INFO - N/A - (Stage 1) Event scoring for chunk 123 started
2025-05-24 23:27:57 - sentiment_analysis        - INFO - N/A - (Stage 1) Sentiment analysis for chunk 123 started
2025-05-24 23:28:05 - event_scoring             - INFO - 41.320s - Successfully calculated event scores
2025-05-24 23:28:05 - event_scoring             - INFO - 41.320s - Chunk 124 processed successfully. Processed 1 general events.
2025-05-24 23:28:07 - sentiment_analysis        - INFO - 43.407s - Successfully got sentiment score
2025-05-24 23:28:07 - sentiment_analysis        - INFO - 43.407s - Chunk 124 processed successfully. Processed 1 person events.
2025-05-24 23:28:07 - inconsistency_detection   - INFO - N/A - (Stage 2) Inconsistency analysis for chunk 124 started
2025-05-24 23:28:07 - inconsistency_detection   - INFO - 0.012s - Chunk 124 processed successfully. Processed 1 person events.
2025-05-24 23:28:07 - person_summary            - INFO - N/A - (Stage 2.1) Person attitude analysis for chunk 124 started
2025-05-24 23:28:07 - person_summary            - INFO - N/A - Missing person ID for person_event 1 in chunk 124.
2025-05-24 23:28:07 - person_summary            - INFO - N/A - No sentiment history found for person European Commission in chunk 124, generating new.
2025-05-24 23:28:26 - event_classifier          - INFO - 53.575s - Chunk 122 processed, (1) general events, (1) opinions.
2025-05-24 23:28:26 - event_scoring             - INFO - N/A - (Stage 1) Event scoring for chunk 122 started
2025-05-24 23:28:26 - sentiment_analysis        - INFO - N/A - (Stage 1) Sentiment analysis for chunk 122 started
2025-05-24 23:28:43 - event_classifier          - WARNING - N/A - Received invalid JSON response: Expecting ',' delimiter: line 9 column 2 (char 397). Attempting to fix...
2025-05-24 23:28:43 - event_classifier          - WARNING - N/A - Failed parsing code block content with substring method
2025-05-24 23:28:43 - event_classifier          - INFO - N/A - Successfully reconstructed JSON with regex field extraction
2025-05-24 23:28:43 - event_classifier          - INFO - 63.707s - Chunk 121 processed, (1) general events, (1) opinions.
2025-05-24 23:28:43 - event_scoring             - INFO - N/A - (Stage 1) Event scoring for chunk 121 started
2025-05-24 23:28:43 - sentiment_analysis        - INFO - N/A - (Stage 1) Sentiment analysis for chunk 121 started
2025-05-24 23:28:53 - event_scoring             - INFO - 55.476s - Successfully calculated event scores
2025-05-24 23:28:53 - event_scoring             - INFO - 55.476s - Chunk 123 processed successfully. Processed 1 general events.
2025-05-24 23:28:55 - sentiment_analysis        - INFO - 57.529s - Successfully got sentiment score
2025-05-24 23:28:55 - sentiment_analysis        - INFO - 57.529s - Chunk 123 processed successfully. Processed 1 person events.
2025-05-24 23:28:55 - inconsistency_detection   - INFO - N/A - (Stage 2) Inconsistency analysis for chunk 123 started
2025-05-24 23:28:55 - inconsistency_detection   - INFO - 0.012s - Chunk 123 processed successfully. Processed 1 person events.
2025-05-24 23:28:55 - person_summary            - INFO - N/A - (Stage 2.1) Person attitude analysis for chunk 123 started
2025-05-24 23:28:55 - person_summary            - INFO - N/A - Missing person ID for person_event 1 in chunk 123.
2025-05-24 23:28:55 - person_summary            - INFO - N/A - No sentiment history found for person Chris Rosslowe in chunk 123, generating new.
2025-05-24 23:29:04 - person_summary            - INFO - 57.016s - Successfully got comment
2025-05-24 23:29:04 - person_summary            - INFO - 57.017s - Chunk 124 processed successfully. Processed 1 person events.
2025-05-24 23:29:04 - opinion_scoring           - INFO - N/A - (Stage 3) Opinion scoring for chunk 124 started
2025-05-24 23:29:12 - event_scoring             - INFO - 46.332s - Successfully calculated event scores
2025-05-24 23:29:12 - event_scoring             - INFO - 46.332s - Chunk 122 processed successfully. Processed 1 general events.
2025-05-24 23:29:14 - sentiment_analysis        - INFO - 48.372s - Successfully got sentiment score
2025-05-24 23:29:14 - sentiment_analysis        - INFO - 48.372s - Chunk 122 processed successfully. Processed 1 person events.
2025-05-24 23:29:14 - inconsistency_detection   - INFO - N/A - (Stage 2) Inconsistency analysis for chunk 122 started
2025-05-24 23:29:23 - event_scoring             - INFO - 40.632s - Successfully calculated event scores
2025-05-24 23:29:23 - event_scoring             - INFO - 40.632s - Chunk 121 processed successfully. Processed 1 general events.
2025-05-24 23:29:25 - sentiment_analysis        - INFO - 42.721s - Successfully got sentiment score
2025-05-24 23:29:25 - sentiment_analysis        - INFO - 42.721s - Chunk 121 processed successfully. Processed 1 person events.
2025-05-24 23:29:25 - inconsistency_detection   - INFO - N/A - (Stage 2) Inconsistency analysis for chunk 121 started
2025-05-24 23:29:25 - inconsistency_detection   - INFO - 0.012s - Chunk 121 processed successfully. Processed 1 person events.
2025-05-24 23:29:25 - person_summary            - INFO - N/A - (Stage 2.1) Person attitude analysis for chunk 121 started
2025-05-24 23:29:25 - person_summary            - INFO - N/A - Missing person ID for person_event 1 in chunk 121.
2025-05-24 23:29:25 - person_summary            - INFO - N/A - No sentiment history found for person Fatih Birol in chunk 121, generating new.
2025-05-24 23:29:40 - person_summary            - ERROR - N/A - Error in refinement process: 'max_length'. Falling back to truncation.
2025-05-24 23:29:40 - person_summary            - INFO - 44.890s - Successfully got comment
2025-05-24 23:29:40 - person_summary            - INFO - 44.891s - Chunk 123 processed successfully. Processed 1 person events.
2025-05-24 23:29:40 - opinion_scoring           - INFO - N/A - (Stage 3) Opinion scoring for chunk 123 started
2025-05-24 23:29:48 - opinion_scoring           - INFO - 44.080s - Successfully calculated opinion scores
2025-05-24 23:29:48 - opinion_scoring           - INFO - 44.081s - Chunk 124 processed successfully. Processed 1 person events.
2025-05-24 23:29:48 - write_node                - INFO - N/A - (Stage 3) Scores without inconsistency case
2025-05-24 23:29:49 - write_node                - INFO - N/A - (Stage 2.1) Summary/attitude full case
2025-05-24 23:29:49 - write_node                - ERROR - N/A - Error processing person event: add_attitude_full() got an unexpected keyword argument 'is_expert_flag'
2025-05-24 23:29:49 - write_node                - INFO - N/A - Chunk 124 marked as processed
2025-05-24 23:29:49 - event_classifier          - INFO - N/A - (Stage 0) Processing chunk 120 started
2025-05-24 23:30:04 - person_summary            - INFO - 38.871s - Successfully got comment
2025-05-24 23:30:04 - person_summary            - INFO - 38.871s - Chunk 121 processed successfully. Processed 1 person events.
2025-05-24 23:30:04 - opinion_scoring           - INFO - N/A - (Stage 3) Opinion scoring for chunk 121 started
2025-05-24 23:30:11 - opinion_scoring           - INFO - 31.766s - Successfully calculated opinion scores
2025-05-24 23:30:11 - opinion_scoring           - INFO - 31.767s - Chunk 123 processed successfully. Processed 1 person events.
2025-05-24 23:30:12 - write_node                - INFO - N/A - (Stage 3) Scores without inconsistency case
2025-05-24 23:30:12 - write_node                - ERROR - N/A - Opinion scores not saved correctly for ID 20: hotness: expected 0.6849999999999999, got 0.685
2025-05-24 23:30:12 - write_node                - INFO - N/A - (Stage 2.1) Summary/attitude full case
2025-05-24 23:30:12 - write_node                - ERROR - N/A - Error processing person event: add_attitude_full() got an unexpected keyword argument 'is_expert_flag'
2025-05-24 23:30:12 - write_node                - INFO - N/A - Chunk 123 marked as processed
2025-05-24 23:30:12 - event_classifier          - INFO - N/A - (Stage 0) Processing chunk 117 started
2025-05-24 23:30:29 - event_classifier          - INFO - 39.495s - Chunk 120 processed, (1) general events, (1) opinions.
2025-05-24 23:30:29 - event_scoring             - INFO - N/A - (Stage 1) Event scoring for chunk 120 started
2025-05-24 23:30:29 - sentiment_analysis        - INFO - N/A - (Stage 1) Sentiment analysis for chunk 120 started
2025-05-24 23:30:41 - inconsistency_detection   - INFO - 86.781s - Successfully got comment
2025-05-24 23:30:41 - inconsistency_detection   - INFO - 86.813s - Chunk 122 processed successfully. Processed 1 person events.
2025-05-24 23:30:41 - person_summary            - INFO - N/A - (Stage 2.1) Person attitude analysis for chunk 122 started
2025-05-24 23:30:41 - person_summary            - INFO - N/A - Sentiment history found for person Unspecified in chunk 122.
2025-05-24 23:30:48 - opinion_scoring           - INFO - 43.482s - Successfully calculated opinion scores
2025-05-24 23:30:48 - opinion_scoring           - INFO - 43.483s - Chunk 121 processed successfully. Processed 1 person events.
2025-05-24 23:30:48 - write_node                - INFO - N/A - (Stage 3) Scores without inconsistency case
2025-05-24 23:30:48 - write_node                - ERROR - N/A - Opinion scores not saved correctly for ID 21: hotness: expected 0.7749999999999999, got 0.775
2025-05-24 23:30:48 - write_node                - INFO - N/A - (Stage 2.1) Summary/attitude full case
2025-05-24 23:30:48 - write_node                - ERROR - N/A - Error processing person event: add_attitude_full() got an unexpected keyword argument 'is_expert_flag'
2025-05-24 23:30:48 - write_node                - INFO - N/A - Chunk 121 marked as processed
2025-05-24 23:30:49 - event_classifier          - INFO - N/A - (Stage 0) Processing chunk 118 started
2025-05-24 23:31:04 - event_classifier          - WARNING - N/A - Received invalid JSON response: Expecting ',' delimiter: line 9 column 2 (char 448). Attempting to fix...
2025-05-24 23:31:04 - event_classifier          - WARNING - N/A - Failed parsing code block content with substring method
2025-05-24 23:31:04 - event_classifier          - INFO - N/A - Successfully reconstructed JSON with regex field extraction
2025-05-24 23:31:04 - event_classifier          - INFO - 52.175s - Chunk 117 processed, (1) general events, (1) opinions.
2025-05-24 23:31:04 - event_scoring             - INFO - N/A - (Stage 1) Event scoring for chunk 117 started
2025-05-24 23:31:04 - sentiment_analysis        - INFO - N/A - (Stage 1) Sentiment analysis for chunk 117 started
2025-05-24 23:31:11 - event_scoring             - INFO - 42.034s - Successfully calculated event scores
2025-05-24 23:31:11 - event_scoring             - INFO - 42.034s - Chunk 120 processed successfully. Processed 1 general events.
2025-05-24 23:31:12 - sentiment_analysis        - INFO - 43.676s - Successfully got sentiment score
2025-05-24 23:31:12 - sentiment_analysis        - INFO - 43.676s - Chunk 120 processed successfully. Processed 1 person events.
2025-05-24 23:31:12 - inconsistency_detection   - INFO - N/A - (Stage 2) Inconsistency analysis for chunk 120 started
2025-05-24 23:31:12 - inconsistency_detection   - INFO - 0.012s - Chunk 120 processed successfully. Processed 1 person events.
2025-05-24 23:31:12 - person_summary            - INFO - N/A - (Stage 2.1) Person attitude analysis for chunk 120 started
2025-05-24 23:31:12 - person_summary            - INFO - N/A - Missing person ID for person_event 1 in chunk 120.
2025-05-24 23:31:12 - person_summary            - INFO - N/A - No sentiment history found for person International Energy Agency in chunk 120, generating new.
2025-05-24 23:31:19 - person_summary            - INFO - 38.170s - Successfully got comment
2025-05-24 23:31:19 - person_summary            - INFO - 38.203s - Chunk 122 processed successfully. Processed 1 person events.
2025-05-24 23:31:19 - opinion_scoring           - INFO - N/A - (Stage 3) Opinion scoring for chunk 122 started
2025-05-24 23:31:38 - event_classifier          - INFO - 49.827s - Chunk 118 processed, (1) general events, (1) opinions.
2025-05-24 23:31:38 - event_scoring             - INFO - N/A - (Stage 1) Event scoring for chunk 118 started
2025-05-24 23:31:38 - sentiment_analysis        - INFO - N/A - (Stage 1) Sentiment analysis for chunk 118 started
2025-05-24 23:31:45 - event_scoring             - INFO - 40.920s - Successfully calculated event scores
2025-05-24 23:31:45 - event_scoring             - INFO - 40.920s - Chunk 117 processed successfully. Processed 1 general events.
2025-05-24 23:31:47 - sentiment_analysis        - INFO - 42.563s - Successfully got sentiment score
2025-05-24 23:31:47 - sentiment_analysis        - INFO - 42.563s - Chunk 117 processed successfully. Processed 1 person events.
2025-05-24 23:31:47 - inconsistency_detection   - INFO - N/A - (Stage 2) Inconsistency analysis for chunk 117 started
2025-05-24 23:31:47 - inconsistency_detection   - INFO - 0.013s - Chunk 117 processed successfully. Processed 1 person events.
2025-05-24 23:31:47 - person_summary            - INFO - N/A - (Stage 2.1) Person attitude analysis for chunk 117 started
2025-05-24 23:31:47 - person_summary            - INFO - N/A - Missing person ID for person_event 1 in chunk 117.
2025-05-24 23:31:47 - person_summary            - INFO - N/A - No sentiment history found for person Verner Ayukegba in chunk 117, generating new.
2025-05-24 23:31:55 - person_summary            - INFO - 42.566s - Successfully got comment
2025-05-24 23:31:55 - person_summary            - INFO - 42.566s - Chunk 120 processed successfully. Processed 1 person events.
2025-05-24 23:31:55 - opinion_scoring           - INFO - N/A - (Stage 3) Opinion scoring for chunk 120 started
2025-05-24 23:32:02 - opinion_scoring           - INFO - 42.157s - Successfully calculated opinion scores
2025-05-24 23:32:02 - opinion_scoring           - INFO - 42.157s - Chunk 122 processed successfully. Processed 1 person events.
2025-05-24 23:32:02 - write_node                - INFO - N/A - (Stage 3) Scored case
2025-05-24 23:32:02 - write_node                - ERROR - N/A - Opinion scores not saved correctly for ID 22: hotness: expected 0.6849999999999999, got 0.685
2025-05-24 23:32:02 - write_node                - INFO - N/A - (Stage 2.1) Summary/attitude full case
2025-05-24 23:32:02 - write_node                - ERROR - N/A - Error processing person event: add_attitude_full() got an unexpected keyword argument 'is_expert_flag'
2025-05-24 23:32:02 - write_node                - INFO - N/A - Chunk 122 marked as processed
2025-05-24 23:32:02 - event_classifier          - INFO - N/A - (Stage 0) Processing chunk 119 started
2025-05-24 23:32:09 - event_scoring             - INFO - 30.792s - Successfully calculated event scores
2025-05-24 23:32:09 - event_scoring             - INFO - 30.793s - Chunk 118 processed successfully. Processed 1 general events.
2025-05-24 23:32:11 - sentiment_analysis        - INFO - 32.550s - Successfully got sentiment score
2025-05-24 23:32:11 - sentiment_analysis        - INFO - 32.550s - Chunk 118 processed successfully. Processed 1 person events.
2025-05-24 23:32:11 - inconsistency_detection   - INFO - N/A - (Stage 2) Inconsistency analysis for chunk 118 started
2025-05-24 23:32:11 - inconsistency_detection   - INFO - 0.012s - Chunk 118 processed successfully. Processed 1 person events.
2025-05-24 23:32:11 - person_summary            - INFO - N/A - (Stage 2.1) Person attitude analysis for chunk 118 started
2025-05-24 23:32:11 - person_summary            - INFO - N/A - Missing person ID for person_event 1 in chunk 118.
2025-05-24 23:32:11 - person_summary            - INFO - N/A - No sentiment history found for person Ayukegba in chunk 118, generating new.
2025-05-24 23:32:20 - person_summary            - INFO - 33.222s - Successfully got comment
2025-05-24 23:32:20 - person_summary            - INFO - 33.223s - Chunk 117 processed successfully. Processed 1 person events.
2025-05-24 23:32:20 - opinion_scoring           - INFO - N/A - (Stage 3) Opinion scoring for chunk 117 started
2025-05-24 23:32:27 - opinion_scoring           - INFO - 31.676s - Successfully calculated opinion scores
2025-05-24 23:32:27 - opinion_scoring           - INFO - 31.677s - Chunk 120 processed successfully. Processed 1 person events.
2025-05-24 23:32:27 - write_node                - INFO - N/A - (Stage 3) Scores without inconsistency case
2025-05-24 23:32:27 - write_node                - INFO - N/A - (Stage 2.1) Summary/attitude full case
2025-05-24 23:32:27 - write_node                - ERROR - N/A - Error processing person event: add_attitude_full() got an unexpected keyword argument 'is_expert_flag'
2025-05-24 23:32:27 - write_node                - INFO - N/A - Chunk 120 marked as processed
2025-05-24 23:32:27 - event_classifier          - INFO - N/A - (Stage 0) Processing chunk 115 started
2025-05-24 23:32:42 - event_classifier          - INFO - 40.264s - Chunk 119 processed, (1) general events, (1) opinions.
2025-05-24 23:32:42 - event_scoring             - INFO - N/A - (Stage 1) Event scoring for chunk 119 started
2025-05-24 23:32:43 - sentiment_analysis        - INFO - N/A - (Stage 1) Sentiment analysis for chunk 119 started
2025-05-24 23:32:52 - person_summary            - INFO - 40.756s - Successfully got comment
2025-05-24 23:32:52 - person_summary            - INFO - 40.756s - Chunk 118 processed successfully. Processed 1 person events.
2025-05-24 23:32:52 - opinion_scoring           - INFO - N/A - (Stage 3) Opinion scoring for chunk 118 started
2025-05-24 23:32:58 - opinion_scoring           - INFO - 38.182s - Successfully calculated opinion scores
2025-05-24 23:32:58 - opinion_scoring           - INFO - 38.182s - Chunk 117 processed successfully. Processed 1 person events.
2025-05-24 23:32:58 - write_node                - INFO - N/A - (Stage 3) Scores without inconsistency case
2025-05-24 23:32:59 - write_node                - INFO - N/A - (Stage 2.1) Summary/attitude full case
2025-05-24 23:32:59 - write_node                - ERROR - N/A - Error processing person event: add_attitude_full() got an unexpected keyword argument 'is_expert_flag'
2025-05-24 23:32:59 - write_node                - INFO - N/A - Chunk 117 marked as processed
2025-05-24 23:32:59 - event_classifier          - INFO - N/A - (Stage 0) Processing chunk 116 started
2025-05-24 23:33:23 - event_classifier          - WARNING - N/A - Received invalid JSON response: Expecting ',' delimiter: line 9 column 2 (char 772). Attempting to fix...
2025-05-24 23:33:23 - event_classifier          - WARNING - N/A - Failed parsing code block content with substring method
2025-05-24 23:33:23 - event_classifier          - WARNING - N/A - Failed to extract with regex: Unterminated string starting at: line 1 column 351 (char 350)
2025-05-24 23:33:29 - event_scoring             - INFO - 46.839s - Successfully calculated event scores
2025-05-24 23:33:29 - event_scoring             - INFO - 46.839s - Chunk 119 processed successfully. Processed 1 general events.
2025-05-24 23:33:31 - sentiment_analysis        - INFO - 48.600s - Successfully got sentiment score
2025-05-24 23:33:31 - sentiment_analysis        - INFO - 48.600s - Chunk 119 processed successfully. Processed 1 person events.
2025-05-24 23:33:31 - inconsistency_detection   - INFO - N/A - (Stage 2) Inconsistency analysis for chunk 119 started
2025-05-24 23:33:31 - inconsistency_detection   - INFO - 0.012s - Chunk 119 processed successfully. Processed 1 person events.
2025-05-24 23:33:31 - person_summary            - INFO - N/A - (Stage 2.1) Person attitude analysis for chunk 119 started
2025-05-24 23:33:31 - person_summary            - INFO - N/A - Missing person ID for person_event 1 in chunk 119.
2025-05-24 23:33:31 - person_summary            - INFO - N/A - No sentiment history found for person Ayukegba in chunk 119, generating new.
2025-05-24 23:33:38 - opinion_scoring           - INFO - 46.089s - Successfully calculated opinion scores
2025-05-24 23:33:38 - opinion_scoring           - INFO - 46.105s - Chunk 118 processed successfully. Processed 1 person events.
2025-05-24 23:33:38 - write_node                - ERROR - N/A - Event scores not saved correctly: Expected 0.8, 0.7, 0.6, 0.6799999999999999 but got 0.8, 0.7, 0.6, 0.68
2025-05-24 23:33:38 - write_node                - INFO - N/A - (Stage 3) Scores without inconsistency case
2025-05-24 23:33:38 - write_node                - ERROR - N/A - Opinion scores not saved correctly for ID 25: hotness: expected 0.6849999999999999, got 0.685
2025-05-24 23:33:38 - write_node                - INFO - N/A - (Stage 2.1) Summary/attitude full case
2025-05-24 23:33:38 - write_node                - ERROR - N/A - Error processing person event: add_attitude_full() got an unexpected keyword argument 'is_expert_flag'
2025-05-24 23:33:38 - write_node                - INFO - N/A - Chunk 118 marked as processed
2025-05-24 23:33:39 - event_classifier          - INFO - N/A - (Stage 0) Processing chunk 113 started
2025-05-24 23:33:55 - event_classifier          - WARNING - N/A - Received invalid JSON response: Expecting ',' delimiter: line 9 column 2 (char 500). Attempting to fix...
2025-05-24 23:33:55 - event_classifier          - WARNING - N/A - Failed parsing code block content with substring method
2025-05-24 23:33:55 - event_classifier          - WARNING - N/A - Failed to extract with regex: Unterminated string starting at: line 1 column 279 (char 278)
2025-05-24 23:33:55 - event_classifier          - INFO - 56.386s - Chunk 116 processed, (1) general events, (1) opinions.
2025-05-24 23:33:55 - event_scoring             - INFO - N/A - (Stage 1) Event scoring for chunk 116 started
2025-05-24 23:33:55 - sentiment_analysis        - INFO - N/A - (Stage 1) Sentiment analysis for chunk 116 started
2025-05-24 23:34:20 - person_summary            - ERROR - N/A - Error in refinement process: 'max_length'. Falling back to truncation.
2025-05-24 23:34:20 - person_summary            - INFO - 49.302s - Successfully got comment
2025-05-24 23:34:20 - person_summary            - INFO - 49.302s - Chunk 119 processed successfully. Processed 1 person events.
2025-05-24 23:34:20 - opinion_scoring           - INFO - N/A - (Stage 3) Opinion scoring for chunk 119 started
2025-05-24 23:34:38 - event_classifier          - WARNING - N/A - Received invalid JSON response: Expecting ',' delimiter: line 9 column 2 (char 515). Attempting to fix...
2025-05-24 23:34:38 - event_classifier          - WARNING - N/A - Failed parsing code block content with substring method
2025-05-24 23:34:38 - event_classifier          - INFO - N/A - Successfully reconstructed JSON with regex field extraction
2025-05-24 23:34:38 - event_classifier          - INFO - 59.327s - Chunk 113 processed, (1) general events, (1) opinions.
2025-05-24 23:34:38 - event_scoring             - INFO - N/A - (Stage 1) Event scoring for chunk 113 started
2025-05-24 23:34:38 - sentiment_analysis        - INFO - N/A - (Stage 1) Sentiment analysis for chunk 113 started
2025-05-24 23:34:46 - event_scoring             - INFO - 50.131s - Successfully calculated event scores
2025-05-24 23:34:46 - event_scoring             - INFO - 50.132s - Chunk 116 processed successfully. Processed 1 general events.
2025-05-24 23:34:47 - sentiment_analysis        - INFO - 51.864s - Successfully got sentiment score
2025-05-24 23:34:47 - sentiment_analysis        - INFO - 51.864s - Chunk 116 processed successfully. Processed 1 person events.
2025-05-24 23:34:47 - inconsistency_detection   - INFO - N/A - (Stage 2) Inconsistency analysis for chunk 116 started
2025-05-24 23:34:47 - inconsistency_detection   - INFO - 0.012s - Chunk 116 processed successfully. Processed 1 person events.
2025-05-24 23:34:47 - person_summary            - INFO - N/A - (Stage 2.1) Person attitude analysis for chunk 116 started
2025-05-24 23:34:47 - person_summary            - INFO - N/A - Missing person ID for person_event 1 in chunk 116.
2025-05-24 23:34:47 - person_summary            - INFO - N/A - No sentiment history found for person Lincoln Eccles in chunk 116, generating new.
2025-05-24 23:35:07 - event_classifier          - INFO - 159.593s - Chunk 115 processed, (1) general events, (1) opinions.
2025-05-24 23:35:07 - event_scoring             - INFO - N/A - (Stage 1) Event scoring for chunk 115 started
2025-05-24 23:35:07 - sentiment_analysis        - INFO - N/A - (Stage 1) Sentiment analysis for chunk 115 started
2025-05-24 23:35:14 - opinion_scoring           - INFO - 53.125s - Successfully calculated opinion scores
2025-05-24 23:35:14 - opinion_scoring           - INFO - 53.125s - Chunk 119 processed successfully. Processed 1 person events.
2025-05-24 23:35:14 - write_node                - INFO - N/A - (Stage 3) Scores without inconsistency case
2025-05-24 23:35:14 - write_node                - INFO - N/A - (Stage 2.1) Summary/attitude full case
2025-05-24 23:35:14 - write_node                - ERROR - N/A - Error processing person event: add_attitude_full() got an unexpected keyword argument 'is_expert_flag'
2025-05-24 23:35:14 - write_node                - INFO - N/A - Chunk 119 marked as processed
2025-05-24 23:35:14 - event_classifier          - INFO - N/A - (Stage 0) Processing chunk 114 started
2025-05-24 23:35:20 - event_scoring             - INFO - 42.489s - Successfully calculated event scores
2025-05-24 23:35:20 - event_scoring             - INFO - 42.490s - Chunk 113 processed successfully. Processed 1 general events.
2025-05-24 23:35:22 - sentiment_analysis        - INFO - 44.241s - Successfully got sentiment score
2025-05-24 23:35:22 - sentiment_analysis        - INFO - 44.241s - Chunk 113 processed successfully. Processed 1 person events.
2025-05-24 23:35:22 - inconsistency_detection   - INFO - N/A - (Stage 2) Inconsistency analysis for chunk 113 started
2025-05-24 23:35:22 - inconsistency_detection   - INFO - 0.031s - Chunk 113 processed successfully. Processed 1 person events.
2025-05-24 23:35:22 - person_summary            - INFO - N/A - (Stage 2.1) Person attitude analysis for chunk 113 started
2025-05-24 23:35:22 - person_summary            - INFO - N/A - Sentiment history found for person Fatih Birol in chunk 113.
2025-05-24 23:35:31 - person_summary            - INFO - 43.555s - Successfully got comment
2025-05-24 23:35:31 - person_summary            - INFO - 43.557s - Chunk 116 processed successfully. Processed 1 person events.
2025-05-24 23:35:31 - opinion_scoring           - INFO - N/A - (Stage 3) Opinion scoring for chunk 116 started
2025-05-24 23:35:39 - event_scoring             - INFO - 32.123s - Successfully calculated event scores
2025-05-24 23:35:39 - event_scoring             - INFO - 32.124s - Chunk 115 processed successfully. Processed 1 general events.
2025-05-24 23:35:41 - sentiment_analysis        - INFO - 33.767s - Successfully got sentiment score
2025-05-24 23:35:41 - sentiment_analysis        - INFO - 33.767s - Chunk 115 processed successfully. Processed 1 person events.
2025-05-24 23:35:41 - inconsistency_detection   - INFO - N/A - (Stage 2) Inconsistency analysis for chunk 115 started
2025-05-24 23:35:41 - inconsistency_detection   - INFO - 0.012s - Chunk 115 processed successfully. Processed 1 person events.
2025-05-24 23:35:41 - person_summary            - INFO - N/A - (Stage 2.1) Person attitude analysis for chunk 115 started
2025-05-24 23:35:41 - person_summary            - INFO - N/A - Missing person ID for person_event 1 in chunk 115.
2025-05-24 23:35:41 - person_summary            - INFO - N/A - No sentiment history found for person Donnel Baird in chunk 115, generating new.
2025-05-24 23:35:57 - event_classifier          - INFO - 42.384s - Chunk 114 processed, (1) general events, (1) opinions.
2025-05-24 23:35:57 - event_scoring             - INFO - N/A - (Stage 1) Event scoring for chunk 114 started
2025-05-24 23:35:57 - sentiment_analysis        - INFO - N/A - (Stage 1) Sentiment analysis for chunk 114 started
2025-05-24 23:36:06 - person_summary            - INFO - 43.353s - Successfully got comment
2025-05-24 23:36:06 - person_summary            - INFO - 43.386s - Chunk 113 processed successfully. Processed 1 person events.
2025-05-24 23:36:06 - opinion_scoring           - INFO - N/A - (Stage 3) Opinion scoring for chunk 113 started
2025-05-24 23:36:12 - opinion_scoring           - INFO - 40.930s - Successfully calculated opinion scores
2025-05-24 23:36:12 - opinion_scoring           - INFO - 40.930s - Chunk 116 processed successfully. Processed 1 person events.
2025-05-24 23:36:12 - write_node                - INFO - N/A - (Stage 3) Scores without inconsistency case
2025-05-24 23:36:12 - write_node                - INFO - N/A - (Stage 2.1) Summary/attitude full case
2025-05-24 23:36:12 - write_node                - ERROR - N/A - Error processing person event: add_attitude_full() got an unexpected keyword argument 'is_expert_flag'
2025-05-24 23:36:12 - write_node                - INFO - N/A - Chunk 116 marked as processed
2025-05-24 23:36:13 - event_classifier          - INFO - N/A - (Stage 0) Processing chunk 111 started
2025-05-24 23:36:22 - person_summary            - ERROR - N/A - Error in refinement process: 'max_length'. Falling back to truncation.
2025-05-24 23:36:22 - person_summary            - INFO - 41.116s - Successfully got comment
2025-05-24 23:36:22 - person_summary            - INFO - 41.117s - Chunk 115 processed successfully. Processed 1 person events.
2025-05-24 23:36:22 - opinion_scoring           - INFO - N/A - (Stage 3) Opinion scoring for chunk 115 started
2025-05-24 23:36:29 - event_scoring             - INFO - 32.689s - Successfully calculated event scores
2025-05-24 23:36:29 - event_scoring             - INFO - 32.689s - Chunk 114 processed successfully. Processed 1 general events.
2025-05-24 23:36:31 - sentiment_analysis        - INFO - 34.318s - Successfully got sentiment score
2025-05-24 23:36:31 - sentiment_analysis        - INFO - 34.318s - Chunk 114 processed successfully. Processed 1 person events.
2025-05-24 23:36:31 - inconsistency_detection   - INFO - N/A - (Stage 2) Inconsistency analysis for chunk 114 started
2025-05-24 23:36:31 - inconsistency_detection   - INFO - 0.016s - Chunk 114 processed successfully. Processed 1 person events.
2025-05-24 23:36:31 - person_summary            - INFO - N/A - (Stage 2.1) Person attitude analysis for chunk 114 started
2025-05-24 23:36:31 - person_summary            - INFO - N/A - Missing person ID for person_event 1 in chunk 114.
2025-05-24 23:36:31 - person_summary            - INFO - N/A - No sentiment history found for person Julia Horowitz in chunk 114, generating new.
2025-05-24 23:36:38 - opinion_scoring           - INFO - 32.303s - Successfully calculated opinion scores
2025-05-24 23:36:38 - opinion_scoring           - INFO - 32.303s - Chunk 113 processed successfully. Processed 1 person events.
2025-05-24 23:36:38 - write_node                - ERROR - N/A - Event scores not saved correctly: Expected 1.0, 1.0, 0.8, 0.9299999999999999 but got 1.0, 1.0, 0.8, 0.93
2025-05-24 23:36:38 - write_node                - INFO - N/A - (Stage 3) Scored case
2025-05-24 23:36:38 - write_node                - ERROR - N/A - Opinion scores not saved correctly for ID 28: hotness: expected 0.6549999999999999, got 0.655
2025-05-24 23:36:38 - write_node                - INFO - N/A - (Stage 2.1) Summary/attitude full case
2025-05-24 23:36:38 - write_node                - ERROR - N/A - Error processing person event: add_attitude_full() got an unexpected keyword argument 'is_expert_flag'
2025-05-24 23:36:38 - write_node                - INFO - N/A - Chunk 113 marked as processed
2025-05-24 23:36:38 - event_classifier          - INFO - N/A - (Stage 0) Processing chunk 112 started
2025-05-24 23:36:58 - event_classifier          - INFO - 45.361s - Chunk 111 processed, (1) general events, (1) opinions.
2025-05-24 23:36:58 - event_scoring             - INFO - N/A - (Stage 1) Event scoring for chunk 111 started
2025-05-24 23:36:58 - sentiment_analysis        - INFO - N/A - (Stage 1) Sentiment analysis for chunk 111 started
2025-05-24 23:37:05 - opinion_scoring           - INFO - 42.776s - Successfully calculated opinion scores
2025-05-24 23:37:05 - opinion_scoring           - INFO - 42.776s - Chunk 115 processed successfully. Processed 1 person events.
2025-05-24 23:37:05 - write_node                - INFO - N/A - (Stage 3) Scores without inconsistency case
2025-05-24 23:37:05 - write_node                - ERROR - N/A - Opinion scores not saved correctly for ID 29: hotness: expected 0.6799999999999999, got 0.68
2025-05-24 23:37:05 - write_node                - INFO - N/A - (Stage 2.1) Summary/attitude full case
2025-05-24 23:37:05 - write_node                - ERROR - N/A - Error processing person event: add_attitude_full() got an unexpected keyword argument 'is_expert_flag'
2025-05-24 23:37:05 - write_node                - INFO - N/A - Chunk 115 marked as processed
2025-05-24 23:37:05 - event_classifier          - INFO - N/A - (Stage 0) Processing chunk 110 started
2025-05-24 23:37:13 - person_summary            - INFO - 42.286s - Successfully got comment
2025-05-24 23:37:13 - person_summary            - INFO - 42.286s - Chunk 114 processed successfully. Processed 1 person events.
2025-05-24 23:37:13 - opinion_scoring           - INFO - N/A - (Stage 3) Opinion scoring for chunk 114 started
2025-05-24 23:37:30 - event_classifier          - INFO - 51.279s - Chunk 112 processed, (1) general events, (1) opinions.
2025-05-24 23:37:30 - event_scoring             - INFO - N/A - (Stage 1) Event scoring for chunk 112 started
2025-05-24 23:37:30 - sentiment_analysis        - INFO - N/A - (Stage 1) Sentiment analysis for chunk 112 started
2025-05-24 23:37:38 - event_scoring             - INFO - 40.352s - Successfully calculated event scores
2025-05-24 23:37:38 - event_scoring             - INFO - 40.352s - Chunk 111 processed successfully. Processed 1 general events.
2025-05-24 23:37:40 - sentiment_analysis        - INFO - 41.994s - Successfully got sentiment score
2025-05-24 23:37:40 - sentiment_analysis        - INFO - 41.994s - Chunk 111 processed successfully. Processed 1 person events.
2025-05-24 23:37:40 - inconsistency_detection   - INFO - N/A - (Stage 2) Inconsistency analysis for chunk 111 started
2025-05-24 23:37:40 - inconsistency_detection   - INFO - 0.013s - Chunk 111 processed successfully. Processed 1 person events.
2025-05-24 23:37:40 - person_summary            - INFO - N/A - (Stage 2.1) Person attitude analysis for chunk 111 started
2025-05-24 23:37:40 - person_summary            - INFO - N/A - Missing person ID for person_event 1 in chunk 111.
2025-05-24 23:37:40 - person_summary            - INFO - N/A - No sentiment history found for person Fatima AlQubaisi in chunk 111, generating new.
2025-05-24 23:37:58 - event_classifier          - WARNING - N/A - Received invalid JSON response: Expecting ',' delimiter: line 9 column 2 (char 444). Attempting to fix...
2025-05-24 23:37:58 - event_classifier          - WARNING - N/A - Failed parsing code block content with substring method
2025-05-24 23:37:58 - event_classifier          - WARNING - N/A - Failed to extract with regex: Unterminated string starting at: line 1 column 283 (char 282)
2025-05-24 23:37:58 - event_classifier          - INFO - 53.109s - Chunk 110 processed, (1) general events, (1) opinions.
2025-05-24 23:37:58 - event_scoring             - INFO - N/A - (Stage 1) Event scoring for chunk 110 started
2025-05-24 23:37:58 - sentiment_analysis        - INFO - N/A - (Stage 1) Sentiment analysis for chunk 110 started
2025-05-24 23:38:05 - opinion_scoring           - INFO - 51.564s - Successfully calculated opinion scores
2025-05-24 23:38:05 - opinion_scoring           - INFO - 51.565s - Chunk 114 processed successfully. Processed 1 person events.
2025-05-24 23:38:05 - write_node                - ERROR - N/A - Event scores not saved correctly: Expected 1.0, 0.85, 0.75, 0.8374999999999999 but got 1.0, 0.85, 0.75, 0.8375
2025-05-24 23:38:05 - write_node                - INFO - N/A - (Stage 3) Scores without inconsistency case
2025-05-24 23:38:05 - write_node                - ERROR - N/A - Opinion scores not saved correctly for ID 30: hotness: expected 0.7050000000000001, got 0.705
2025-05-24 23:38:05 - write_node                - INFO - N/A - (Stage 2.1) Summary/attitude full case
2025-05-24 23:38:05 - write_node                - ERROR - N/A - Error processing person event: add_attitude_full() got an unexpected keyword argument 'is_expert_flag'
2025-05-24 23:38:05 - write_node                - INFO - N/A - Chunk 114 marked as processed
2025-05-24 23:38:06 - event_classifier          - INFO - N/A - (Stage 0) Processing chunk 109 started
2025-05-24 23:38:12 - event_scoring             - INFO - 42.660s - Successfully calculated event scores
2025-05-24 23:38:12 - event_scoring             - INFO - 42.660s - Chunk 112 processed successfully. Processed 1 general events.
2025-05-24 23:38:14 - sentiment_analysis        - INFO - 44.244s - Successfully got sentiment score
2025-05-24 23:38:14 - sentiment_analysis        - INFO - 44.244s - Chunk 112 processed successfully. Processed 1 person events.
2025-05-24 23:38:14 - inconsistency_detection   - INFO - N/A - (Stage 2) Inconsistency analysis for chunk 112 started
2025-05-24 23:38:14 - inconsistency_detection   - INFO - 0.012s - Chunk 112 processed successfully. Processed 1 person events.
2025-05-24 23:38:14 - person_summary            - INFO - N/A - (Stage 2.1) Person attitude analysis for chunk 112 started
2025-05-24 23:38:14 - person_summary            - INFO - N/A - Missing person ID for person_event 1 in chunk 112.
2025-05-24 23:38:14 - person_summary            - INFO - N/A - No sentiment history found for person AlQubaisi in chunk 112, generating new.
2025-05-24 23:38:25 - person_summary            - ERROR - N/A - Error in refinement process: 'max_length'. Falling back to truncation.
2025-05-24 23:38:25 - person_summary            - INFO - 45.126s - Successfully got comment
2025-05-24 23:38:25 - person_summary            - INFO - 45.129s - Chunk 111 processed successfully. Processed 1 person events.
2025-05-24 23:38:25 - opinion_scoring           - INFO - N/A - (Stage 3) Opinion scoring for chunk 111 started
2025-05-24 23:38:34 - event_scoring             - INFO - 35.259s - Successfully calculated event scores
2025-05-24 23:38:34 - event_scoring             - INFO - 35.260s - Chunk 110 processed successfully. Processed 1 general events.
2025-05-24 23:38:35 - sentiment_analysis        - INFO - 37.067s - Successfully got sentiment score
2025-05-24 23:38:35 - sentiment_analysis        - INFO - 37.067s - Chunk 110 processed successfully. Processed 1 person events.
2025-05-24 23:38:35 - inconsistency_detection   - INFO - N/A - (Stage 2) Inconsistency analysis for chunk 110 started
2025-05-24 23:38:35 - inconsistency_detection   - INFO - 0.012s - Chunk 110 processed successfully. Processed 1 person events.
2025-05-24 23:38:35 - person_summary            - INFO - N/A - (Stage 2.1) Person attitude analysis for chunk 110 started
2025-05-24 23:38:35 - person_summary            - INFO - N/A - Missing person ID for person_event 1 in chunk 110.
2025-05-24 23:38:35 - person_summary            - INFO - N/A - No sentiment history found for person Mariam AlQubaisi in chunk 110, generating new.
2025-05-24 23:38:47 - event_classifier          - INFO - 41.971s - Chunk 109 processed, (1) general events, (1) opinions.
2025-05-24 23:38:48 - event_scoring             - INFO - N/A - (Stage 1) Event scoring for chunk 109 started
2025-05-24 23:38:48 - sentiment_analysis        - INFO - N/A - (Stage 1) Sentiment analysis for chunk 109 started
2025-05-24 23:38:58 - person_summary            - ERROR - N/A - Error in refinement process: 'max_length'. Falling back to truncation.
2025-05-24 23:38:58 - person_summary            - INFO - 43.512s - Successfully got comment
2025-05-24 23:38:58 - person_summary            - INFO - 43.512s - Chunk 112 processed successfully. Processed 1 person events.
2025-05-24 23:38:58 - opinion_scoring           - INFO - N/A - (Stage 3) Opinion scoring for chunk 112 started
2025-05-24 23:39:05 - opinion_scoring           - INFO - 39.420s - Successfully calculated opinion scores
2025-05-24 23:39:05 - opinion_scoring           - INFO - 39.420s - Chunk 111 processed successfully. Processed 1 person events.
2025-05-24 23:39:05 - write_node                - INFO - N/A - (Stage 3) Scores without inconsistency case
2025-05-24 23:39:05 - write_node                - INFO - N/A - (Stage 2.1) Summary/attitude full case
2025-05-24 23:39:05 - write_node                - ERROR - N/A - Error processing person event: add_attitude_full() got an unexpected keyword argument 'is_expert_flag'
2025-05-24 23:39:05 - write_node                - INFO - N/A - Chunk 111 marked as processed
2025-05-24 23:39:05 - event_classifier          - INFO - N/A - (Stage 0) Processing chunk 108 started
2025-05-24 23:39:16 - person_summary            - ERROR - N/A - Error in refinement process: 'max_length'. Falling back to truncation.
2025-05-24 23:39:16 - person_summary            - INFO - 40.818s - Successfully got comment
2025-05-24 23:39:16 - person_summary            - INFO - 40.819s - Chunk 110 processed successfully. Processed 1 person events.
2025-05-24 23:39:16 - opinion_scoring           - INFO - N/A - (Stage 3) Opinion scoring for chunk 110 started
2025-05-24 23:39:23 - event_scoring             - INFO - 35.396s - Successfully calculated event scores
2025-05-24 23:39:23 - event_scoring             - INFO - 35.396s - Chunk 109 processed successfully. Processed 1 general events.
2025-05-24 23:39:24 - sentiment_analysis        - INFO - 36.616s - Successfully got sentiment score
2025-05-24 23:39:24 - sentiment_analysis        - INFO - 36.617s - Chunk 109 processed successfully. Processed 1 person events.
2025-05-24 23:39:24 - inconsistency_detection   - INFO - N/A - (Stage 2) Inconsistency analysis for chunk 109 started
2025-05-24 23:39:24 - inconsistency_detection   - INFO - 0.030s - Chunk 109 processed successfully. Processed 1 person events.
2025-05-24 23:39:24 - person_summary            - INFO - N/A - (Stage 2.1) Person attitude analysis for chunk 109 started
2025-05-24 23:39:24 - person_summary            - INFO - N/A - Sentiment history found for person Julia Horowitz in chunk 109.
2025-05-24 23:39:31 - opinion_scoring           - INFO - 33.258s - Successfully calculated opinion scores
2025-05-24 23:39:31 - opinion_scoring           - INFO - 33.258s - Chunk 112 processed successfully. Processed 1 person events.
2025-05-24 23:39:31 - write_node                - INFO - N/A - (Stage 3) Scores without inconsistency case
2025-05-24 23:39:31 - write_node                - INFO - N/A - (Stage 2.1) Summary/attitude full case
2025-05-24 23:39:31 - write_node                - ERROR - N/A - Error processing person event: add_attitude_full() got an unexpected keyword argument 'is_expert_flag'
2025-05-24 23:39:31 - write_node                - INFO - N/A - Chunk 112 marked as processed
2025-05-24 23:39:32 - event_classifier          - INFO - N/A - (Stage 0) Processing chunk 106 started
2025-05-24 23:39:50 - event_classifier          - INFO - 44.440s - Chunk 108 processed, (1) general events, (1) opinions.
2025-05-24 23:39:50 - event_scoring             - INFO - N/A - (Stage 1) Event scoring for chunk 108 started
2025-05-24 23:39:50 - sentiment_analysis        - INFO - N/A - (Stage 1) Sentiment analysis for chunk 108 started
2025-05-24 23:39:57 - opinion_scoring           - INFO - 40.500s - Successfully calculated opinion scores
2025-05-24 23:39:57 - opinion_scoring           - INFO - 40.500s - Chunk 110 processed successfully. Processed 1 person events.
2025-05-24 23:39:57 - write_node                - INFO - N/A - (Stage 3) Scores without inconsistency case
2025-05-24 23:39:57 - write_node                - ERROR - N/A - Opinion scores not saved correctly for ID 33: hotness: expected 0.6549999999999999, got 0.655
2025-05-24 23:39:57 - write_node                - INFO - N/A - (Stage 2.1) Summary/attitude full case
2025-05-24 23:39:57 - write_node                - ERROR - N/A - Error processing person event: add_attitude_full() got an unexpected keyword argument 'is_expert_flag'
2025-05-24 23:39:57 - write_node                - INFO - N/A - Chunk 110 marked as processed
2025-05-24 23:39:57 - event_classifier          - INFO - N/A - (Stage 0) Processing chunk 107 started
2025-05-24 23:40:05 - person_summary            - ERROR - N/A - Error in refinement process: 'max_length'. Falling back to truncation.
2025-05-24 23:40:05 - person_summary            - INFO - 41.219s - Successfully got comment
2025-05-24 23:40:05 - person_summary            - INFO - 41.251s - Chunk 109 processed successfully. Processed 1 person events.
2025-05-24 23:40:05 - opinion_scoring           - INFO - N/A - (Stage 3) Opinion scoring for chunk 109 started
2025-05-24 23:40:23 - event_classifier          - INFO - 51.424s - Chunk 106 processed, (1) general events, (1) opinions.
2025-05-24 23:40:23 - event_scoring             - INFO - N/A - (Stage 1) Event scoring for chunk 106 started
2025-05-24 23:40:23 - sentiment_analysis        - INFO - N/A - (Stage 1) Sentiment analysis for chunk 106 started
2025-05-24 23:40:31 - event_scoring             - INFO - 40.889s - Successfully calculated event scores
2025-05-24 23:40:31 - event_scoring             - INFO - 40.889s - Chunk 108 processed successfully. Processed 1 general events.
2025-05-24 23:40:32 - sentiment_analysis        - INFO - 42.675s - Successfully got sentiment score
2025-05-24 23:40:32 - sentiment_analysis        - INFO - 42.675s - Chunk 108 processed successfully. Processed 1 person events.
2025-05-24 23:40:32 - inconsistency_detection   - INFO - N/A - (Stage 2) Inconsistency analysis for chunk 108 started
2025-05-24 23:40:32 - inconsistency_detection   - INFO - 0.013s - Chunk 108 processed successfully. Processed 1 person events.
2025-05-24 23:40:32 - person_summary            - INFO - N/A - (Stage 2.1) Person attitude analysis for chunk 108 started
2025-05-24 23:40:32 - person_summary            - INFO - N/A - Missing person ID for person_event 1 in chunk 108.
2025-05-24 23:40:32 - person_summary            - INFO - N/A - No sentiment history found for person Ursula von der Leyen in chunk 108, generating new.
2025-05-24 23:40:48 - event_classifier          - WARNING - N/A - Received invalid JSON response: Expecting ',' delimiter: line 9 column 2 (char 379). Attempting to fix...
2025-05-24 23:40:48 - event_classifier          - WARNING - N/A - Failed parsing code block content with substring method
2025-05-24 23:40:48 - event_classifier          - INFO - N/A - Successfully reconstructed JSON with regex field extraction
2025-05-24 23:40:48 - event_classifier          - INFO - 50.053s - Chunk 107 processed, (1) general events, (1) opinions.
2025-05-24 23:40:48 - event_scoring             - INFO - N/A - (Stage 1) Event scoring for chunk 107 started
2025-05-24 23:40:48 - sentiment_analysis        - INFO - N/A - (Stage 1) Sentiment analysis for chunk 107 started
2025-05-24 23:40:54 - opinion_scoring           - INFO - 48.741s - Successfully calculated opinion scores
2025-05-24 23:40:54 - opinion_scoring           - INFO - 48.742s - Chunk 109 processed successfully. Processed 1 person events.
2025-05-24 23:40:54 - write_node                - ERROR - N/A - Event scores not saved correctly: Expected 0.85, 0.75, 0.6, 0.7124999999999999 but got 0.85, 0.75, 0.6, 0.7125
2025-05-24 23:40:54 - write_node                - INFO - N/A - (Stage 3) Scored case
2025-05-24 23:40:54 - write_node                - INFO - N/A - (Stage 2.1) Summary/attitude full case
2025-05-24 23:40:54 - write_node                - ERROR - N/A - Error processing person event: add_attitude_full() got an unexpected keyword argument 'is_expert_flag'
2025-05-24 23:40:54 - write_node                - INFO - N/A - Chunk 109 marked as processed
2025-05-24 23:40:55 - event_classifier          - INFO - N/A - (Stage 0) Processing chunk 105 started
2025-05-24 23:41:02 - event_scoring             - INFO - 38.794s - Successfully calculated event scores
2025-05-24 23:41:02 - event_scoring             - INFO - 38.794s - Chunk 106 processed successfully. Processed 1 general events.
2025-05-24 23:41:03 - sentiment_analysis        - INFO - 40.366s - Successfully got sentiment score
2025-05-24 23:41:03 - sentiment_analysis        - INFO - 40.366s - Chunk 106 processed successfully. Processed 1 person events.
2025-05-24 23:41:03 - inconsistency_detection   - INFO - N/A - (Stage 2) Inconsistency analysis for chunk 106 started
2025-05-24 23:41:03 - inconsistency_detection   - INFO - 0.013s - Chunk 106 processed successfully. Processed 1 person events.
2025-05-24 23:41:03 - person_summary            - INFO - N/A - (Stage 2.1) Person attitude analysis for chunk 106 started
2025-05-24 23:41:03 - person_summary            - INFO - N/A - Missing person ID for person_event 1 in chunk 106.
2025-05-24 23:41:03 - person_summary            - INFO - N/A - No sentiment history found for person Hank Green in chunk 106, generating new.
2025-05-24 23:41:13 - person_summary            - ERROR - N/A - Error in refinement process: 'max_length'. Falling back to truncation.
2025-05-24 23:41:13 - person_summary            - INFO - 40.636s - Successfully got comment
2025-05-24 23:41:13 - person_summary            - INFO - 40.637s - Chunk 108 processed successfully. Processed 1 person events.
2025-05-24 23:41:13 - opinion_scoring           - INFO - N/A - (Stage 3) Opinion scoring for chunk 108 started
2025-05-24 23:41:20 - event_scoring             - INFO - 32.706s - Successfully calculated event scores
2025-05-24 23:41:20 - event_scoring             - INFO - 32.707s - Chunk 107 processed successfully. Processed 1 general events.
2025-05-24 23:41:22 - sentiment_analysis        - INFO - 34.507s - Successfully got sentiment score
2025-05-24 23:41:22 - sentiment_analysis        - INFO - 34.507s - Chunk 107 processed successfully. Processed 1 person events.
2025-05-24 23:41:22 - inconsistency_detection   - INFO - N/A - (Stage 2) Inconsistency analysis for chunk 107 started
2025-05-24 23:41:22 - inconsistency_detection   - INFO - 0.012s - Chunk 107 processed successfully. Processed 1 person events.
2025-05-24 23:41:22 - person_summary            - INFO - N/A - (Stage 2.1) Person attitude analysis for chunk 107 started
2025-05-24 23:41:22 - person_summary            - INFO - N/A - Missing person ID for person_event 1 in chunk 107.
2025-05-24 23:41:22 - person_summary            - INFO - N/A - No sentiment history found for person Rev. Michael Green in chunk 107, generating new.
2025-05-24 23:41:36 - event_classifier          - WARNING - N/A - Received invalid JSON response: Expecting ',' delimiter: line 9 column 2 (char 345). Attempting to fix...
2025-05-24 23:41:36 - event_classifier          - WARNING - N/A - Failed parsing code block content with substring method
2025-05-24 23:41:36 - event_classifier          - INFO - N/A - Successfully reconstructed JSON with regex field extraction
2025-05-24 23:41:36 - event_classifier          - INFO - 40.772s - Chunk 105 processed, (1) general events, (1) opinions.
2025-05-24 23:41:36 - event_scoring             - INFO - N/A - (Stage 1) Event scoring for chunk 105 started
2025-05-24 23:41:36 - sentiment_analysis        - INFO - N/A - (Stage 1) Sentiment analysis for chunk 105 started
2025-05-24 23:41:45 - person_summary            - INFO - 42.068s - Successfully got comment
2025-05-24 23:41:45 - person_summary            - INFO - 42.069s - Chunk 106 processed successfully. Processed 1 person events.
2025-05-24 23:41:45 - opinion_scoring           - INFO - N/A - (Stage 3) Opinion scoring for chunk 106 started
2025-05-24 23:41:52 - opinion_scoring           - INFO - 38.812s - Successfully calculated opinion scores
2025-05-24 23:41:52 - opinion_scoring           - INFO - 38.812s - Chunk 108 processed successfully. Processed 1 person events.
2025-05-24 23:41:52 - write_node                - INFO - N/A - (Stage 3) Scores without inconsistency case
2025-05-24 23:41:52 - write_node                - INFO - N/A - (Stage 2.1) Summary/attitude full case
2025-05-24 23:41:52 - write_node                - ERROR - N/A - Error processing person event: add_attitude_full() got an unexpected keyword argument 'is_expert_flag'
2025-05-24 23:41:52 - write_node                - INFO - N/A - Chunk 108 marked as processed
2025-05-24 23:41:53 - event_classifier          - INFO - N/A - (Stage 0) Processing chunk 104 started
2025-05-24 23:42:01 - person_summary            - ERROR - N/A - Error in refinement process: 'max_length'. Falling back to truncation.
2025-05-24 23:42:01 - person_summary            - INFO - 38.901s - Successfully got comment
2025-05-24 23:42:01 - person_summary            - INFO - 38.902s - Chunk 107 processed successfully. Processed 1 person events.
2025-05-24 23:42:01 - opinion_scoring           - INFO - N/A - (Stage 3) Opinion scoring for chunk 107 started
2025-05-24 23:42:07 - event_scoring             - INFO - 31.300s - Successfully calculated event scores
2025-05-24 23:42:07 - event_scoring             - INFO - 31.301s - Chunk 105 processed successfully. Processed 1 general events.
2025-05-24 23:42:08 - sentiment_analysis        - INFO - 32.842s - Successfully got sentiment score
2025-05-24 23:42:08 - sentiment_analysis        - INFO - 32.842s - Chunk 105 processed successfully. Processed 1 person events.
2025-05-24 23:42:08 - inconsistency_detection   - INFO - N/A - (Stage 2) Inconsistency analysis for chunk 105 started
2025-05-24 23:42:15 - opinion_scoring           - INFO - 29.685s - Successfully calculated opinion scores
2025-05-24 23:42:15 - opinion_scoring           - INFO - 29.685s - Chunk 106 processed successfully. Processed 1 person events.
2025-05-24 23:42:15 - write_node                - ERROR - N/A - Event scores not saved correctly: Expected 0.7, 0.6, 0.4, 0.5449999999999999 but got 0.7, 0.6, 0.4, 0.545
2025-05-24 23:42:15 - write_node                - INFO - N/A - (Stage 3) Scores without inconsistency case
2025-05-24 23:42:15 - write_node                - ERROR - N/A - Opinion scores not saved correctly for ID 36: hotness: expected 0.40499999999999997, got 0.405
2025-05-24 23:42:15 - write_node                - INFO - N/A - (Stage 2.1) Summary/attitude full case
2025-05-24 23:42:15 - write_node                - ERROR - N/A - Error processing person event: add_attitude_full() got an unexpected keyword argument 'is_expert_flag'
2025-05-24 23:42:15 - write_node                - INFO - N/A - Chunk 106 marked as processed
2025-05-24 23:42:16 - event_classifier          - INFO - N/A - (Stage 0) Processing chunk 101 started
2025-05-24 23:42:29 - event_classifier          - WARNING - N/A - Received invalid JSON response: Expecting ',' delimiter: line 9 column 2 (char 318). Attempting to fix...
2025-05-24 23:42:29 - event_classifier          - WARNING - N/A - Failed parsing code block content with substring method
2025-05-24 23:42:29 - event_classifier          - INFO - N/A - Successfully reconstructed JSON with regex field extraction
2025-05-24 23:42:29 - event_classifier          - INFO - 36.689s - Chunk 104 processed, (1) general events, (1) opinions.
2025-05-24 23:42:29 - event_scoring             - INFO - N/A - (Stage 1) Event scoring for chunk 104 started
2025-05-24 23:42:29 - sentiment_analysis        - INFO - N/A - (Stage 1) Sentiment analysis for chunk 104 started
2025-05-24 23:42:36 - opinion_scoring           - INFO - 34.838s - Successfully calculated opinion scores
2025-05-24 23:42:36 - opinion_scoring           - INFO - 34.838s - Chunk 107 processed successfully. Processed 1 person events.
2025-05-24 23:42:36 - write_node                - ERROR - N/A - Event scores not saved correctly: Expected 0.3, 0.2, 0.1, 0.18000000000000002 but got 0.3, 0.2, 0.1, 0.18
2025-05-24 23:42:36 - write_node                - INFO - N/A - (Stage 3) Scores without inconsistency case
2025-05-24 23:42:36 - write_node                - INFO - N/A - (Stage 2.1) Summary/attitude full case
2025-05-24 23:42:36 - write_node                - ERROR - N/A - Error processing person event: add_attitude_full() got an unexpected keyword argument 'is_expert_flag'
2025-05-24 23:42:36 - write_node                - INFO - N/A - Chunk 107 marked as processed
2025-05-24 23:42:37 - event_classifier          - INFO - N/A - (Stage 0) Processing chunk 103 started
2025-05-24 23:42:40 - inconsistency_detection   - INFO - 31.609s - Successfully got comment
2025-05-24 23:42:40 - inconsistency_detection   - INFO - 31.640s - Chunk 105 processed successfully. Processed 1 person events.
2025-05-24 23:42:40 - person_summary            - INFO - N/A - (Stage 2.1) Person attitude analysis for chunk 105 started
2025-05-24 23:42:40 - person_summary            - INFO - N/A - Sentiment history found for person Unspecified in chunk 105.
2025-05-24 23:42:57 - event_classifier          - INFO - 41.090s - Chunk 101 processed, (1) general events, (1) opinions.
2025-05-24 23:42:57 - event_scoring             - INFO - N/A - (Stage 1) Event scoring for chunk 101 started
2025-05-24 23:42:57 - sentiment_analysis        - INFO - N/A - (Stage 1) Sentiment analysis for chunk 101 started
2025-05-24 23:43:05 - event_scoring             - INFO - 35.623s - Successfully calculated event scores
2025-05-24 23:43:05 - event_scoring             - INFO - 35.624s - Chunk 104 processed successfully. Processed 1 general events.
2025-05-24 23:43:06 - sentiment_analysis        - INFO - 37.154s - Successfully got sentiment score
2025-05-24 23:43:06 - sentiment_analysis        - INFO - 37.154s - Chunk 104 processed successfully. Processed 1 person events.
2025-05-24 23:43:06 - inconsistency_detection   - INFO - N/A - (Stage 2) Inconsistency analysis for chunk 104 started
2025-05-24 23:43:19 - event_classifier          - INFO - 42.359s - Chunk 103 processed, (1) general events, (1) opinions.
2025-05-24 23:43:19 - event_scoring             - INFO - N/A - (Stage 1) Event scoring for chunk 103 started
2025-05-24 23:43:19 - sentiment_analysis        - INFO - N/A - (Stage 1) Sentiment analysis for chunk 103 started
2025-05-24 23:43:26 - person_summary            - INFO - 45.923s - Successfully got comment
2025-05-24 23:43:26 - person_summary            - INFO - 45.958s - Chunk 105 processed successfully. Processed 1 person events.
2025-05-24 23:43:26 - opinion_scoring           - INFO - N/A - (Stage 3) Opinion scoring for chunk 105 started
2025-05-24 23:43:34 - event_scoring             - INFO - 37.050s - Successfully calculated event scores
2025-05-24 23:43:34 - event_scoring             - INFO - 37.050s - Chunk 101 processed successfully. Processed 1 general events.
2025-05-24 23:43:36 - sentiment_analysis        - INFO - 38.794s - Successfully got sentiment score
2025-05-24 23:43:36 - sentiment_analysis        - INFO - 38.794s - Chunk 101 processed successfully. Processed 1 person events.
2025-05-24 23:43:36 - inconsistency_detection   - INFO - N/A - (Stage 2) Inconsistency analysis for chunk 101 started
2025-05-24 23:43:36 - inconsistency_detection   - INFO - 0.012s - Chunk 101 processed successfully. Processed 1 person events.
2025-05-24 23:43:36 - person_summary            - INFO - N/A - (Stage 2.1) Person attitude analysis for chunk 101 started
2025-05-24 23:43:36 - person_summary            - INFO - N/A - Missing person ID for person_event 1 in chunk 101.
2025-05-24 23:43:36 - person_summary            - INFO - N/A - No sentiment history found for person Amodei in chunk 101, generating new.
2025-05-24 23:43:47 - event_scoring             - INFO - 28.005s - Successfully calculated event scores
2025-05-24 23:43:47 - event_scoring             - INFO - 28.005s - Chunk 103 processed successfully. Processed 1 general events.
2025-05-24 23:43:49 - sentiment_analysis        - INFO - 29.627s - Successfully got sentiment score
2025-05-24 23:43:49 - sentiment_analysis        - INFO - 29.627s - Chunk 103 processed successfully. Processed 1 person events.
2025-05-24 23:43:49 - inconsistency_detection   - INFO - N/A - (Stage 2) Inconsistency analysis for chunk 103 started
2025-05-24 23:43:55 - opinion_scoring           - INFO - 29.180s - Successfully calculated opinion scores
2025-05-24 23:43:55 - opinion_scoring           - INFO - 29.181s - Chunk 105 processed successfully. Processed 1 person events.
2025-05-24 23:43:55 - write_node                - ERROR - N/A - Event scores not saved correctly: Expected 0.3, 0.2, 0.1, 0.18000000000000002 but got 0.3, 0.2, 0.1, 0.18
2025-05-24 23:43:55 - write_node                - INFO - N/A - (Stage 3) Scored case
2025-05-24 23:43:55 - write_node                - INFO - N/A - (Stage 2.1) Summary/attitude full case
2025-05-24 23:43:55 - write_node                - ERROR - N/A - Error processing person event: add_attitude_full() got an unexpected keyword argument 'is_expert_flag'
2025-05-24 23:43:55 - write_node                - INFO - N/A - Chunk 105 marked as processed
2025-05-24 23:43:56 - event_classifier          - INFO - N/A - (Stage 0) Processing chunk 96 started
2025-05-24 23:44:05 - person_summary            - INFO - 29.632s - Successfully got comment
2025-05-24 23:44:05 - person_summary            - INFO - 29.633s - Chunk 101 processed successfully. Processed 1 person events.
2025-05-24 23:44:05 - opinion_scoring           - INFO - N/A - (Stage 3) Opinion scoring for chunk 101 started
2025-05-24 23:44:19 - inconsistency_detection   - INFO - 72.136s - Successfully got comment
2025-05-24 23:44:19 - inconsistency_detection   - INFO - 72.167s - Chunk 104 processed successfully. Processed 1 person events.
2025-05-24 23:44:19 - person_summary            - INFO - N/A - (Stage 2.1) Person attitude analysis for chunk 104 started
2025-05-24 23:44:19 - person_summary            - INFO - N/A - Sentiment history found for person Unspecified in chunk 104.
2025-05-24 23:44:24 - inconsistency_detection   - INFO - 35.629s - Successfully got comment
2025-05-24 23:44:24 - inconsistency_detection   - INFO - 35.664s - Chunk 103 processed successfully. Processed 1 person events.
2025-05-24 23:44:24 - person_summary            - INFO - N/A - (Stage 2.1) Person attitude analysis for chunk 103 started
2025-05-24 23:44:24 - person_summary            - INFO - N/A - Sentiment history found for person Unspecified in chunk 103.
2025-05-24 23:44:40 - event_classifier          - INFO - 43.589s - Chunk 96 processed, (1) general events, (1) opinions.
2025-05-24 23:44:40 - event_scoring             - INFO - N/A - (Stage 1) Event scoring for chunk 96 started
2025-05-24 23:44:40 - sentiment_analysis        - INFO - N/A - (Stage 1) Sentiment analysis for chunk 96 started
2025-05-24 23:44:47 - opinion_scoring           - INFO - 41.145s - Successfully calculated opinion scores
2025-05-24 23:44:47 - opinion_scoring           - INFO - 41.145s - Chunk 101 processed successfully. Processed 1 person events.
2025-05-24 23:44:47 - write_node                - INFO - N/A - (Stage 3) Scores without inconsistency case
2025-05-24 23:44:47 - write_node                - INFO - N/A - (Stage 2.1) Summary/attitude full case
2025-05-24 23:44:47 - write_node                - ERROR - N/A - Error processing person event: add_attitude_full() got an unexpected keyword argument 'is_expert_flag'
2025-05-24 23:44:47 - write_node                - INFO - N/A - Chunk 101 marked as processed
2025-05-24 23:44:47 - event_classifier          - INFO - N/A - (Stage 0) Processing chunk 97 started
2025-05-24 23:44:55 - person_summary            - INFO - 36.237s - Successfully got comment
2025-05-24 23:44:55 - person_summary            - INFO - 36.276s - Chunk 104 processed successfully. Processed 1 person events.
2025-05-24 23:44:55 - opinion_scoring           - INFO - N/A - (Stage 3) Opinion scoring for chunk 104 started
2025-05-24 23:45:00 - person_summary            - INFO - 35.704s - Successfully got comment
2025-05-24 23:45:00 - person_summary            - INFO - 35.735s - Chunk 103 processed successfully. Processed 1 person events.
2025-05-24 23:45:00 - opinion_scoring           - INFO - N/A - (Stage 3) Opinion scoring for chunk 103 started
2025-05-24 23:45:08 - event_scoring             - INFO - 27.982s - Successfully calculated event scores
2025-05-24 23:45:08 - event_scoring             - INFO - 27.983s - Chunk 96 processed successfully. Processed 1 general events.
2025-05-24 23:45:09 - sentiment_analysis        - INFO - 29.806s - Successfully got sentiment score
2025-05-24 23:45:09 - sentiment_analysis        - INFO - 29.807s - Chunk 96 processed successfully. Processed 1 person events.
2025-05-24 23:45:09 - inconsistency_detection   - INFO - N/A - (Stage 2) Inconsistency analysis for chunk 96 started
2025-05-24 23:45:09 - inconsistency_detection   - INFO - 0.012s - Chunk 96 processed successfully. Processed 1 person events.
2025-05-24 23:45:09 - person_summary            - INFO - N/A - (Stage 2.1) Person attitude analysis for chunk 96 started
2025-05-24 23:45:09 - person_summary            - INFO - N/A - Missing person ID for person_event 1 in chunk 96.
2025-05-24 23:45:09 - person_summary            - INFO - N/A - No sentiment history found for person Joe Biden in chunk 96, generating new.
2025-05-24 23:45:29 - event_classifier          - INFO - 41.326s - Chunk 97 processed, (1) general events, (1) opinions.
2025-05-24 23:45:29 - event_scoring             - INFO - N/A - (Stage 1) Event scoring for chunk 97 started
2025-05-24 23:45:29 - sentiment_analysis        - INFO - N/A - (Stage 1) Sentiment analysis for chunk 97 started
2025-05-24 23:45:35 - opinion_scoring           - INFO - 40.351s - Successfully calculated opinion scores
2025-05-24 23:45:35 - opinion_scoring           - INFO - 40.351s - Chunk 104 processed successfully. Processed 1 person events.
2025-05-24 23:45:35 - write_node                - ERROR - N/A - Event scores not saved correctly: Expected 0.3, 0.1, 0.2, 0.16499999999999998 but got 0.3, 0.1, 0.2, 0.165
2025-05-24 23:45:35 - write_node                - INFO - N/A - (Stage 3) Scored case
2025-05-24 23:45:35 - write_node                - INFO - N/A - (Stage 2.1) Summary/attitude full case
2025-05-24 23:45:35 - write_node                - ERROR - N/A - Error processing person event: add_attitude_full() got an unexpected keyword argument 'is_expert_flag'
2025-05-24 23:45:35 - write_node                - INFO - N/A - Chunk 104 marked as processed
2025-05-24 23:45:36 - event_classifier          - INFO - N/A - (Stage 0) Processing chunk 98 started
2025-05-24 23:45:41 - opinion_scoring           - INFO - 40.765s - Successfully calculated opinion scores
2025-05-24 23:45:41 - opinion_scoring           - INFO - 40.765s - Chunk 103 processed successfully. Processed 1 person events.
2025-05-24 23:45:41 - write_node                - INFO - N/A - (Stage 3) Scored case
2025-05-24 23:45:41 - write_node                - ERROR - N/A - Opinion scores not saved correctly for ID 41: hotness: expected 0.7849999999999999, got 0.785
2025-05-24 23:45:41 - write_node                - INFO - N/A - (Stage 2.1) Summary/attitude full case
2025-05-24 23:45:41 - write_node                - ERROR - N/A - Error processing person event: add_attitude_full() got an unexpected keyword argument 'is_expert_flag'
2025-05-24 23:45:41 - write_node                - INFO - N/A - Chunk 103 marked as processed
2025-05-24 23:45:41 - event_classifier          - INFO - N/A - (Stage 0) Processing chunk 99 started
2025-05-24 23:45:49 - person_summary            - ERROR - N/A - Error in refinement process: 'max_length'. Falling back to truncation.
2025-05-24 23:45:49 - person_summary            - INFO - 40.051s - Successfully got comment
2025-05-24 23:45:49 - person_summary            - INFO - 40.051s - Chunk 96 processed successfully. Processed 1 person events.
2025-05-24 23:45:49 - opinion_scoring           - INFO - N/A - (Stage 3) Opinion scoring for chunk 96 started
2025-05-24 23:45:57 - event_scoring             - INFO - 28.952s - Successfully calculated event scores
2025-05-24 23:45:57 - event_scoring             - INFO - 28.952s - Chunk 97 processed successfully. Processed 1 general events.
2025-05-24 23:45:59 - sentiment_analysis        - INFO - 30.586s - Successfully got sentiment score
2025-05-24 23:45:59 - sentiment_analysis        - INFO - 30.586s - Chunk 97 processed successfully. Processed 1 person events.
2025-05-24 23:45:59 - inconsistency_detection   - INFO - N/A - (Stage 2) Inconsistency analysis for chunk 97 started
2025-05-24 23:45:59 - inconsistency_detection   - INFO - 0.012s - Chunk 97 processed successfully. Processed 1 person events.
2025-05-24 23:45:59 - person_summary            - INFO - N/A - (Stage 2.1) Person attitude analysis for chunk 97 started
2025-05-24 23:45:59 - person_summary            - INFO - N/A - Missing person ID for person_event 1 in chunk 97.
2025-05-24 23:45:59 - person_summary            - INFO - N/A - No sentiment history found for person Anthony Leiserowitz in chunk 97, generating new.
2025-05-24 23:46:15 - event_classifier          - WARNING - N/A - Received invalid JSON response: Expecting ',' delimiter: line 9 column 2 (char 441). Attempting to fix...
2025-05-24 23:46:15 - event_classifier          - WARNING - N/A - Failed parsing code block content with substring method
2025-05-24 23:46:15 - event_classifier          - INFO - N/A - Successfully reconstructed JSON with regex field extraction
2025-05-24 23:46:15 - event_classifier          - INFO - 39.415s - Chunk 98 processed, (1) general events, (1) opinions.
2025-05-24 23:46:15 - event_scoring             - INFO - N/A - (Stage 1) Event scoring for chunk 98 started
2025-05-24 23:46:15 - sentiment_analysis        - INFO - N/A - (Stage 1) Sentiment analysis for chunk 98 started
2025-05-24 23:46:32 - event_classifier          - WARNING - N/A - Received invalid JSON response: Expecting ',' delimiter: line 9 column 2 (char 476). Attempting to fix...
2025-05-24 23:46:32 - event_classifier          - WARNING - N/A - Failed parsing code block content with substring method
2025-05-24 23:46:32 - event_classifier          - WARNING - N/A - Failed to extract with regex: Unterminated string starting at: line 1 column 215 (char 214)
2025-05-24 23:46:32 - event_classifier          - INFO - 50.414s - Chunk 99 processed, (1) general events, (1) opinions.
2025-05-24 23:46:32 - event_scoring             - INFO - N/A - (Stage 1) Event scoring for chunk 99 started
2025-05-24 23:46:32 - sentiment_analysis        - INFO - N/A - (Stage 1) Sentiment analysis for chunk 99 started
2025-05-24 23:46:38 - opinion_scoring           - INFO - 48.801s - Successfully calculated opinion scores
2025-05-24 23:46:38 - opinion_scoring           - INFO - 48.802s - Chunk 96 processed successfully. Processed 1 person events.
2025-05-24 23:46:38 - write_node                - INFO - N/A - (Stage 3) Scores without inconsistency case
2025-05-24 23:46:38 - write_node                - ERROR - N/A - Opinion scores not saved correctly for ID 42: hotness: expected 0.7849999999999999, got 0.785
2025-05-24 23:46:38 - write_node                - INFO - N/A - (Stage 2.1) Summary/attitude full case
2025-05-24 23:46:38 - write_node                - ERROR - N/A - Error processing person event: add_attitude_full() got an unexpected keyword argument 'is_expert_flag'
2025-05-24 23:46:38 - write_node                - INFO - N/A - Chunk 96 marked as processed
2025-05-24 23:46:39 - event_classifier          - INFO - N/A - (Stage 0) Processing chunk 100 started
2025-05-24 23:46:48 - person_summary            - ERROR - N/A - Error in refinement process: 'max_length'. Falling back to truncation.
2025-05-24 23:46:48 - person_summary            - INFO - 48.922s - Successfully got comment
2025-05-24 23:46:48 - person_summary            - INFO - 48.922s - Chunk 97 processed successfully. Processed 1 person events.
2025-05-24 23:46:48 - opinion_scoring           - INFO - N/A - (Stage 3) Opinion scoring for chunk 97 started
2025-05-24 23:46:56 - event_scoring             - INFO - 40.696s - Successfully calculated event scores
2025-05-24 23:46:56 - event_scoring             - INFO - 40.696s - Chunk 98 processed successfully. Processed 1 general events.
2025-05-24 23:46:58 - sentiment_analysis        - INFO - 42.438s - Successfully got sentiment score
2025-05-24 23:46:58 - sentiment_analysis        - INFO - 42.439s - Chunk 98 processed successfully. Processed 1 person events.
2025-05-24 23:46:58 - inconsistency_detection   - INFO - N/A - (Stage 2) Inconsistency analysis for chunk 98 started
2025-05-24 23:46:58 - inconsistency_detection   - INFO - 0.012s - Chunk 98 processed successfully. Processed 1 person events.
2025-05-24 23:46:58 - person_summary            - INFO - N/A - (Stage 2.1) Person attitude analysis for chunk 98 started
2025-05-24 23:46:58 - person_summary            - INFO - N/A - Missing person ID for person_event 1 in chunk 98.
2025-05-24 23:46:58 - person_summary            - INFO - N/A - No sentiment history found for person Brandon Williams in chunk 98, generating new.
2025-05-24 23:47:05 - event_scoring             - INFO - 33.264s - Successfully calculated event scores
2025-05-24 23:47:05 - event_scoring             - INFO - 33.264s - Chunk 99 processed successfully. Processed 1 general events.
2025-05-24 23:47:07 - sentiment_analysis        - INFO - 34.901s - Successfully got sentiment score
2025-05-24 23:47:07 - sentiment_analysis        - INFO - 34.901s - Chunk 99 processed successfully. Processed 1 person events.
2025-05-24 23:47:07 - inconsistency_detection   - INFO - N/A - (Stage 2) Inconsistency analysis for chunk 99 started
2025-05-24 23:47:07 - inconsistency_detection   - INFO - 0.012s - Chunk 99 processed successfully. Processed 1 person events.
2025-05-24 23:47:07 - person_summary            - INFO - N/A - (Stage 2.1) Person attitude analysis for chunk 99 started
2025-05-24 23:47:07 - person_summary            - INFO - N/A - Missing person ID for person_event 1 in chunk 99.
2025-05-24 23:47:07 - person_summary            - INFO - N/A - No sentiment history found for person Lori Lodes in chunk 99, generating new.
2025-05-24 23:47:24 - event_classifier          - INFO - 44.898s - Chunk 100 processed, (1) general events, (1) opinions.
2025-05-24 23:47:24 - event_scoring             - INFO - N/A - (Stage 1) Event scoring for chunk 100 started
2025-05-24 23:47:24 - sentiment_analysis        - INFO - N/A - (Stage 1) Sentiment analysis for chunk 100 started
2025-05-24 23:47:30 - opinion_scoring           - INFO - 42.389s - Successfully calculated opinion scores
2025-05-24 23:47:30 - opinion_scoring           - INFO - 42.390s - Chunk 97 processed successfully. Processed 1 person events.
2025-05-24 23:47:31 - write_node                - INFO - N/A - (Stage 3) Scores without inconsistency case
2025-05-24 23:47:31 - write_node                - ERROR - N/A - Opinion scores not saved correctly for ID 43: hotness: expected 0.7849999999999999, got 0.785
2025-05-24 23:47:31 - write_node                - INFO - N/A - (Stage 2.1) Summary/attitude full case
2025-05-24 23:47:31 - write_node                - ERROR - N/A - Error processing person event: add_attitude_full() got an unexpected keyword argument 'is_expert_flag'
2025-05-24 23:47:31 - write_node                - INFO - N/A - Chunk 97 marked as processed
2025-05-24 23:47:31 - event_classifier          - INFO - N/A - (Stage 0) Processing chunk 102 started
2025-05-24 23:47:40 - person_summary            - INFO - 42.281s - Successfully got comment
2025-05-24 23:47:40 - person_summary            - INFO - 42.281s - Chunk 98 processed successfully. Processed 1 person events.
2025-05-24 23:47:40 - opinion_scoring           - INFO - N/A - (Stage 3) Opinion scoring for chunk 98 started
2025-05-24 23:47:48 - person_summary            - ERROR - N/A - Error in refinement process: 'max_length'. Falling back to truncation.
2025-05-24 23:47:48 - person_summary            - INFO - 41.668s - Successfully got comment
2025-05-24 23:47:48 - person_summary            - INFO - 41.669s - Chunk 99 processed successfully. Processed 1 person events.
2025-05-24 23:47:48 - opinion_scoring           - INFO - N/A - (Stage 3) Opinion scoring for chunk 99 started
2025-05-24 23:47:56 - event_scoring             - INFO - 32.252s - Successfully calculated event scores
2025-05-24 23:47:56 - event_scoring             - INFO - 32.252s - Chunk 100 processed successfully. Processed 1 general events.
2025-05-24 23:47:58 - sentiment_analysis        - INFO - 33.890s - Successfully got sentiment score
2025-05-24 23:47:58 - sentiment_analysis        - INFO - 33.891s - Chunk 100 processed successfully. Processed 1 person events.
2025-05-24 23:47:58 - inconsistency_detection   - INFO - N/A - (Stage 2) Inconsistency analysis for chunk 100 started
2025-05-24 23:47:58 - inconsistency_detection   - INFO - 0.012s - Chunk 100 processed successfully. Processed 1 person events.
2025-05-24 23:47:58 - person_summary            - INFO - N/A - (Stage 2.1) Person attitude analysis for chunk 100 started
2025-05-24 23:47:58 - person_summary            - INFO - N/A - Missing person ID for person_event 1 in chunk 100.
2025-05-24 23:47:58 - person_summary            - INFO - N/A - No sentiment history found for person Ron DeSantis in chunk 100, generating new.
2025-05-24 23:48:13 - event_classifier          - WARNING - N/A - Received invalid JSON response: Expecting ',' delimiter: line 9 column 2 (char 408). Attempting to fix...
2025-05-24 23:48:13 - event_classifier          - WARNING - N/A - Failed parsing code block content with substring method
2025-05-24 23:48:13 - event_classifier          - INFO - N/A - Successfully reconstructed JSON with regex field extraction
2025-05-24 23:48:13 - event_classifier          - INFO - 41.541s - Chunk 102 processed, (1) general events, (1) opinions.
2025-05-24 23:48:13 - event_scoring             - INFO - N/A - (Stage 1) Event scoring for chunk 102 started
2025-05-24 23:48:13 - sentiment_analysis        - INFO - N/A - (Stage 1) Sentiment analysis for chunk 102 started
2025-05-24 23:48:19 - opinion_scoring           - INFO - 39.007s - Successfully calculated opinion scores
2025-05-24 23:48:19 - opinion_scoring           - INFO - 39.007s - Chunk 98 processed successfully. Processed 1 person events.
2025-05-24 23:48:19 - write_node                - INFO - N/A - (Stage 3) Scores without inconsistency case
2025-05-24 23:48:19 - write_node                - INFO - N/A - (Stage 2.1) Summary/attitude full case
2025-05-24 23:48:19 - write_node                - ERROR - N/A - Error processing person event: add_attitude_full() got an unexpected keyword argument 'is_expert_flag'
2025-05-24 23:48:19 - write_node                - INFO - N/A - Chunk 98 marked as processed
2025-05-24 23:48:20 - event_classifier          - INFO - N/A - (Stage 0) Processing chunk 95 started
2025-05-24 23:48:25 - opinion_scoring           - INFO - 36.176s - Successfully calculated opinion scores
2025-05-24 23:48:25 - opinion_scoring           - INFO - 36.176s - Chunk 99 processed successfully. Processed 1 person events.
2025-05-24 23:48:25 - write_node                - INFO - N/A - (Stage 3) Scores without inconsistency case
2025-05-24 23:48:25 - write_node                - INFO - N/A - (Stage 2.1) Summary/attitude full case
2025-05-24 23:48:25 - write_node                - ERROR - N/A - Error processing person event: add_attitude_full() got an unexpected keyword argument 'is_expert_flag'
2025-05-24 23:48:25 - write_node                - INFO - N/A - Chunk 99 marked as processed
2025-05-24 23:48:25 - event_classifier          - INFO - N/A - (Stage 0) Processing chunk 94 started
2025-05-24 23:48:34 - person_summary            - INFO - 36.659s - Successfully got comment
2025-05-24 23:48:34 - person_summary            - INFO - 36.660s - Chunk 100 processed successfully. Processed 1 person events.
2025-05-24 23:48:34 - opinion_scoring           - INFO - N/A - (Stage 3) Opinion scoring for chunk 100 started
2025-05-24 23:48:42 - event_scoring             - INFO - 29.327s - Successfully calculated event scores
2025-05-24 23:48:42 - event_scoring             - INFO - 29.327s - Chunk 102 processed successfully. Processed 1 general events.
2025-05-24 23:48:44 - sentiment_analysis        - INFO - 30.974s - Successfully got sentiment score
2025-05-24 23:48:44 - sentiment_analysis        - INFO - 30.974s - Chunk 102 processed successfully. Processed 1 person events.
2025-05-24 23:48:44 - inconsistency_detection   - INFO - N/A - (Stage 2) Inconsistency analysis for chunk 102 started
2025-05-24 23:48:44 - inconsistency_detection   - INFO - 0.011s - Chunk 102 processed successfully. Processed 1 person events.
2025-05-24 23:48:44 - person_summary            - INFO - N/A - (Stage 2.1) Person attitude analysis for chunk 102 started
2025-05-24 23:48:44 - person_summary            - INFO - N/A - Missing person ID for person_event 1 in chunk 102.
2025-05-24 23:48:44 - person_summary            - INFO - N/A - No sentiment history found for person Leiserowitz in chunk 102, generating new.
2025-05-24 23:48:59 - event_classifier          - WARNING - N/A - Received invalid JSON response: Expecting ',' delimiter: line 9 column 2 (char 352). Attempting to fix...
2025-05-24 23:48:59 - event_classifier          - WARNING - N/A - Failed parsing code block content with substring method
2025-05-24 23:48:59 - event_classifier          - WARNING - N/A - Failed to extract with regex: Unterminated string starting at: line 1 column 208 (char 207)
2025-05-24 23:48:59 - event_classifier          - INFO - 38.940s - Chunk 95 processed, (1) general events, (1) opinions.
2025-05-24 23:48:59 - event_scoring             - INFO - N/A - (Stage 1) Event scoring for chunk 95 started
2025-05-24 23:48:59 - sentiment_analysis        - INFO - N/A - (Stage 1) Sentiment analysis for chunk 95 started
2025-05-24 23:49:16 - event_classifier          - INFO - 51.181s - Chunk 94 processed, (1) general events, (1) opinions.
2025-05-24 23:49:16 - event_scoring             - INFO - N/A - (Stage 1) Event scoring for chunk 94 started
2025-05-24 23:49:16 - sentiment_analysis        - INFO - N/A - (Stage 1) Sentiment analysis for chunk 94 started
2025-05-24 23:49:23 - opinion_scoring           - INFO - 48.452s - Successfully calculated opinion scores
2025-05-24 23:49:23 - opinion_scoring           - INFO - 48.452s - Chunk 100 processed successfully. Processed 1 person events.
2025-05-24 23:49:23 - write_node                - ERROR - N/A - Event scores not saved correctly: Expected 0.8, 0.7, 0.6, 0.6799999999999999 but got 0.8, 0.7, 0.6, 0.68
2025-05-24 23:49:23 - write_node                - INFO - N/A - (Stage 3) Scores without inconsistency case
2025-05-24 23:49:23 - write_node                - INFO - N/A - (Stage 2.1) Summary/attitude full case
2025-05-24 23:49:23 - write_node                - ERROR - N/A - Error processing person event: add_attitude_full() got an unexpected keyword argument 'is_expert_flag'
2025-05-24 23:49:23 - write_node                - INFO - N/A - Chunk 100 marked as processed
2025-05-24 23:49:24 - event_classifier          - INFO - N/A - (Stage 0) Processing chunk 93 started
2025-05-24 23:49:31 - person_summary            - INFO - 47.378s - Successfully got comment
2025-05-24 23:49:31 - person_summary            - INFO - 47.380s - Chunk 102 processed successfully. Processed 1 person events.
2025-05-24 23:49:31 - opinion_scoring           - INFO - N/A - (Stage 3) Opinion scoring for chunk 102 started
2025-05-24 23:49:38 - event_scoring             - INFO - 39.736s - Successfully calculated event scores
2025-05-24 23:49:38 - event_scoring             - INFO - 39.736s - Chunk 95 processed successfully. Processed 1 general events.
2025-05-24 23:49:40 - sentiment_analysis        - INFO - 41.380s - Successfully got sentiment score
2025-05-24 23:49:40 - sentiment_analysis        - INFO - 41.380s - Chunk 95 processed successfully. Processed 1 person events.
2025-05-24 23:49:40 - inconsistency_detection   - INFO - N/A - (Stage 2) Inconsistency analysis for chunk 95 started
2025-05-24 23:49:40 - inconsistency_detection   - INFO - 0.012s - Chunk 95 processed successfully. Processed 1 person events.
2025-05-24 23:49:40 - person_summary            - INFO - N/A - (Stage 2.1) Person attitude analysis for chunk 95 started
2025-05-24 23:49:40 - person_summary            - INFO - N/A - Missing person ID for person_event 1 in chunk 95.
2025-05-24 23:49:40 - person_summary            - INFO - N/A - No sentiment history found for person Asanda Xawuka in chunk 95, generating new.
2025-05-24 23:49:48 - event_scoring             - INFO - 31.497s - Successfully calculated event scores
2025-05-24 23:49:48 - event_scoring             - INFO - 31.497s - Chunk 94 processed successfully. Processed 1 general events.
2025-05-24 23:49:50 - sentiment_analysis        - INFO - 33.245s - Successfully got sentiment score
2025-05-24 23:49:50 - sentiment_analysis        - INFO - 33.245s - Chunk 94 processed successfully. Processed 1 person events.
2025-05-24 23:49:50 - inconsistency_detection   - INFO - N/A - (Stage 2) Inconsistency analysis for chunk 94 started
2025-05-24 23:49:50 - inconsistency_detection   - INFO - 0.013s - Chunk 94 processed successfully. Processed 1 person events.
2025-05-24 23:49:50 - person_summary            - INFO - N/A - (Stage 2.1) Person attitude analysis for chunk 94 started
2025-05-24 23:49:50 - person_summary            - INFO - N/A - Missing person ID for person_event 1 in chunk 94.
2025-05-24 23:49:50 - person_summary            - INFO - N/A - No sentiment history found for person Colin Loubser in chunk 94, generating new.
2025-05-24 23:50:13 - event_classifier          - WARNING - N/A - Received invalid JSON response: Expecting ',' delimiter: line 9 column 2 (char 626). Attempting to fix...
2025-05-24 23:50:13 - event_classifier          - WARNING - N/A - Failed parsing code block content with substring method
2025-05-24 23:50:13 - event_classifier          - INFO - N/A - Successfully reconstructed JSON with regex field extraction
2025-05-24 23:50:19 - opinion_scoring           - INFO - 47.968s - Successfully calculated opinion scores
2025-05-24 23:50:19 - opinion_scoring           - INFO - 47.968s - Chunk 102 processed successfully. Processed 1 person events.
2025-05-24 23:50:19 - write_node                - INFO - N/A - (Stage 3) Scores without inconsistency case
2025-05-24 23:50:19 - write_node                - INFO - N/A - (Stage 2.1) Summary/attitude full case
2025-05-24 23:50:19 - write_node                - ERROR - N/A - Error processing person event: add_attitude_full() got an unexpected keyword argument 'is_expert_flag'
2025-05-24 23:50:19 - write_node                - INFO - N/A - Chunk 102 marked as processed
2025-05-24 23:50:20 - event_classifier          - INFO - N/A - (Stage 0) Processing chunk 92 started
2025-05-24 23:50:28 - person_summary            - ERROR - N/A - Error in refinement process: 'max_length'. Falling back to truncation.
2025-05-24 23:50:28 - person_summary            - INFO - 48.158s - Successfully got comment
2025-05-24 23:50:28 - person_summary            - INFO - 48.159s - Chunk 95 processed successfully. Processed 1 person events.
2025-05-24 23:50:28 - opinion_scoring           - INFO - N/A - (Stage 3) Opinion scoring for chunk 95 started
2025-05-24 23:50:38 - person_summary            - INFO - 48.414s - Successfully got comment
2025-05-24 23:50:38 - person_summary            - INFO - 48.414s - Chunk 94 processed successfully. Processed 1 person events.
2025-05-24 23:50:38 - opinion_scoring           - INFO - N/A - (Stage 3) Opinion scoring for chunk 94 started
2025-05-24 23:51:00 - event_classifier          - INFO - 96.836s - Chunk 93 processed, (1) general events, (1) opinions.
2025-05-24 23:51:00 - event_scoring             - INFO - N/A - (Stage 1) Event scoring for chunk 93 started
2025-05-24 23:51:00 - sentiment_analysis        - INFO - N/A - (Stage 1) Sentiment analysis for chunk 93 started
2025-05-24 23:51:18 - event_classifier          - WARNING - N/A - Received invalid JSON response: Expecting ',' delimiter: line 9 column 2 (char 526). Attempting to fix...
2025-05-24 23:51:18 - event_classifier          - WARNING - N/A - Failed parsing code block content with substring method
2025-05-24 23:51:18 - event_classifier          - WARNING - N/A - Failed to extract with regex: Unterminated string starting at: line 1 column 296 (char 295)
2025-05-24 23:51:18 - event_classifier          - INFO - 58.313s - Chunk 92 processed, (1) general events, (1) opinions.
2025-05-24 23:51:18 - event_scoring             - INFO - N/A - (Stage 1) Event scoring for chunk 92 started
2025-05-24 23:51:18 - sentiment_analysis        - INFO - N/A - (Stage 1) Sentiment analysis for chunk 92 started
2025-05-24 23:51:24 - opinion_scoring           - INFO - 56.199s - Successfully calculated opinion scores
2025-05-24 23:51:24 - opinion_scoring           - INFO - 56.199s - Chunk 95 processed successfully. Processed 1 person events.
2025-05-24 23:51:25 - write_node                - ERROR - N/A - Event scores not saved correctly: Expected 0.8, 0.7, 0.6, 0.6799999999999999 but got 0.8, 0.7, 0.6, 0.68
2025-05-24 23:51:25 - write_node                - INFO - N/A - (Stage 3) Scores without inconsistency case
2025-05-24 23:51:25 - write_node                - INFO - N/A - (Stage 2.1) Summary/attitude full case
2025-05-24 23:51:25 - write_node                - ERROR - N/A - Error processing person event: add_attitude_full() got an unexpected keyword argument 'is_expert_flag'
2025-05-24 23:51:25 - write_node                - INFO - N/A - Chunk 95 marked as processed
2025-05-24 23:51:25 - event_classifier          - INFO - N/A - (Stage 0) Processing chunk 91 started
2025-05-24 23:51:30 - opinion_scoring           - INFO - 51.856s - Successfully calculated opinion scores
2025-05-24 23:51:30 - opinion_scoring           - INFO - 51.856s - Chunk 94 processed successfully. Processed 1 person events.
2025-05-24 23:51:30 - write_node                - INFO - N/A - (Stage 3) Scores without inconsistency case
2025-05-24 23:51:30 - write_node                - ERROR - N/A - Opinion scores not saved correctly for ID 49: hotness: expected 0.8049999999999999, got 0.805
2025-05-24 23:51:30 - write_node                - INFO - N/A - (Stage 2.1) Summary/attitude full case
2025-05-24 23:51:30 - write_node                - ERROR - N/A - Error processing person event: add_attitude_full() got an unexpected keyword argument 'is_expert_flag'
2025-05-24 23:51:30 - write_node                - INFO - N/A - Chunk 94 marked as processed
2025-05-24 23:51:31 - event_classifier          - INFO - N/A - (Stage 0) Processing chunk 90 started
2025-05-24 23:51:37 - event_scoring             - INFO - 36.572s - Successfully calculated event scores
2025-05-24 23:51:37 - event_scoring             - INFO - 36.572s - Chunk 93 processed successfully. Processed 1 general events.
2025-05-24 23:51:39 - sentiment_analysis        - INFO - 38.107s - Successfully got sentiment score
2025-05-24 23:51:39 - sentiment_analysis        - INFO - 38.107s - Chunk 93 processed successfully. Processed 1 person events.
2025-05-24 23:51:39 - inconsistency_detection   - INFO - N/A - (Stage 2) Inconsistency analysis for chunk 93 started
2025-05-24 23:51:39 - inconsistency_detection   - INFO - 0.011s - Chunk 93 processed successfully. Processed 1 person events.
2025-05-24 23:51:39 - person_summary            - INFO - N/A - (Stage 2.1) Person attitude analysis for chunk 93 started
2025-05-24 23:51:39 - person_summary            - INFO - N/A - Missing person ID for person_event 1 in chunk 93.
2025-05-24 23:51:39 - person_summary            - INFO - N/A - No sentiment history found for person Billie Joe Armstrong in chunk 93, generating new.
2025-05-24 23:51:46 - event_scoring             - INFO - 28.037s - Successfully calculated event scores
2025-05-24 23:51:46 - event_scoring             - INFO - 28.037s - Chunk 92 processed successfully. Processed 1 general events.
2025-05-24 23:51:48 - sentiment_analysis        - INFO - 29.781s - Successfully got sentiment score
2025-05-24 23:51:48 - sentiment_analysis        - INFO - 29.781s - Chunk 92 processed successfully. Processed 1 person events.
2025-05-24 23:51:48 - inconsistency_detection   - INFO - N/A - (Stage 2) Inconsistency analysis for chunk 92 started
2025-05-24 23:51:48 - inconsistency_detection   - INFO - 0.012s - Chunk 92 processed successfully. Processed 1 person events.
2025-05-24 23:51:48 - person_summary            - INFO - N/A - (Stage 2.1) Person attitude analysis for chunk 92 started
2025-05-24 23:51:48 - person_summary            - INFO - N/A - Missing person ID for person_event 1 in chunk 92.
2025-05-24 23:51:48 - person_summary            - INFO - N/A - No sentiment history found for person Ben Moussa in chunk 92, generating new.
2025-05-24 23:52:06 - event_classifier          - WARNING - N/A - Received invalid JSON response: Expecting ',' delimiter: line 9 column 2 (char 495). Attempting to fix...
2025-05-24 23:52:06 - event_classifier          - WARNING - N/A - Failed parsing code block content with substring method
2025-05-24 23:52:06 - event_classifier          - WARNING - N/A - Failed to extract with regex: Unterminated string starting at: line 1 column 251 (char 250)
2025-05-24 23:52:06 - event_classifier          - INFO - 41.115s - Chunk 91 processed, (1) general events, (1) opinions.
2025-05-24 23:52:06 - event_scoring             - INFO - N/A - (Stage 1) Event scoring for chunk 91 started
2025-05-24 23:52:06 - sentiment_analysis        - INFO - N/A - (Stage 1) Sentiment analysis for chunk 91 started
2025-05-24 23:52:24 - event_classifier          - INFO - 52.805s - Chunk 90 processed, (1) general events, (1) opinions.
2025-05-24 23:52:24 - event_scoring             - INFO - N/A - (Stage 1) Event scoring for chunk 90 started
2025-05-24 23:52:24 - sentiment_analysis        - INFO - N/A - (Stage 1) Sentiment analysis for chunk 90 started
2025-05-24 23:52:31 - person_summary            - INFO - 52.461s - Successfully got comment
2025-05-24 23:52:31 - person_summary            - INFO - 52.462s - Chunk 93 processed successfully. Processed 1 person events.
2025-05-24 23:52:31 - opinion_scoring           - INFO - N/A - (Stage 3) Opinion scoring for chunk 93 started
2025-05-24 23:52:41 - person_summary            - INFO - 52.687s - Successfully got comment
2025-05-24 23:52:41 - person_summary            - INFO - 52.688s - Chunk 92 processed successfully. Processed 1 person events.
2025-05-24 23:52:41 - opinion_scoring           - INFO - N/A - (Stage 3) Opinion scoring for chunk 92 started
2025-05-24 23:52:48 - event_scoring             - INFO - 42.164s - Successfully calculated event scores
2025-05-24 23:52:48 - event_scoring             - INFO - 42.164s - Chunk 91 processed successfully. Processed 1 general events.
2025-05-24 23:52:50 - sentiment_analysis        - INFO - 43.697s - Successfully got sentiment score
2025-05-24 23:52:50 - sentiment_analysis        - INFO - 43.697s - Chunk 91 processed successfully. Processed 1 person events.
2025-05-24 23:52:50 - inconsistency_detection   - INFO - N/A - (Stage 2) Inconsistency analysis for chunk 91 started
2025-05-24 23:52:50 - inconsistency_detection   - INFO - 0.012s - Chunk 91 processed successfully. Processed 1 person events.
2025-05-24 23:52:50 - person_summary            - INFO - N/A - (Stage 2.1) Person attitude analysis for chunk 91 started
2025-05-24 23:52:50 - person_summary            - INFO - N/A - Missing person ID for person_event 1 in chunk 91.
2025-05-24 23:52:50 - person_summary            - INFO - N/A - No sentiment history found for person Wissal Ben Moussa in chunk 91, generating new.
2025-05-24 23:52:58 - event_scoring             - INFO - 34.747s - Successfully calculated event scores
2025-05-24 23:52:58 - event_scoring             - INFO - 34.747s - Chunk 90 processed successfully. Processed 1 general events.
2025-05-24 23:53:00 - sentiment_analysis        - INFO - 36.386s - Successfully got sentiment score
2025-05-24 23:53:00 - sentiment_analysis        - INFO - 36.387s - Chunk 90 processed successfully. Processed 1 person events.
2025-05-24 23:53:00 - inconsistency_detection   - INFO - N/A - (Stage 2) Inconsistency analysis for chunk 90 started
2025-05-24 23:53:00 - inconsistency_detection   - INFO - 0.011s - Chunk 90 processed successfully. Processed 1 person events.
2025-05-24 23:53:00 - person_summary            - INFO - N/A - (Stage 2.1) Person attitude analysis for chunk 90 started
2025-05-24 23:53:00 - person_summary            - INFO - N/A - Missing person ID for person_event 1 in chunk 90.
2025-05-24 23:53:00 - person_summary            - INFO - N/A - No sentiment history found for person Jesse Jenkins in chunk 90, generating new.
2025-05-24 23:53:07 - opinion_scoring           - INFO - 35.596s - Successfully calculated opinion scores
2025-05-24 23:53:07 - opinion_scoring           - INFO - 35.596s - Chunk 93 processed successfully. Processed 1 person events.
2025-05-24 23:53:07 - write_node                - INFO - N/A - (Stage 3) Scores without inconsistency case
2025-05-24 23:53:07 - write_node                - INFO - N/A - (Stage 2.1) Summary/attitude full case
2025-05-24 23:53:07 - write_node                - ERROR - N/A - Error processing person event: add_attitude_full() got an unexpected keyword argument 'is_expert_flag'
2025-05-24 23:53:07 - write_node                - INFO - N/A - Chunk 93 marked as processed
2025-05-24 23:53:07 - event_classifier          - INFO - N/A - (Stage 0) Processing chunk 89 started
2025-05-24 23:53:12 - opinion_scoring           - INFO - 31.608s - Successfully calculated opinion scores
2025-05-24 23:53:12 - opinion_scoring           - INFO - 31.608s - Chunk 92 processed successfully. Processed 1 person events.
2025-05-24 23:53:12 - write_node                - ERROR - N/A - Event scores not saved correctly: Expected 0.85, 0.75, 0.6, 0.7124999999999999 but got 0.85, 0.75, 0.6, 0.7125
2025-05-24 23:53:12 - write_node                - INFO - N/A - (Stage 3) Scores without inconsistency case
2025-05-24 23:53:12 - write_node                - INFO - N/A - (Stage 2.1) Summary/attitude full case
2025-05-24 23:53:12 - write_node                - ERROR - N/A - Error processing person event: add_attitude_full() got an unexpected keyword argument 'is_expert_flag'
2025-05-24 23:53:12 - write_node                - INFO - N/A - Chunk 92 marked as processed
2025-05-24 23:53:13 - event_classifier          - INFO - N/A - (Stage 0) Processing chunk 88 started
2025-05-24 23:53:23 - person_summary            - ERROR - N/A - Error in refinement process: 'max_length'. Falling back to truncation.
2025-05-24 23:53:23 - person_summary            - INFO - 33.088s - Successfully got comment
2025-05-24 23:53:23 - person_summary            - INFO - 33.089s - Chunk 91 processed successfully. Processed 1 person events.
2025-05-24 23:53:23 - opinion_scoring           - INFO - N/A - (Stage 3) Opinion scoring for chunk 91 started
2025-05-24 23:53:32 - person_summary            - ERROR - N/A - Error in refinement process: 'max_length'. Falling back to truncation.
2025-05-24 23:53:32 - person_summary            - INFO - 32.540s - Successfully got comment
2025-05-24 23:53:32 - person_summary            - INFO - 32.540s - Chunk 90 processed successfully. Processed 1 person events.
2025-05-24 23:53:32 - opinion_scoring           - INFO - N/A - (Stage 3) Opinion scoring for chunk 90 started
2025-05-24 23:53:50 - event_classifier          - INFO - 42.959s - Chunk 89 processed, (1) general events, (1) opinions.
2025-05-24 23:53:50 - event_scoring             - INFO - N/A - (Stage 1) Event scoring for chunk 89 started
2025-05-24 23:53:50 - sentiment_analysis        - INFO - N/A - (Stage 1) Sentiment analysis for chunk 89 started
2025-05-24 23:54:10 - event_classifier          - WARNING - N/A - Received invalid JSON response: Expecting ',' delimiter: line 9 column 2 (char 629). Attempting to fix...
2025-05-24 23:54:10 - event_classifier          - WARNING - N/A - Failed parsing code block content with substring method
2025-05-24 23:54:10 - event_classifier          - INFO - N/A - Successfully reconstructed JSON with regex field extraction
2025-05-24 23:54:17 - opinion_scoring           - INFO - 53.700s - Successfully calculated opinion scores
2025-05-24 23:54:17 - opinion_scoring           - INFO - 53.700s - Chunk 91 processed successfully. Processed 1 person events.
2025-05-24 23:54:17 - write_node                - ERROR - N/A - Event scores not saved correctly: Expected 0.8, 0.7, 0.6, 0.6799999999999999 but got 0.8, 0.7, 0.6, 0.68
2025-05-24 23:54:17 - write_node                - INFO - N/A - (Stage 3) Scores without inconsistency case
2025-05-24 23:54:17 - write_node                - INFO - N/A - (Stage 2.1) Summary/attitude full case
2025-05-24 23:54:17 - write_node                - ERROR - N/A - Error processing person event: add_attitude_full() got an unexpected keyword argument 'is_expert_flag'
2025-05-24 23:54:17 - write_node                - INFO - N/A - Chunk 91 marked as processed
2025-05-24 23:54:17 - event_classifier          - INFO - N/A - (Stage 0) Processing chunk 87 started
2025-05-24 23:54:22 - opinion_scoring           - INFO - 49.893s - Successfully calculated opinion scores
2025-05-24 23:54:22 - opinion_scoring           - INFO - 49.893s - Chunk 90 processed successfully. Processed 1 person events.
2025-05-24 23:54:22 - write_node                - INFO - N/A - (Stage 3) Scores without inconsistency case
2025-05-24 23:54:22 - write_node                - INFO - N/A - (Stage 2.1) Summary/attitude full case
2025-05-24 23:54:22 - write_node                - ERROR - N/A - Error processing person event: add_attitude_full() got an unexpected keyword argument 'is_expert_flag'
2025-05-24 23:54:23 - write_node                - INFO - N/A - Chunk 90 marked as processed
2025-05-24 23:54:23 - event_classifier          - INFO - N/A - (Stage 0) Processing chunk 86 started
2025-05-24 23:54:30 - event_scoring             - INFO - 40.111s - Successfully calculated event scores
2025-05-24 23:54:30 - event_scoring             - INFO - 40.111s - Chunk 89 processed successfully. Processed 1 general events.
2025-05-24 23:54:32 - sentiment_analysis        - INFO - 41.794s - Successfully got sentiment score
2025-05-24 23:54:32 - sentiment_analysis        - INFO - 41.794s - Chunk 89 processed successfully. Processed 1 person events.
2025-05-24 23:54:32 - inconsistency_detection   - INFO - N/A - (Stage 2) Inconsistency analysis for chunk 89 started
2025-05-24 23:54:32 - inconsistency_detection   - INFO - 0.012s - Chunk 89 processed successfully. Processed 1 person events.
2025-05-24 23:54:32 - person_summary            - INFO - N/A - (Stage 2.1) Person attitude analysis for chunk 89 started
2025-05-24 23:54:32 - person_summary            - INFO - N/A - Missing person ID for person_event 1 in chunk 89.
2025-05-24 23:54:32 - person_summary            - INFO - N/A - No sentiment history found for person John O’Donnell in chunk 89, generating new.
2025-05-24 23:54:57 - event_classifier          - INFO - 104.419s - Chunk 88 processed, (1) general events, (1) opinions.
2025-05-24 23:54:57 - event_scoring             - INFO - N/A - (Stage 1) Event scoring for chunk 88 started
2025-05-24 23:54:57 - sentiment_analysis        - INFO - N/A - (Stage 1) Sentiment analysis for chunk 88 started
2025-05-24 23:55:20 - event_classifier          - WARNING - N/A - Received invalid JSON response: Expecting ',' delimiter: line 9 column 2 (char 691). Attempting to fix...
2025-05-24 23:55:20 - event_classifier          - WARNING - N/A - Failed parsing code block content with substring method
2025-05-24 23:55:20 - event_classifier          - WARNING - N/A - Failed to extract with regex: Unterminated string starting at: line 1 column 227 (char 226)
2025-05-24 23:55:35 - event_classifier          - INFO - 71.914s - Chunk 86 processed, (1) general events, (1) opinions.
2025-05-24 23:55:35 - event_scoring             - INFO - N/A - (Stage 1) Event scoring for chunk 86 started
2025-05-24 23:55:35 - sentiment_analysis        - INFO - N/A - (Stage 1) Sentiment analysis for chunk 86 started
2025-05-24 23:55:46 - person_summary            - INFO - 74.171s - Successfully got comment
2025-05-24 23:55:46 - person_summary            - INFO - 74.172s - Chunk 89 processed successfully. Processed 1 person events.
2025-05-24 23:55:46 - opinion_scoring           - INFO - N/A - (Stage 3) Opinion scoring for chunk 89 started
2025-05-24 23:55:55 - event_scoring             - INFO - 57.358s - Successfully calculated event scores
2025-05-24 23:55:55 - event_scoring             - INFO - 57.358s - Chunk 88 processed successfully. Processed 1 general events.
2025-05-24 23:55:57 - sentiment_analysis        - INFO - 59.422s - Successfully got sentiment score
2025-05-24 23:55:57 - sentiment_analysis        - INFO - 59.422s - Chunk 88 processed successfully. Processed 1 person events.
2025-05-24 23:55:57 - inconsistency_detection   - INFO - N/A - (Stage 2) Inconsistency analysis for chunk 88 started
2025-05-24 23:55:57 - inconsistency_detection   - INFO - 0.013s - Chunk 88 processed successfully. Processed 1 person events.
2025-05-24 23:55:57 - person_summary            - INFO - N/A - (Stage 2.1) Person attitude analysis for chunk 88 started
2025-05-24 23:55:57 - person_summary            - INFO - N/A - Missing person ID for person_event 1 in chunk 88.
2025-05-24 23:55:57 - person_summary            - INFO - N/A - No sentiment history found for person Andrew Ponec in chunk 88, generating new.
2025-05-24 23:56:19 - event_classifier          - INFO - 121.289s - Chunk 87 processed, (1) general events, (1) opinions.
2025-05-24 23:56:19 - event_scoring             - INFO - N/A - (Stage 1) Event scoring for chunk 87 started
2025-05-24 23:56:19 - sentiment_analysis        - INFO - N/A - (Stage 1) Sentiment analysis for chunk 87 started
2025-05-24 23:56:27 - event_scoring             - INFO - 52.256s - Successfully calculated event scores
2025-05-24 23:56:27 - event_scoring             - INFO - 52.256s - Chunk 86 processed successfully. Processed 1 general events.
2025-05-24 23:56:29 - sentiment_analysis        - INFO - 53.943s - Successfully got sentiment score
2025-05-24 23:56:29 - sentiment_analysis        - INFO - 53.943s - Chunk 86 processed successfully. Processed 1 person events.
2025-05-24 23:56:29 - inconsistency_detection   - INFO - N/A - (Stage 2) Inconsistency analysis for chunk 86 started
2025-05-24 23:56:36 - opinion_scoring           - INFO - 49.553s - Successfully calculated opinion scores
2025-05-24 23:56:36 - opinion_scoring           - INFO - 49.553s - Chunk 89 processed successfully. Processed 1 person events.
2025-05-24 23:56:36 - write_node                - INFO - N/A - (Stage 3) Scores without inconsistency case
2025-05-24 23:56:36 - write_node                - INFO - N/A - (Stage 2.1) Summary/attitude full case
2025-05-24 23:56:36 - write_node                - ERROR - N/A - Error processing person event: add_attitude_full() got an unexpected keyword argument 'is_expert_flag'
2025-05-24 23:56:36 - write_node                - INFO - N/A - Chunk 89 marked as processed
2025-05-24 23:56:36 - event_classifier          - INFO - N/A - (Stage 0) Processing chunk 85 started
2025-05-24 23:56:47 - person_summary            - ERROR - N/A - Error in refinement process: 'max_length'. Falling back to truncation.
2025-05-24 23:56:47 - person_summary            - INFO - 50.176s - Successfully got comment
2025-05-24 23:56:47 - person_summary            - INFO - 50.177s - Chunk 88 processed successfully. Processed 1 person events.
2025-05-24 23:56:47 - opinion_scoring           - INFO - N/A - (Stage 3) Opinion scoring for chunk 88 started
2025-05-24 23:56:55 - event_scoring             - INFO - 35.817s - Successfully calculated event scores
2025-05-24 23:56:55 - event_scoring             - INFO - 35.818s - Chunk 87 processed successfully. Processed 1 general events.
2025-05-24 23:56:56 - sentiment_analysis        - INFO - 37.539s - Successfully got sentiment score
2025-05-24 23:56:56 - sentiment_analysis        - INFO - 37.539s - Chunk 87 processed successfully. Processed 1 person events.
2025-05-24 23:56:56 - inconsistency_detection   - INFO - N/A - (Stage 2) Inconsistency analysis for chunk 87 started
2025-05-24 23:56:56 - inconsistency_detection   - INFO - 0.012s - Chunk 87 processed successfully. Processed 1 person events.
2025-05-24 23:56:56 - person_summary            - INFO - N/A - (Stage 2.1) Person attitude analysis for chunk 87 started
2025-05-24 23:56:56 - person_summary            - INFO - N/A - Missing person ID for person_event 1 in chunk 87.
2025-05-24 23:56:56 - person_summary            - INFO - N/A - No sentiment history found for person Katharine Hayhoe in chunk 87, generating new.
2025-05-24 23:57:01 - inconsistency_detection   - INFO - 32.432s - Successfully got comment
2025-05-24 23:57:01 - inconsistency_detection   - INFO - 32.465s - Chunk 86 processed successfully. Processed 1 person events.
2025-05-24 23:57:01 - person_summary            - INFO - N/A - (Stage 2.1) Person attitude analysis for chunk 86 started
2025-05-24 23:57:01 - person_summary            - INFO - N/A - Sentiment history found for person Unspecified in chunk 86.
2025-05-24 23:57:17 - event_classifier          - WARNING - N/A - Received invalid JSON response: Expecting ',' delimiter: line 9 column 2 (char 495). Attempting to fix...
2025-05-24 23:57:17 - event_classifier          - WARNING - N/A - Failed parsing code block content with substring method
2025-05-24 23:57:17 - event_classifier          - INFO - N/A - Successfully reconstructed JSON with regex field extraction
2025-05-24 23:57:17 - event_classifier          - INFO - 40.581s - Chunk 85 processed, (1) general events, (1) opinions.
2025-05-24 23:57:17 - event_scoring             - INFO - N/A - (Stage 1) Event scoring for chunk 85 started
2025-05-24 23:57:17 - sentiment_analysis        - INFO - N/A - (Stage 1) Sentiment analysis for chunk 85 started
2025-05-24 23:57:24 - opinion_scoring           - INFO - 37.049s - Successfully calculated opinion scores
2025-05-24 23:57:24 - opinion_scoring           - INFO - 37.049s - Chunk 88 processed successfully. Processed 1 person events.
2025-05-24 23:57:24 - write_node                - INFO - N/A - (Stage 3) Scores without inconsistency case
2025-05-24 23:57:24 - write_node                - INFO - N/A - (Stage 2.1) Summary/attitude full case
2025-05-24 23:57:24 - write_node                - ERROR - N/A - Error processing person event: add_attitude_full() got an unexpected keyword argument 'is_expert_flag'
2025-05-24 23:57:24 - write_node                - INFO - N/A - Chunk 88 marked as processed
2025-05-24 23:57:25 - event_classifier          - INFO - N/A - (Stage 0) Processing chunk 83 started
2025-05-24 23:57:33 - person_summary            - ERROR - N/A - Error in refinement process: 'max_length'. Falling back to truncation.
2025-05-24 23:57:33 - person_summary            - INFO - 36.798s - Successfully got comment
2025-05-24 23:57:33 - person_summary            - INFO - 36.800s - Chunk 87 processed successfully. Processed 1 person events.
2025-05-24 23:57:33 - opinion_scoring           - INFO - N/A - (Stage 3) Opinion scoring for chunk 87 started
2025-05-24 23:57:41 - person_summary            - INFO - 39.735s - Successfully got comment
2025-05-24 23:57:41 - person_summary            - INFO - 39.769s - Chunk 86 processed successfully. Processed 1 person events.
2025-05-24 23:57:41 - opinion_scoring           - INFO - N/A - (Stage 3) Opinion scoring for chunk 86 started
2025-05-24 23:57:47 - event_scoring             - INFO - 30.392s - Successfully calculated event scores
2025-05-24 23:57:47 - event_scoring             - INFO - 30.392s - Chunk 85 processed successfully. Processed 1 general events.
2025-05-24 23:57:49 - sentiment_analysis        - INFO - 31.787s - Successfully got sentiment score
2025-05-24 23:57:49 - sentiment_analysis        - INFO - 31.787s - Chunk 85 processed successfully. Processed 1 person events.
2025-05-24 23:57:49 - inconsistency_detection   - INFO - N/A - (Stage 2) Inconsistency analysis for chunk 85 started
2025-05-24 23:57:49 - inconsistency_detection   - INFO - 0.012s - Chunk 85 processed successfully. Processed 1 person events.
2025-05-24 23:57:49 - person_summary            - INFO - N/A - (Stage 2.1) Person attitude analysis for chunk 85 started
2025-05-24 23:57:49 - person_summary            - INFO - N/A - Missing person ID for person_event 1 in chunk 85.
2025-05-24 23:57:49 - person_summary            - INFO - N/A - No sentiment history found for person Johanna Johannsen in chunk 85, generating new.
2025-05-24 23:58:07 - event_classifier          - WARNING - N/A - Received invalid JSON response: Expecting ',' delimiter: line 9 column 2 (char 422). Attempting to fix...
2025-05-24 23:58:07 - event_classifier          - WARNING - N/A - Failed parsing code block content with substring method
2025-05-24 23:58:07 - event_classifier          - WARNING - N/A - Failed to extract with regex: Unterminated string starting at: line 1 column 288 (char 287)
2025-05-24 23:58:07 - event_classifier          - INFO - 42.311s - Chunk 83 processed, (1) general events, (1) opinions.
2025-05-24 23:58:07 - event_scoring             - INFO - N/A - (Stage 1) Event scoring for chunk 83 started
2025-05-24 23:58:07 - sentiment_analysis        - INFO - N/A - (Stage 1) Sentiment analysis for chunk 83 started
2025-05-24 23:58:14 - opinion_scoring           - INFO - 40.464s - Successfully calculated opinion scores
2025-05-24 23:58:14 - opinion_scoring           - INFO - 40.464s - Chunk 87 processed successfully. Processed 1 person events.
2025-05-24 23:58:14 - write_node                - INFO - N/A - (Stage 3) Scores without inconsistency case
2025-05-24 23:58:14 - write_node                - INFO - N/A - (Stage 2.1) Summary/attitude full case
2025-05-24 23:58:14 - write_node                - ERROR - N/A - Error processing person event: add_attitude_full() got an unexpected keyword argument 'is_expert_flag'
2025-05-24 23:58:14 - write_node                - INFO - N/A - Chunk 87 marked as processed
2025-05-24 23:58:14 - event_classifier          - INFO - N/A - (Stage 0) Processing chunk 84 started
2025-05-24 23:58:19 - opinion_scoring           - INFO - 38.024s - Successfully calculated opinion scores
2025-05-24 23:58:19 - opinion_scoring           - INFO - 38.024s - Chunk 86 processed successfully. Processed 1 person events.
2025-05-24 23:58:19 - write_node                - INFO - N/A - (Stage 3) Scored case
2025-05-24 23:58:19 - write_node                - INFO - N/A - (Stage 2.1) Summary/attitude full case
2025-05-24 23:58:19 - write_node                - ERROR - N/A - Error processing person event: add_attitude_full() got an unexpected keyword argument 'is_expert_flag'
2025-05-24 23:58:19 - write_node                - INFO - N/A - Chunk 86 marked as processed
2025-05-24 23:58:20 - event_classifier          - INFO - N/A - (Stage 0) Processing chunk 82 started
2025-05-24 23:58:26 - person_summary            - INFO - 36.788s - Successfully got comment
2025-05-24 23:58:26 - person_summary            - INFO - 36.789s - Chunk 85 processed successfully. Processed 1 person events.
2025-05-24 23:58:26 - opinion_scoring           - INFO - N/A - (Stage 3) Opinion scoring for chunk 85 started
2025-05-24 23:58:34 - event_scoring             - INFO - 26.759s - Successfully calculated event scores
2025-05-24 23:58:34 - event_scoring             - INFO - 26.760s - Chunk 83 processed successfully. Processed 1 general events.
2025-05-24 23:58:35 - sentiment_analysis        - INFO - 28.294s - Successfully got sentiment score
2025-05-24 23:58:35 - sentiment_analysis        - INFO - 28.294s - Chunk 83 processed successfully. Processed 1 person events.
2025-05-24 23:58:35 - inconsistency_detection   - INFO - N/A - (Stage 2) Inconsistency analysis for chunk 83 started
2025-05-24 23:58:35 - inconsistency_detection   - INFO - 0.012s - Chunk 83 processed successfully. Processed 1 person events.
2025-05-24 23:58:35 - person_summary            - INFO - N/A - (Stage 2.1) Person attitude analysis for chunk 83 started
2025-05-24 23:58:35 - person_summary            - INFO - N/A - Missing person ID for person_event 1 in chunk 83.
2025-05-24 23:58:35 - person_summary            - INFO - N/A - No sentiment history found for person Kerri Johannsen in chunk 83, generating new.
2025-05-24 23:58:53 - event_classifier          - INFO - 38.491s - Chunk 84 processed, (1) general events, (1) opinions.
2025-05-24 23:58:53 - event_scoring             - INFO - N/A - (Stage 1) Event scoring for chunk 84 started
2025-05-24 23:58:53 - sentiment_analysis        - INFO - N/A - (Stage 1) Sentiment analysis for chunk 84 started
2025-05-24 23:59:08 - event_classifier          - WARNING - N/A - Received invalid JSON response: Expecting ',' delimiter: line 9 column 2 (char 442). Attempting to fix...
2025-05-24 23:59:08 - event_classifier          - WARNING - N/A - Failed parsing code block content with substring method
2025-05-24 23:59:08 - event_classifier          - INFO - N/A - Successfully reconstructed JSON with regex field extraction
2025-05-24 23:59:08 - event_classifier          - INFO - 48.296s - Chunk 82 processed, (1) general events, (1) opinions.
2025-05-24 23:59:08 - event_scoring             - INFO - N/A - (Stage 1) Event scoring for chunk 82 started
2025-05-24 23:59:08 - sentiment_analysis        - INFO - N/A - (Stage 1) Sentiment analysis for chunk 82 started
2025-05-24 23:59:15 - opinion_scoring           - INFO - 48.917s - Successfully calculated opinion scores
2025-05-24 23:59:15 - opinion_scoring           - INFO - 48.917s - Chunk 85 processed successfully. Processed 1 person events.
2025-05-24 23:59:15 - write_node                - INFO - N/A - (Stage 3) Scores without inconsistency case
2025-05-24 23:59:15 - write_node                - INFO - N/A - (Stage 2.1) Summary/attitude full case
2025-05-24 23:59:15 - write_node                - ERROR - N/A - Error processing person event: add_attitude_full() got an unexpected keyword argument 'is_expert_flag'
2025-05-24 23:59:15 - write_node                - INFO - N/A - Chunk 85 marked as processed
2025-05-24 23:59:15 - event_classifier          - INFO - N/A - (Stage 0) Processing chunk 81 started
2025-05-24 23:59:25 - person_summary            - INFO - 49.280s - Successfully got comment
2025-05-24 23:59:25 - person_summary            - INFO - 49.281s - Chunk 83 processed successfully. Processed 1 person events.
2025-05-24 23:59:25 - opinion_scoring           - INFO - N/A - (Stage 3) Opinion scoring for chunk 83 started
2025-05-24 23:59:33 - event_scoring             - INFO - 39.764s - Successfully calculated event scores
2025-05-24 23:59:33 - event_scoring             - INFO - 39.765s - Chunk 84 processed successfully. Processed 1 general events.
2025-05-24 23:59:34 - sentiment_analysis        - INFO - 41.435s - Successfully got sentiment score
2025-05-24 23:59:34 - sentiment_analysis        - INFO - 41.436s - Chunk 84 processed successfully. Processed 1 person events.
2025-05-24 23:59:34 - inconsistency_detection   - INFO - N/A - (Stage 2) Inconsistency analysis for chunk 84 started
2025-05-24 23:59:34 - inconsistency_detection   - INFO - 0.010s - Chunk 84 processed successfully. Processed 1 person events.
2025-05-24 23:59:34 - person_summary            - INFO - N/A - (Stage 2.1) Person attitude analysis for chunk 84 started
2025-05-24 23:59:34 - person_summary            - INFO - N/A - Missing person ID for person_event 1 in chunk 84.
2025-05-24 23:59:34 - person_summary            - INFO - N/A - No sentiment history found for person Peter Thorne in chunk 84, generating new.
2025-05-24 23:59:42 - event_scoring             - INFO - 34.142s - Successfully calculated event scores
2025-05-24 23:59:42 - event_scoring             - INFO - 34.142s - Chunk 82 processed successfully. Processed 1 general events.
2025-05-24 23:59:44 - sentiment_analysis        - INFO - 35.825s - Successfully got sentiment score
2025-05-24 23:59:44 - sentiment_analysis        - INFO - 35.826s - Chunk 82 processed successfully. Processed 1 person events.
2025-05-24 23:59:44 - inconsistency_detection   - INFO - N/A - (Stage 2) Inconsistency analysis for chunk 82 started
2025-05-24 23:59:44 - inconsistency_detection   - INFO - 0.012s - Chunk 82 processed successfully. Processed 1 person events.
2025-05-24 23:59:44 - person_summary            - INFO - N/A - (Stage 2.1) Person attitude analysis for chunk 82 started
2025-05-24 23:59:44 - person_summary            - INFO - N/A - Missing person ID for person_event 1 in chunk 82.
2025-05-24 23:59:44 - person_summary            - INFO - N/A - No sentiment history found for person Laith Whitwham in chunk 82, generating new.
2025-05-25 00:00:02 - event_classifier          - WARNING - N/A - Received invalid JSON response: Expecting ',' delimiter: line 9 column 2 (char 494). Attempting to fix...
2025-05-25 00:00:02 - event_classifier          - WARNING - N/A - Failed parsing code block content with substring method
2025-05-25 00:00:02 - event_classifier          - WARNING - N/A - Failed to extract with regex: Unterminated string starting at: line 1 column 265 (char 264)
2025-05-25 00:00:02 - event_classifier          - INFO - 46.368s - Chunk 81 processed, (1) general events, (1) opinions.
2025-05-25 00:00:02 - event_scoring             - INFO - N/A - (Stage 1) Event scoring for chunk 81 started
2025-05-25 00:00:02 - sentiment_analysis        - INFO - N/A - (Stage 1) Sentiment analysis for chunk 81 started
2025-05-25 00:00:08 - opinion_scoring           - INFO - 43.647s - Successfully calculated opinion scores
2025-05-25 00:00:08 - opinion_scoring           - INFO - 43.647s - Chunk 83 processed successfully. Processed 1 person events.
2025-05-25 00:00:08 - write_node                - INFO - N/A - (Stage 3) Scores without inconsistency case
2025-05-25 00:00:08 - write_node                - ERROR - N/A - Opinion scores not saved correctly for ID 59: hotness: expected 0.7649999999999999, got 0.765
2025-05-25 00:00:08 - write_node                - INFO - N/A - (Stage 2.1) Summary/attitude full case
2025-05-25 00:00:08 - write_node                - ERROR - N/A - Error processing person event: add_attitude_full() got an unexpected keyword argument 'is_expert_flag'
2025-05-25 00:00:08 - write_node                - INFO - N/A - Chunk 83 marked as processed
2025-05-25 00:00:09 - event_classifier          - INFO - N/A - (Stage 0) Processing chunk 80 started
2025-05-25 00:00:17 - person_summary            - INFO - 42.405s - Successfully got comment
2025-05-25 00:00:17 - person_summary            - INFO - 42.406s - Chunk 84 processed successfully. Processed 1 person events.
2025-05-25 00:00:17 - opinion_scoring           - INFO - N/A - (Stage 3) Opinion scoring for chunk 84 started
2025-05-25 00:00:27 - person_summary            - ERROR - N/A - Error in refinement process: 'max_length'. Falling back to truncation.
2025-05-25 00:00:27 - person_summary            - INFO - 42.537s - Successfully got comment
2025-05-25 00:00:27 - person_summary            - INFO - 42.537s - Chunk 82 processed successfully. Processed 1 person events.
2025-05-25 00:00:27 - opinion_scoring           - INFO - N/A - (Stage 3) Opinion scoring for chunk 82 started
2025-05-25 00:00:34 - event_scoring             - INFO - 32.401s - Successfully calculated event scores
2025-05-25 00:00:34 - event_scoring             - INFO - 32.401s - Chunk 81 processed successfully. Processed 1 general events.
2025-05-25 00:00:36 - sentiment_analysis        - INFO - 34.154s - Successfully got sentiment score
2025-05-25 00:00:36 - sentiment_analysis        - INFO - 34.154s - Chunk 81 processed successfully. Processed 1 person events.
2025-05-25 00:00:36 - inconsistency_detection   - INFO - N/A - (Stage 2) Inconsistency analysis for chunk 81 started
2025-05-25 00:00:36 - inconsistency_detection   - INFO - 0.014s - Chunk 81 processed successfully. Processed 1 person events.
2025-05-25 00:00:36 - person_summary            - INFO - N/A - (Stage 2.1) Person attitude analysis for chunk 81 started
2025-05-25 00:00:36 - person_summary            - INFO - N/A - Missing person ID for person_event 1 in chunk 81.
2025-05-25 00:00:36 - person_summary            - INFO - N/A - No sentiment history found for person Tomos Harrison in chunk 81, generating new.
2025-05-25 00:00:53 - event_classifier          - WARNING - N/A - Received invalid JSON response: Expecting ',' delimiter: line 9 column 2 (char 443). Attempting to fix...
2025-05-25 00:00:53 - event_classifier          - WARNING - N/A - Failed parsing code block content with substring method
2025-05-25 00:00:53 - event_classifier          - INFO - N/A - Successfully reconstructed JSON with regex field extraction
2025-05-25 00:00:53 - event_classifier          - INFO - 43.801s - Chunk 80 processed, (1) general events, (1) opinions.
2025-05-25 00:00:53 - event_scoring             - INFO - N/A - (Stage 1) Event scoring for chunk 80 started
2025-05-25 00:00:53 - sentiment_analysis        - INFO - N/A - (Stage 1) Sentiment analysis for chunk 80 started
2025-05-25 00:00:59 - opinion_scoring           - INFO - 42.562s - Successfully calculated opinion scores
2025-05-25 00:00:59 - opinion_scoring           - INFO - 42.562s - Chunk 84 processed successfully. Processed 1 person events.
2025-05-25 00:00:59 - write_node                - INFO - N/A - (Stage 3) Scores without inconsistency case
2025-05-25 00:00:59 - write_node                - INFO - N/A - (Stage 2.1) Summary/attitude full case
2025-05-25 00:00:59 - write_node                - ERROR - N/A - Error processing person event: add_attitude_full() got an unexpected keyword argument 'is_expert_flag'
2025-05-25 00:00:59 - write_node                - INFO - N/A - Chunk 84 marked as processed
2025-05-25 00:01:00 - event_classifier          - INFO - N/A - (Stage 0) Processing chunk 79 started
2025-05-25 00:01:05 - opinion_scoring           - INFO - 38.557s - Successfully calculated opinion scores
2025-05-25 00:01:05 - opinion_scoring           - INFO - 38.557s - Chunk 82 processed successfully. Processed 1 person events.
2025-05-25 00:01:05 - write_node                - INFO - N/A - (Stage 3) Scores without inconsistency case
2025-05-25 00:01:05 - write_node                - ERROR - N/A - Opinion scores not saved correctly for ID 61: hotness: expected 0.7749999999999999, got 0.775
2025-05-25 00:01:05 - write_node                - INFO - N/A - (Stage 2.1) Summary/attitude full case
2025-05-25 00:01:05 - write_node                - ERROR - N/A - Error processing person event: add_attitude_full() got an unexpected keyword argument 'is_expert_flag'
2025-05-25 00:01:05 - write_node                - INFO - N/A - Chunk 82 marked as processed
2025-05-25 00:01:06 - event_classifier          - INFO - N/A - (Stage 0) Processing chunk 78 started
2025-05-25 00:01:14 - person_summary            - INFO - 38.344s - Successfully got comment
2025-05-25 00:01:14 - person_summary            - INFO - 38.344s - Chunk 81 processed successfully. Processed 1 person events.
2025-05-25 00:01:14 - opinion_scoring           - INFO - N/A - (Stage 3) Opinion scoring for chunk 81 started
2025-05-25 00:01:22 - event_scoring             - INFO - 29.144s - Successfully calculated event scores
2025-05-25 00:01:22 - event_scoring             - INFO - 29.145s - Chunk 80 processed successfully. Processed 1 general events.
2025-05-25 00:01:24 - sentiment_analysis        - INFO - 30.951s - Successfully got sentiment score
2025-05-25 00:01:24 - sentiment_analysis        - INFO - 30.951s - Chunk 80 processed successfully. Processed 1 person events.
2025-05-25 00:01:24 - inconsistency_detection   - INFO - N/A - (Stage 2) Inconsistency analysis for chunk 80 started
2025-05-25 00:01:24 - inconsistency_detection   - INFO - 0.012s - Chunk 80 processed successfully. Processed 1 person events.
2025-05-25 00:01:24 - person_summary            - INFO - N/A - (Stage 2.1) Person attitude analysis for chunk 80 started
2025-05-25 00:01:24 - person_summary            - INFO - N/A - Missing person ID for person_event 1 in chunk 80.
2025-05-25 00:01:24 - person_summary            - INFO - N/A - No sentiment history found for person Grant Hill in chunk 80, generating new.
2025-05-25 00:01:40 - event_classifier          - WARNING - N/A - Received invalid JSON response: Expecting ',' delimiter: line 9 column 2 (char 414). Attempting to fix...
2025-05-25 00:01:40 - event_classifier          - WARNING - N/A - Failed parsing code block content with substring method
2025-05-25 00:01:40 - event_classifier          - INFO - N/A - Successfully reconstructed JSON with regex field extraction
2025-05-25 00:01:40 - event_classifier          - INFO - 39.953s - Chunk 79 processed, (1) general events, (1) opinions.
2025-05-25 00:01:40 - event_scoring             - INFO - N/A - (Stage 1) Event scoring for chunk 79 started
2025-05-25 00:01:40 - sentiment_analysis        - INFO - N/A - (Stage 1) Sentiment analysis for chunk 79 started
2025-05-25 00:01:56 - event_classifier          - WARNING - N/A - Received invalid JSON response: Expecting ',' delimiter: line 9 column 2 (char 466). Attempting to fix...
2025-05-25 00:01:56 - event_classifier          - WARNING - N/A - Failed parsing code block content with substring method
2025-05-25 00:01:56 - event_classifier          - INFO - N/A - Successfully reconstructed JSON with regex field extraction
2025-05-25 00:01:56 - event_classifier          - INFO - 50.663s - Chunk 78 processed, (1) general events, (1) opinions.
2025-05-25 00:01:56 - event_scoring             - INFO - N/A - (Stage 1) Event scoring for chunk 78 started
2025-05-25 00:01:56 - sentiment_analysis        - INFO - N/A - (Stage 1) Sentiment analysis for chunk 78 started
2025-05-25 00:02:03 - opinion_scoring           - INFO - 48.720s - Successfully calculated opinion scores
2025-05-25 00:02:03 - opinion_scoring           - INFO - 48.720s - Chunk 81 processed successfully. Processed 1 person events.
2025-05-25 00:02:03 - write_node                - INFO - N/A - (Stage 3) Scores without inconsistency case
2025-05-25 00:02:03 - write_node                - INFO - N/A - (Stage 2.1) Summary/attitude full case
2025-05-25 00:02:03 - write_node                - ERROR - N/A - Error processing person event: add_attitude_full() got an unexpected keyword argument 'is_expert_flag'
2025-05-25 00:02:03 - write_node                - INFO - N/A - Chunk 81 marked as processed
2025-05-25 00:02:04 - event_classifier          - INFO - N/A - (Stage 0) Processing chunk 75 started
2025-05-25 00:02:11 - person_summary            - INFO - 46.937s - Successfully got comment
2025-05-25 00:02:11 - person_summary            - INFO - 46.937s - Chunk 80 processed successfully. Processed 1 person events.
2025-05-25 00:02:11 - opinion_scoring           - INFO - N/A - (Stage 3) Opinion scoring for chunk 80 started
2025-05-25 00:02:19 - event_scoring             - INFO - 38.741s - Successfully calculated event scores
2025-05-25 00:02:19 - event_scoring             - INFO - 38.741s - Chunk 79 processed successfully. Processed 1 general events.
2025-05-25 00:02:20 - sentiment_analysis        - INFO - 40.297s - Successfully got sentiment score
2025-05-25 00:02:20 - sentiment_analysis        - INFO - 40.298s - Chunk 79 processed successfully. Processed 1 person events.
2025-05-25 00:02:20 - inconsistency_detection   - INFO - N/A - (Stage 2) Inconsistency analysis for chunk 79 started
2025-05-25 00:02:20 - inconsistency_detection   - INFO - 0.011s - Chunk 79 processed successfully. Processed 1 person events.
2025-05-25 00:02:20 - person_summary            - INFO - N/A - (Stage 2.1) Person attitude analysis for chunk 79 started
2025-05-25 00:02:20 - person_summary            - INFO - N/A - Missing person ID for person_event 1 in chunk 79.
2025-05-25 00:02:20 - person_summary            - INFO - N/A - No sentiment history found for person Mark Green in chunk 79, generating new.
2025-05-25 00:02:28 - event_scoring             - INFO - 31.187s - Successfully calculated event scores
2025-05-25 00:02:28 - event_scoring             - INFO - 31.187s - Chunk 78 processed successfully. Processed 1 general events.
2025-05-25 00:02:29 - sentiment_analysis        - INFO - 32.956s - Successfully got sentiment score
2025-05-25 00:02:29 - sentiment_analysis        - INFO - 32.956s - Chunk 78 processed successfully. Processed 1 person events.
2025-05-25 00:02:29 - inconsistency_detection   - INFO - N/A - (Stage 2) Inconsistency analysis for chunk 78 started
2025-05-25 00:02:29 - inconsistency_detection   - INFO - 0.011s - Chunk 78 processed successfully. Processed 1 person events.
2025-05-25 00:02:29 - person_summary            - INFO - N/A - (Stage 2.1) Person attitude analysis for chunk 78 started
2025-05-25 00:02:29 - person_summary            - INFO - N/A - Missing person ID for person_event 1 in chunk 78.
2025-05-25 00:02:29 - person_summary            - INFO - N/A - No sentiment history found for person Donald Trump in chunk 78, generating new.
2025-05-25 00:02:43 - event_classifier          - INFO - 39.473s - Chunk 75 processed, (1) general events, (1) opinions.
2025-05-25 00:02:43 - event_scoring             - INFO - N/A - (Stage 1) Event scoring for chunk 75 started
2025-05-25 00:02:43 - sentiment_analysis        - INFO - N/A - (Stage 1) Sentiment analysis for chunk 75 started
2025-05-25 00:02:50 - opinion_scoring           - INFO - 39.254s - Successfully calculated opinion scores
2025-05-25 00:02:50 - opinion_scoring           - INFO - 39.254s - Chunk 80 processed successfully. Processed 1 person events.
2025-05-25 00:02:50 - write_node                - INFO - N/A - (Stage 3) Scores without inconsistency case
2025-05-25 00:02:50 - write_node                - ERROR - N/A - Opinion scores not saved correctly for ID 63: hotness: expected 0.042499999999999996, got 0.0425
2025-05-25 00:02:50 - write_node                - INFO - N/A - (Stage 2.1) Summary/attitude full case
2025-05-25 00:02:50 - write_node                - ERROR - N/A - Error processing person event: add_attitude_full() got an unexpected keyword argument 'is_expert_flag'
2025-05-25 00:02:50 - write_node                - INFO - N/A - Chunk 80 marked as processed
2025-05-25 00:02:51 - event_classifier          - INFO - N/A - (Stage 0) Processing chunk 77 started
2025-05-25 00:02:59 - person_summary            - INFO - 38.875s - Successfully got comment
2025-05-25 00:02:59 - person_summary            - INFO - 38.875s - Chunk 79 processed successfully. Processed 1 person events.
2025-05-25 00:02:59 - opinion_scoring           - INFO - N/A - (Stage 3) Opinion scoring for chunk 79 started
2025-05-25 00:03:07 - person_summary            - INFO - 37.617s - Successfully got comment
2025-05-25 00:03:07 - person_summary            - INFO - 37.618s - Chunk 78 processed successfully. Processed 1 person events.
2025-05-25 00:03:07 - opinion_scoring           - INFO - N/A - (Stage 3) Opinion scoring for chunk 78 started
2025-05-25 00:03:14 - event_scoring             - INFO - 30.841s - Successfully calculated event scores
2025-05-25 00:03:14 - event_scoring             - INFO - 30.842s - Chunk 75 processed successfully. Processed 1 general events.
2025-05-25 00:03:16 - sentiment_analysis        - INFO - 32.411s - Successfully got sentiment score
2025-05-25 00:03:16 - sentiment_analysis        - INFO - 32.412s - Chunk 75 processed successfully. Processed 1 person events.
2025-05-25 00:03:16 - inconsistency_detection   - INFO - N/A - (Stage 2) Inconsistency analysis for chunk 75 started
2025-05-25 00:03:32 - event_classifier          - INFO - 41.705s - Chunk 77 processed, (1) general events, (1) opinions.
2025-05-25 00:03:32 - event_scoring             - INFO - N/A - (Stage 1) Event scoring for chunk 77 started
2025-05-25 00:03:32 - sentiment_analysis        - INFO - N/A - (Stage 1) Sentiment analysis for chunk 77 started
2025-05-25 00:03:39 - opinion_scoring           - INFO - 39.774s - Successfully calculated opinion scores
2025-05-25 00:03:39 - opinion_scoring           - INFO - 39.774s - Chunk 79 processed successfully. Processed 1 person events.
2025-05-25 00:03:39 - write_node                - ERROR - N/A - Event scores not saved correctly: Expected 0.3, 0.2, 0.1, 0.18000000000000002 but got 0.3, 0.2, 0.1, 0.18
2025-05-25 00:03:39 - write_node                - INFO - N/A - (Stage 3) Scores without inconsistency case
2025-05-25 00:03:39 - write_node                - INFO - N/A - (Stage 2.1) Summary/attitude full case
2025-05-25 00:03:39 - write_node                - ERROR - N/A - Error processing person event: add_attitude_full() got an unexpected keyword argument 'is_expert_flag'
2025-05-25 00:03:39 - write_node                - INFO - N/A - Chunk 79 marked as processed
2025-05-25 00:03:40 - event_classifier          - INFO - N/A - (Stage 0) Processing chunk 76 started
2025-05-25 00:03:45 - opinion_scoring           - INFO - 37.561s - Successfully calculated opinion scores
2025-05-25 00:03:45 - opinion_scoring           - INFO - 37.561s - Chunk 78 processed successfully. Processed 1 person events.
2025-05-25 00:03:45 - write_node                - INFO - N/A - (Stage 3) Scores without inconsistency case
2025-05-25 00:03:45 - write_node                - ERROR - N/A - Opinion scores not saved correctly for ID 65: hotness: expected 0.44499999999999995, got 0.445
2025-05-25 00:03:45 - write_node                - INFO - N/A - (Stage 2.1) Summary/attitude full case
2025-05-25 00:03:45 - write_node                - ERROR - N/A - Error processing person event: add_attitude_full() got an unexpected keyword argument 'is_expert_flag'
2025-05-25 00:03:45 - write_node                - INFO - N/A - Chunk 78 marked as processed
2025-05-25 00:03:45 - event_classifier          - INFO - N/A - (Stage 0) Processing chunk 74 started
2025-05-25 00:03:49 - inconsistency_detection   - INFO - 33.261s - Successfully got comment
2025-05-25 00:03:49 - inconsistency_detection   - INFO - 33.292s - Chunk 75 processed successfully. Processed 1 person events.
2025-05-25 00:03:49 - person_summary            - INFO - N/A - (Stage 2.1) Person attitude analysis for chunk 75 started
2025-05-25 00:03:49 - person_summary            - INFO - N/A - Sentiment history found for person Unspecified in chunk 75.
2025-05-25 00:03:55 - event_scoring             - INFO - 23.208s - Successfully calculated event scores
2025-05-25 00:03:55 - event_scoring             - INFO - 23.208s - Chunk 77 processed successfully. Processed 1 general events.
2025-05-25 00:03:57 - sentiment_analysis        - INFO - 24.907s - Successfully got sentiment score
2025-05-25 00:03:57 - sentiment_analysis        - INFO - 24.907s - Chunk 77 processed successfully. Processed 1 person events.
2025-05-25 00:03:57 - inconsistency_detection   - INFO - N/A - (Stage 2) Inconsistency analysis for chunk 77 started
2025-05-25 00:03:57 - inconsistency_detection   - INFO - 0.012s - Chunk 77 processed successfully. Processed 1 person events.
2025-05-25 00:03:57 - person_summary            - INFO - N/A - (Stage 2.1) Person attitude analysis for chunk 77 started
2025-05-25 00:03:57 - person_summary            - INFO - N/A - Missing person ID for person_event 1 in chunk 77.
2025-05-25 00:03:57 - person_summary            - INFO - N/A - No sentiment history found for person Wu and her colleagues in chunk 77, generating new.
2025-05-25 00:04:13 - event_classifier          - WARNING - N/A - Received invalid JSON response: Expecting ',' delimiter: line 9 column 2 (char 464). Attempting to fix...
2025-05-25 00:04:13 - event_classifier          - WARNING - N/A - Failed parsing code block content with substring method
2025-05-25 00:04:13 - event_classifier          - WARNING - N/A - Failed to extract with regex: Unterminated string starting at: line 1 column 213 (char 212)
2025-05-25 00:04:13 - event_classifier          - INFO - 33.625s - Chunk 76 processed, (1) general events, (1) opinions.
2025-05-25 00:04:13 - event_scoring             - INFO - N/A - (Stage 1) Event scoring for chunk 76 started
2025-05-25 00:04:13 - sentiment_analysis        - INFO - N/A - (Stage 1) Sentiment analysis for chunk 76 started
2025-05-25 00:04:24 - event_classifier          - INFO - 38.848s - Chunk 74 processed, (1) general events, (1) opinions.
2025-05-25 00:04:24 - event_scoring             - INFO - N/A - (Stage 1) Event scoring for chunk 74 started
2025-05-25 00:04:24 - sentiment_analysis        - INFO - N/A - (Stage 1) Sentiment analysis for chunk 74 started
2025-05-25 00:04:32 - person_summary            - INFO - 43.012s - Successfully got comment
2025-05-25 00:04:32 - person_summary            - INFO - 43.045s - Chunk 75 processed successfully. Processed 1 person events.
2025-05-25 00:04:32 - opinion_scoring           - INFO - N/A - (Stage 3) Opinion scoring for chunk 75 started
2025-05-25 00:04:40 - person_summary            - INFO - 42.661s - Successfully got comment
2025-05-25 00:04:40 - person_summary            - INFO - 42.662s - Chunk 77 processed successfully. Processed 1 person events.
2025-05-25 00:04:40 - opinion_scoring           - INFO - N/A - (Stage 3) Opinion scoring for chunk 77 started
2025-05-25 00:04:47 - event_scoring             - INFO - 33.617s - Successfully calculated event scores
2025-05-25 00:04:47 - event_scoring             - INFO - 33.617s - Chunk 76 processed successfully. Processed 1 general events.
2025-05-25 00:04:49 - sentiment_analysis        - INFO - 35.419s - Successfully got sentiment score
2025-05-25 00:04:49 - sentiment_analysis        - INFO - 35.420s - Chunk 76 processed successfully. Processed 1 person events.
2025-05-25 00:04:49 - inconsistency_detection   - INFO - N/A - (Stage 2) Inconsistency analysis for chunk 76 started
2025-05-25 00:04:49 - inconsistency_detection   - INFO - 0.011s - Chunk 76 processed successfully. Processed 1 person events.
2025-05-25 00:04:49 - person_summary            - INFO - N/A - (Stage 2.1) Person attitude analysis for chunk 76 started
2025-05-25 00:04:49 - person_summary            - INFO - N/A - Missing person ID for person_event 1 in chunk 76.
2025-05-25 00:04:49 - person_summary            - INFO - N/A - No sentiment history found for person Hao Wu in chunk 76, generating new.
2025-05-25 00:04:55 - event_scoring             - INFO - 30.641s - Successfully calculated event scores
2025-05-25 00:04:55 - event_scoring             - INFO - 30.641s - Chunk 74 processed successfully. Processed 1 general events.
2025-05-25 00:04:57 - sentiment_analysis        - INFO - 32.423s - Successfully got sentiment score
2025-05-25 00:04:57 - sentiment_analysis        - INFO - 32.423s - Chunk 74 processed successfully. Processed 1 person events.
2025-05-25 00:04:57 - inconsistency_detection   - INFO - N/A - (Stage 2) Inconsistency analysis for chunk 74 started
2025-05-25 00:05:04 - opinion_scoring           - INFO - 31.593s - Successfully calculated opinion scores
2025-05-25 00:05:04 - opinion_scoring           - INFO - 31.593s - Chunk 75 processed successfully. Processed 1 person events.
2025-05-25 00:05:04 - write_node                - INFO - N/A - (Stage 3) Scored case
2025-05-25 00:05:04 - write_node                - INFO - N/A - (Stage 2.1) Summary/attitude full case
2025-05-25 00:05:04 - write_node                - ERROR - N/A - Error processing person event: add_attitude_full() got an unexpected keyword argument 'is_expert_flag'
2025-05-25 00:05:04 - write_node                - INFO - N/A - Chunk 75 marked as processed
2025-05-25 00:05:04 - event_classifier          - INFO - N/A - (Stage 0) Processing chunk 73 started
2025-05-25 00:05:10 - opinion_scoring           - INFO - 29.717s - Successfully calculated opinion scores
2025-05-25 00:05:10 - opinion_scoring           - INFO - 29.718s - Chunk 77 processed successfully. Processed 1 person events.
2025-05-25 00:05:10 - write_node                - ERROR - N/A - Event scores not saved correctly: Expected 0.8, 0.6, 0.7, 0.6649999999999999 but got 0.8, 0.6, 0.7, 0.665
2025-05-25 00:05:10 - write_node                - INFO - N/A - (Stage 3) Scores without inconsistency case
2025-05-25 00:05:10 - write_node                - ERROR - N/A - Opinion scores not saved correctly for ID 67: hotness: expected 0.6549999999999999, got 0.655
2025-05-25 00:05:10 - write_node                - INFO - N/A - (Stage 2.1) Summary/attitude full case
2025-05-25 00:05:10 - write_node                - ERROR - N/A - Error processing person event: add_attitude_full() got an unexpected keyword argument 'is_expert_flag'
2025-05-25 00:05:10 - write_node                - INFO - N/A - Chunk 77 marked as processed
2025-05-25 00:05:10 - event_classifier          - INFO - N/A - (Stage 0) Processing chunk 72 started
2025-05-25 00:05:18 - person_summary            - INFO - 29.451s - Successfully got comment
2025-05-25 00:05:18 - person_summary            - INFO - 29.452s - Chunk 76 processed successfully. Processed 1 person events.
2025-05-25 00:05:18 - opinion_scoring           - INFO - N/A - (Stage 3) Opinion scoring for chunk 76 started
2025-05-25 00:05:23 - inconsistency_detection   - INFO - 25.952s - Successfully got comment
2025-05-25 00:05:23 - inconsistency_detection   - INFO - 25.982s - Chunk 74 processed successfully. Processed 1 person events.
2025-05-25 00:05:23 - person_summary            - INFO - N/A - (Stage 2.1) Person attitude analysis for chunk 74 started
2025-05-25 00:05:23 - person_summary            - INFO - N/A - Sentiment history found for person Unspecified in chunk 74.
2025-05-25 00:05:39 - event_classifier          - INFO - 35.141s - Chunk 73 processed, (1) general events, (1) opinions.
2025-05-25 00:05:39 - event_scoring             - INFO - N/A - (Stage 1) Event scoring for chunk 73 started
2025-05-25 00:05:39 - sentiment_analysis        - INFO - N/A - (Stage 1) Sentiment analysis for chunk 73 started
2025-05-25 00:05:57 - event_classifier          - WARNING - N/A - Received invalid JSON response: Expecting ',' delimiter: line 9 column 2 (char 532). Attempting to fix...
2025-05-25 00:05:57 - event_classifier          - WARNING - N/A - Failed parsing code block content with substring method
2025-05-25 00:05:57 - event_classifier          - WARNING - N/A - Failed to extract with regex: Unterminated string starting at: line 1 column 239 (char 238)
2025-05-25 00:05:57 - event_classifier          - INFO - 46.324s - Chunk 72 processed, (1) general events, (1) opinions.
2025-05-25 00:05:57 - event_scoring             - INFO - N/A - (Stage 1) Event scoring for chunk 72 started
2025-05-25 00:05:57 - sentiment_analysis        - INFO - N/A - (Stage 1) Sentiment analysis for chunk 72 started
2025-05-25 00:06:03 - opinion_scoring           - INFO - 45.106s - Successfully calculated opinion scores
2025-05-25 00:06:03 - opinion_scoring           - INFO - 45.107s - Chunk 76 processed successfully. Processed 1 person events.
2025-05-25 00:06:03 - write_node                - INFO - N/A - (Stage 3) Scores without inconsistency case
2025-05-25 00:06:03 - write_node                - INFO - N/A - (Stage 2.1) Summary/attitude full case
2025-05-25 00:06:03 - write_node                - ERROR - N/A - Error processing person event: add_attitude_full() got an unexpected keyword argument 'is_expert_flag'
2025-05-25 00:06:03 - write_node                - INFO - N/A - Chunk 76 marked as processed
2025-05-25 00:06:04 - event_classifier          - INFO - N/A - (Stage 0) Processing chunk 71 started
2025-05-25 00:06:09 - person_summary            - INFO - 45.891s - Successfully got comment
2025-05-25 00:06:09 - person_summary            - INFO - 45.924s - Chunk 74 processed successfully. Processed 1 person events.
2025-05-25 00:06:09 - opinion_scoring           - INFO - N/A - (Stage 3) Opinion scoring for chunk 74 started
2025-05-25 00:06:16 - event_scoring             - INFO - 37.084s - Successfully calculated event scores
2025-05-25 00:06:16 - event_scoring             - INFO - 37.084s - Chunk 73 processed successfully. Processed 1 general events.
2025-05-25 00:06:18 - sentiment_analysis        - INFO - 38.778s - Successfully got sentiment score
2025-05-25 00:06:18 - sentiment_analysis        - INFO - 38.778s - Chunk 73 processed successfully. Processed 1 person events.
2025-05-25 00:06:18 - inconsistency_detection   - INFO - N/A - (Stage 2) Inconsistency analysis for chunk 73 started
2025-05-25 00:06:24 - event_scoring             - INFO - 27.645s - Successfully calculated event scores
2025-05-25 00:06:24 - event_scoring             - INFO - 27.645s - Chunk 72 processed successfully. Processed 1 general events.
2025-05-25 00:06:26 - sentiment_analysis        - INFO - 29.327s - Successfully got sentiment score
2025-05-25 00:06:26 - sentiment_analysis        - INFO - 29.328s - Chunk 72 processed successfully. Processed 1 person events.
2025-05-25 00:06:26 - inconsistency_detection   - INFO - N/A - (Stage 2) Inconsistency analysis for chunk 72 started
2025-05-25 00:06:26 - inconsistency_detection   - INFO - 0.011s - Chunk 72 processed successfully. Processed 1 person events.
2025-05-25 00:06:26 - person_summary            - INFO - N/A - (Stage 2.1) Person attitude analysis for chunk 72 started
2025-05-25 00:06:26 - person_summary            - INFO - N/A - Missing person ID for person_event 1 in chunk 72.
2025-05-25 00:06:26 - person_summary            - INFO - N/A - No sentiment history found for person Dr. Sant (UCLA) in chunk 72, generating new.
2025-05-25 00:06:45 - event_classifier          - WARNING - N/A - Received invalid JSON response: Expecting ',' delimiter: line 9 column 2 (char 535). Attempting to fix...
2025-05-25 00:06:45 - event_classifier          - WARNING - N/A - Failed parsing code block content with substring method
2025-05-25 00:06:45 - event_classifier          - WARNING - N/A - Failed to extract with regex: Unterminated string starting at: line 1 column 265 (char 264)
2025-05-25 00:06:45 - event_classifier          - INFO - 40.803s - Chunk 71 processed, (1) general events, (1) opinions.
2025-05-25 00:06:45 - event_scoring             - INFO - N/A - (Stage 1) Event scoring for chunk 71 started
2025-05-25 00:06:45 - sentiment_analysis        - INFO - N/A - (Stage 1) Sentiment analysis for chunk 71 started
2025-05-25 00:06:51 - opinion_scoring           - INFO - 42.929s - Successfully calculated opinion scores
2025-05-25 00:06:51 - opinion_scoring           - INFO - 42.929s - Chunk 74 processed successfully. Processed 1 person events.
2025-05-25 00:06:52 - write_node                - INFO - N/A - (Stage 3) Scored case
2025-05-25 00:06:52 - write_node                - ERROR - N/A - Opinion scores not saved correctly for ID 69: hotness: expected 0.44499999999999995, got 0.445
2025-05-25 00:06:52 - write_node                - INFO - N/A - (Stage 2.1) Summary/attitude full case
2025-05-25 00:06:52 - write_node                - ERROR - N/A - Error processing person event: add_attitude_full() got an unexpected keyword argument 'is_expert_flag'
2025-05-25 00:06:52 - write_node                - INFO - N/A - Chunk 74 marked as processed
2025-05-25 00:06:52 - event_classifier          - INFO - N/A - (Stage 0) Processing chunk 70 started
2025-05-25 00:06:56 - inconsistency_detection   - INFO - 37.371s - Successfully got comment
2025-05-25 00:06:56 - inconsistency_detection   - INFO - 37.400s - Chunk 73 processed successfully. Processed 1 person events.
2025-05-25 00:06:56 - person_summary            - INFO - N/A - (Stage 2.1) Person attitude analysis for chunk 73 started
2025-05-25 00:06:56 - person_summary            - INFO - N/A - Sentiment history found for person Unspecified in chunk 73.
2025-05-25 00:07:03 - person_summary            - INFO - 36.929s - Successfully got comment
2025-05-25 00:07:03 - person_summary            - INFO - 36.930s - Chunk 72 processed successfully. Processed 1 person events.
2025-05-25 00:07:03 - opinion_scoring           - INFO - N/A - (Stage 3) Opinion scoring for chunk 72 started
2025-05-25 00:07:11 - event_scoring             - INFO - 26.082s - Successfully calculated event scores
2025-05-25 00:07:11 - event_scoring             - INFO - 26.082s - Chunk 71 processed successfully. Processed 1 general events.
2025-05-25 00:07:12 - sentiment_analysis        - INFO - 27.747s - Successfully got sentiment score
2025-05-25 00:07:12 - sentiment_analysis        - INFO - 27.747s - Chunk 71 processed successfully. Processed 1 person events.
2025-05-25 00:07:12 - inconsistency_detection   - INFO - N/A - (Stage 2) Inconsistency analysis for chunk 71 started
2025-05-25 00:07:12 - inconsistency_detection   - INFO - 0.011s - Chunk 71 processed successfully. Processed 1 person events.
2025-05-25 00:07:12 - person_summary            - INFO - N/A - (Stage 2.1) Person attitude analysis for chunk 71 started
2025-05-25 00:07:12 - person_summary            - INFO - N/A - Missing person ID for person_event 1 in chunk 71.
2025-05-25 00:07:12 - person_summary            - INFO - N/A - No sentiment history found for person Lili Fuhr in chunk 71, generating new.
2025-05-25 00:07:32 - event_classifier          - WARNING - N/A - Received invalid JSON response: Expecting ',' delimiter: line 9 column 2 (char 450). Attempting to fix...
2025-05-25 00:07:32 - event_classifier          - WARNING - N/A - Failed parsing code block content with substring method
2025-05-25 00:07:32 - event_classifier          - WARNING - N/A - Failed to extract with regex: Unterminated string starting at: line 1 column 249 (char 248)
2025-05-25 00:07:32 - event_classifier          - INFO - 39.692s - Chunk 70 processed, (1) general events, (1) opinions.
2025-05-25 00:07:32 - event_scoring             - INFO - N/A - (Stage 1) Event scoring for chunk 70 started
2025-05-25 00:07:32 - sentiment_analysis        - INFO - N/A - (Stage 1) Sentiment analysis for chunk 70 started
2025-05-25 00:07:41 - person_summary            - INFO - 45.616s - Successfully got comment
2025-05-25 00:07:41 - person_summary            - INFO - 45.652s - Chunk 73 processed successfully. Processed 1 person events.
2025-05-25 00:07:41 - opinion_scoring           - INFO - N/A - (Stage 3) Opinion scoring for chunk 73 started
2025-05-25 00:07:48 - opinion_scoring           - INFO - 45.196s - Successfully calculated opinion scores
2025-05-25 00:07:48 - opinion_scoring           - INFO - 45.196s - Chunk 72 processed successfully. Processed 1 person events.
2025-05-25 00:07:48 - write_node                - ERROR - N/A - Event scores not saved correctly: Expected 0.8, 0.7, 0.6, 0.6799999999999999 but got 0.8, 0.7, 0.6, 0.68
2025-05-25 00:07:48 - write_node                - INFO - N/A - (Stage 3) Scores without inconsistency case
2025-05-25 00:07:48 - write_node                - INFO - N/A - (Stage 2.1) Summary/attitude full case
2025-05-25 00:07:48 - write_node                - ERROR - N/A - Error processing person event: add_attitude_full() got an unexpected keyword argument 'is_expert_flag'
2025-05-25 00:07:48 - write_node                - INFO - N/A - Chunk 72 marked as processed
2025-05-25 00:07:49 - event_classifier          - INFO - N/A - (Stage 0) Processing chunk 69 started
2025-05-25 00:07:58 - person_summary            - ERROR - N/A - Error in refinement process: 'max_length'. Falling back to truncation.
2025-05-25 00:07:58 - person_summary            - INFO - 45.867s - Successfully got comment
2025-05-25 00:07:58 - person_summary            - INFO - 45.867s - Chunk 71 processed successfully. Processed 1 person events.
2025-05-25 00:07:58 - opinion_scoring           - INFO - N/A - (Stage 3) Opinion scoring for chunk 71 started
2025-05-25 00:08:07 - event_scoring             - INFO - 34.858s - Successfully calculated event scores
2025-05-25 00:08:07 - event_scoring             - INFO - 34.858s - Chunk 70 processed successfully. Processed 1 general events.
2025-05-25 00:08:08 - sentiment_analysis        - INFO - 36.507s - Successfully got sentiment score
2025-05-25 00:08:08 - sentiment_analysis        - INFO - 36.507s - Chunk 70 processed successfully. Processed 1 person events.
2025-05-25 00:08:08 - inconsistency_detection   - INFO - N/A - (Stage 2) Inconsistency analysis for chunk 70 started
2025-05-25 00:08:08 - inconsistency_detection   - INFO - 0.013s - Chunk 70 processed successfully. Processed 1 person events.
2025-05-25 00:08:08 - person_summary            - INFO - N/A - (Stage 2.1) Person attitude analysis for chunk 70 started
2025-05-25 00:08:08 - person_summary            - INFO - N/A - Missing person ID for person_event 1 in chunk 70.
2025-05-25 00:08:08 - person_summary            - INFO - N/A - No sentiment history found for person Gaurav Sant in chunk 70, generating new.
2025-05-25 00:08:15 - opinion_scoring           - INFO - 33.906s - Successfully calculated opinion scores
2025-05-25 00:08:15 - opinion_scoring           - INFO - 33.906s - Chunk 73 processed successfully. Processed 1 person events.
2025-05-25 00:08:15 - write_node                - INFO - N/A - (Stage 3) Scored case
2025-05-25 00:08:15 - write_node                - INFO - N/A - (Stage 2.1) Summary/attitude full case
2025-05-25 00:08:15 - write_node                - ERROR - N/A - Error processing person event: add_attitude_full() got an unexpected keyword argument 'is_expert_flag'
2025-05-25 00:08:15 - write_node                - INFO - N/A - Chunk 73 marked as processed
2025-05-25 00:08:16 - event_classifier          - INFO - N/A - (Stage 0) Processing chunk 67 started
2025-05-25 00:08:32 - event_classifier          - INFO - 42.919s - Chunk 69 processed, (1) general events, (1) opinions.
2025-05-25 00:08:32 - event_scoring             - INFO - N/A - (Stage 1) Event scoring for chunk 69 started
2025-05-25 00:08:32 - sentiment_analysis        - INFO - N/A - (Stage 1) Sentiment analysis for chunk 69 started
2025-05-25 00:08:38 - opinion_scoring           - INFO - 40.095s - Successfully calculated opinion scores
2025-05-25 00:08:38 - opinion_scoring           - INFO - 40.096s - Chunk 71 processed successfully. Processed 1 person events.
2025-05-25 00:08:38 - write_node                - ERROR - N/A - Event scores not saved correctly: Expected 0.8, 0.7, 0.6, 0.6799999999999999 but got 0.8, 0.7, 0.6, 0.68
2025-05-25 00:08:39 - write_node                - INFO - N/A - (Stage 3) Scores without inconsistency case
2025-05-25 00:08:39 - write_node                - ERROR - N/A - Opinion scores not saved correctly for ID 72: hotness: expected 0.7849999999999999, got 0.785
2025-05-25 00:08:39 - write_node                - INFO - N/A - (Stage 2.1) Summary/attitude full case
2025-05-25 00:08:39 - write_node                - ERROR - N/A - Error processing person event: add_attitude_full() got an unexpected keyword argument 'is_expert_flag'
2025-05-25 00:08:39 - write_node                - INFO - N/A - Chunk 71 marked as processed
2025-05-25 00:08:39 - event_classifier          - INFO - N/A - (Stage 0) Processing chunk 68 started
2025-05-25 00:08:49 - person_summary            - ERROR - N/A - Error in refinement process: 'max_length'. Falling back to truncation.
2025-05-25 00:08:49 - person_summary            - INFO - 40.473s - Successfully got comment
2025-05-25 00:08:49 - person_summary            - INFO - 40.474s - Chunk 70 processed successfully. Processed 1 person events.
2025-05-25 00:08:49 - opinion_scoring           - INFO - N/A - (Stage 3) Opinion scoring for chunk 70 started
2025-05-25 00:09:06 - event_classifier          - WARNING - N/A - Received invalid JSON response: Expecting ',' delimiter: line 9 column 2 (char 435). Attempting to fix...
2025-05-25 00:09:06 - event_classifier          - WARNING - N/A - Failed parsing code block content with substring method
2025-05-25 00:09:06 - event_classifier          - WARNING - N/A - Failed to extract with regex: Unterminated string starting at: line 1 column 202 (char 201)
2025-05-25 00:09:06 - event_classifier          - INFO - 49.740s - Chunk 67 processed, (1) general events, (1) opinions.
2025-05-25 00:09:06 - event_scoring             - INFO - N/A - (Stage 1) Event scoring for chunk 67 started
2025-05-25 00:09:06 - sentiment_analysis        - INFO - N/A - (Stage 1) Sentiment analysis for chunk 67 started
2025-05-25 00:09:14 - event_scoring             - INFO - 41.960s - Successfully calculated event scores
2025-05-25 00:09:14 - event_scoring             - INFO - 41.960s - Chunk 69 processed successfully. Processed 1 general events.
2025-05-25 00:09:15 - sentiment_analysis        - INFO - 43.742s - Successfully got sentiment score
2025-05-25 00:09:15 - sentiment_analysis        - INFO - 43.744s - Chunk 69 processed successfully. Processed 1 person events.
2025-05-25 00:09:15 - inconsistency_detection   - INFO - N/A - (Stage 2) Inconsistency analysis for chunk 69 started
2025-05-25 00:09:15 - inconsistency_detection   - INFO - 0.012s - Chunk 69 processed successfully. Processed 1 person events.
2025-05-25 00:09:15 - person_summary            - INFO - N/A - (Stage 2.1) Person attitude analysis for chunk 69 started
2025-05-25 00:09:15 - person_summary            - INFO - N/A - Missing person ID for person_event 1 in chunk 69.
2025-05-25 00:09:15 - person_summary            - INFO - N/A - No sentiment history found for person Jean-Pierre Gatusso in chunk 69, generating new.
2025-05-25 00:09:30 - event_classifier          - WARNING - N/A - Received invalid JSON response: Expecting ',' delimiter: line 9 column 2 (char 429). Attempting to fix...
2025-05-25 00:09:30 - event_classifier          - WARNING - N/A - Failed parsing code block content with substring method
2025-05-25 00:09:30 - event_classifier          - INFO - N/A - Successfully reconstructed JSON with regex field extraction
2025-05-25 00:09:30 - event_classifier          - INFO - 51.095s - Chunk 68 processed, (1) general events, (1) opinions.
2025-05-25 00:09:30 - event_scoring             - INFO - N/A - (Stage 1) Event scoring for chunk 68 started
2025-05-25 00:09:30 - sentiment_analysis        - INFO - N/A - (Stage 1) Sentiment analysis for chunk 68 started
2025-05-25 00:09:37 - opinion_scoring           - INFO - 48.397s - Successfully calculated opinion scores
2025-05-25 00:09:37 - opinion_scoring           - INFO - 48.398s - Chunk 70 processed successfully. Processed 1 person events.
2025-05-25 00:09:37 - write_node                - INFO - N/A - (Stage 3) Scores without inconsistency case
2025-05-25 00:09:37 - write_node                - ERROR - N/A - Opinion scores not saved correctly for ID 73: hotness: expected 0.6549999999999999, got 0.655
2025-05-25 00:09:37 - write_node                - INFO - N/A - (Stage 2.1) Summary/attitude full case
2025-05-25 00:09:37 - write_node                - ERROR - N/A - Error processing person event: add_attitude_full() got an unexpected keyword argument 'is_expert_flag'
2025-05-25 00:09:37 - write_node                - INFO - N/A - Chunk 70 marked as processed
2025-05-25 00:09:38 - event_classifier          - INFO - N/A - (Stage 0) Processing chunk 66 started
2025-05-25 00:09:45 - event_scoring             - INFO - 39.434s - Successfully calculated event scores
2025-05-25 00:09:45 - event_scoring             - INFO - 39.434s - Chunk 67 processed successfully. Processed 1 general events.
2025-05-25 00:09:47 - sentiment_analysis        - INFO - 41.221s - Successfully got sentiment score
2025-05-25 00:09:47 - sentiment_analysis        - INFO - 41.221s - Chunk 67 processed successfully. Processed 1 person events.
2025-05-25 00:09:47 - inconsistency_detection   - INFO - N/A - (Stage 2) Inconsistency analysis for chunk 67 started
2025-05-25 00:09:47 - inconsistency_detection   - INFO - 0.012s - Chunk 67 processed successfully. Processed 1 person events.
2025-05-25 00:09:47 - person_summary            - INFO - N/A - (Stage 2.1) Person attitude analysis for chunk 67 started
2025-05-25 00:09:47 - person_summary            - INFO - N/A - Missing person ID for person_event 1 in chunk 67.
2025-05-25 00:09:47 - person_summary            - INFO - N/A - No sentiment history found for person Adani in chunk 67, generating new.
2025-05-25 00:09:55 - person_summary            - INFO - 39.590s - Successfully got comment
2025-05-25 00:09:55 - person_summary            - INFO - 39.590s - Chunk 69 processed successfully. Processed 1 person events.
2025-05-25 00:09:55 - opinion_scoring           - INFO - N/A - (Stage 3) Opinion scoring for chunk 69 started
2025-05-25 00:10:01 - event_scoring             - INFO - 31.127s - Successfully calculated event scores
2025-05-25 00:10:01 - event_scoring             - INFO - 31.127s - Chunk 68 processed successfully. Processed 1 general events.
2025-05-25 00:10:03 - sentiment_analysis        - INFO - 32.903s - Successfully got sentiment score
2025-05-25 00:10:03 - sentiment_analysis        - INFO - 32.904s - Chunk 68 processed successfully. Processed 1 person events.
2025-05-25 00:10:03 - inconsistency_detection   - INFO - N/A - (Stage 2) Inconsistency analysis for chunk 68 started
2025-05-25 00:10:03 - inconsistency_detection   - INFO - 0.014s - Chunk 68 processed successfully. Processed 1 person events.
2025-05-25 00:10:03 - person_summary            - INFO - N/A - (Stage 2.1) Person attitude analysis for chunk 68 started
2025-05-25 00:10:03 - person_summary            - INFO - N/A - Missing person ID for person_event 1 in chunk 68.
2025-05-25 00:10:03 - person_summary            - INFO - N/A - No sentiment history found for person Vinod Adani in chunk 68, generating new.
2025-05-25 00:10:21 - event_classifier          - WARNING - N/A - Received invalid JSON response: Expecting ',' delimiter: line 9 column 2 (char 440). Attempting to fix...
2025-05-25 00:10:21 - event_classifier          - WARNING - N/A - Failed parsing code block content with substring method
2025-05-25 00:10:21 - event_classifier          - WARNING - N/A - Failed to extract with regex: Unterminated string starting at: line 1 column 263 (char 262)
2025-05-25 00:10:21 - event_classifier          - INFO - 43.465s - Chunk 66 processed, (1) general events, (1) opinions.
2025-05-25 00:10:21 - event_scoring             - INFO - N/A - (Stage 1) Event scoring for chunk 66 started
2025-05-25 00:10:21 - sentiment_analysis        - INFO - N/A - (Stage 1) Sentiment analysis for chunk 66 started
2025-05-25 00:10:31 - person_summary            - INFO - 43.704s - Successfully got comment
2025-05-25 00:10:31 - person_summary            - INFO - 43.705s - Chunk 67 processed successfully. Processed 1 person events.
2025-05-25 00:10:31 - opinion_scoring           - INFO - N/A - (Stage 3) Opinion scoring for chunk 67 started
2025-05-25 00:10:37 - opinion_scoring           - INFO - 41.855s - Successfully calculated opinion scores
2025-05-25 00:10:37 - opinion_scoring           - INFO - 41.855s - Chunk 69 processed successfully. Processed 1 person events.
2025-05-25 00:10:37 - write_node                - INFO - N/A - (Stage 3) Scores without inconsistency case
2025-05-25 00:10:37 - write_node                - ERROR - N/A - Opinion scores not saved correctly for ID 74: hotness: expected 0.44499999999999995, got 0.445
2025-05-25 00:10:37 - write_node                - INFO - N/A - (Stage 2.1) Summary/attitude full case
2025-05-25 00:10:37 - write_node                - ERROR - N/A - Error processing person event: add_attitude_full() got an unexpected keyword argument 'is_expert_flag'
2025-05-25 00:10:37 - write_node                - INFO - N/A - Chunk 69 marked as processed
2025-05-25 00:10:38 - event_classifier          - INFO - N/A - (Stage 0) Processing chunk 65 started
2025-05-25 00:10:45 - person_summary            - ERROR - N/A - Error in refinement process: 'max_length'. Falling back to truncation.
2025-05-25 00:10:45 - person_summary            - INFO - 41.841s - Successfully got comment
2025-05-25 00:10:45 - person_summary            - INFO - 41.842s - Chunk 68 processed successfully. Processed 1 person events.
2025-05-25 00:10:45 - opinion_scoring           - INFO - N/A - (Stage 3) Opinion scoring for chunk 68 started
2025-05-25 00:10:53 - event_scoring             - INFO - 32.016s - Successfully calculated event scores
2025-05-25 00:10:53 - event_scoring             - INFO - 32.017s - Chunk 66 processed successfully. Processed 1 general events.
2025-05-25 00:10:55 - sentiment_analysis        - INFO - 33.750s - Successfully got sentiment score
2025-05-25 00:10:55 - sentiment_analysis        - INFO - 33.750s - Chunk 66 processed successfully. Processed 1 person events.
2025-05-25 00:10:55 - inconsistency_detection   - INFO - N/A - (Stage 2) Inconsistency analysis for chunk 66 started
2025-05-25 00:10:55 - inconsistency_detection   - INFO - 0.016s - Chunk 66 processed successfully. Processed 1 person events.
2025-05-25 00:10:55 - person_summary            - INFO - N/A - (Stage 2.1) Person attitude analysis for chunk 66 started
2025-05-25 00:10:55 - person_summary            - INFO - N/A - Missing person ID for person_event 1 in chunk 66.
2025-05-25 00:10:55 - person_summary            - INFO - N/A - No sentiment history found for person Gautam Adani in chunk 66, generating new.
2025-05-25 00:11:02 - opinion_scoring           - INFO - 31.630s - Successfully calculated opinion scores
2025-05-25 00:11:02 - opinion_scoring           - INFO - 31.630s - Chunk 67 processed successfully. Processed 1 person events.
2025-05-25 00:11:02 - write_node                - ERROR - N/A - Event scores not saved correctly: Expected 0.8, 0.7, 0.6, 0.6799999999999999 but got 0.8, 0.7, 0.6, 0.68
2025-05-25 00:11:02 - write_node                - INFO - N/A - (Stage 3) Scores without inconsistency case
2025-05-25 00:11:02 - write_node                - INFO - N/A - (Stage 2.1) Summary/attitude full case
2025-05-25 00:11:02 - write_node                - ERROR - N/A - Error processing person event: add_attitude_full() got an unexpected keyword argument 'is_expert_flag'
2025-05-25 00:11:02 - write_node                - INFO - N/A - Chunk 67 marked as processed
2025-05-25 00:11:03 - event_classifier          - INFO - N/A - (Stage 0) Processing chunk 64 started
2025-05-25 00:11:20 - event_classifier          - WARNING - N/A - Received invalid JSON response: Expecting ',' delimiter: line 9 column 2 (char 425). Attempting to fix...
2025-05-25 00:11:20 - event_classifier          - WARNING - N/A - Failed parsing code block content with substring method
2025-05-25 00:11:20 - event_classifier          - WARNING - N/A - Failed to extract with regex: Unterminated string starting at: line 1 column 275 (char 274)
2025-05-25 00:11:20 - event_classifier          - INFO - 42.434s - Chunk 65 processed, (1) general events, (1) opinions.
2025-05-25 00:11:20 - event_scoring             - INFO - N/A - (Stage 1) Event scoring for chunk 65 started
2025-05-25 00:11:20 - sentiment_analysis        - INFO - N/A - (Stage 1) Sentiment analysis for chunk 65 started
2025-05-25 00:11:26 - opinion_scoring           - INFO - 41.428s - Successfully calculated opinion scores
2025-05-25 00:11:26 - opinion_scoring           - INFO - 41.428s - Chunk 68 processed successfully. Processed 1 person events.
2025-05-25 00:11:26 - write_node                - ERROR - N/A - Event scores not saved correctly: Expected 0.9, 0.7, 0.5, 0.6599999999999999 but got 0.9, 0.7, 0.5, 0.66
2025-05-25 00:11:27 - write_node                - INFO - N/A - (Stage 3) Scores without inconsistency case
2025-05-25 00:11:27 - write_node                - ERROR - N/A - Opinion scores not saved correctly for ID 76: hotness: expected 0.6849999999999999, got 0.685
2025-05-25 00:11:27 - write_node                - INFO - N/A - (Stage 2.1) Summary/attitude full case
2025-05-25 00:11:27 - write_node                - ERROR - N/A - Error processing person event: add_attitude_full() got an unexpected keyword argument 'is_expert_flag'
2025-05-25 00:11:27 - write_node                - INFO - N/A - Chunk 68 marked as processed
2025-05-25 00:11:27 - event_classifier          - INFO - N/A - (Stage 0) Processing chunk 63 started
2025-05-25 00:11:38 - person_summary            - ERROR - N/A - Error in refinement process: 'max_length'. Falling back to truncation.
2025-05-25 00:11:38 - person_summary            - INFO - 42.400s - Successfully got comment
2025-05-25 00:11:38 - person_summary            - INFO - 42.400s - Chunk 66 processed successfully. Processed 1 person events.
2025-05-25 00:11:38 - opinion_scoring           - INFO - N/A - (Stage 3) Opinion scoring for chunk 66 started
2025-05-25 00:11:49 - event_classifier          - INFO - 46.265s - Chunk 64 processed, (1) general events, (1) opinions.
2025-05-25 00:11:49 - event_scoring             - INFO - N/A - (Stage 1) Event scoring for chunk 64 started
2025-05-25 00:11:49 - sentiment_analysis        - INFO - N/A - (Stage 1) Sentiment analysis for chunk 64 started
2025-05-25 00:11:57 - event_scoring             - INFO - 37.252s - Successfully calculated event scores
2025-05-25 00:11:57 - event_scoring             - INFO - 37.252s - Chunk 65 processed successfully. Processed 1 general events.
2025-05-25 00:11:59 - sentiment_analysis        - INFO - 38.920s - Successfully got sentiment score
2025-05-25 00:11:59 - sentiment_analysis        - INFO - 38.920s - Chunk 65 processed successfully. Processed 1 person events.
2025-05-25 00:11:59 - inconsistency_detection   - INFO - N/A - (Stage 2) Inconsistency analysis for chunk 65 started
2025-05-25 00:11:59 - inconsistency_detection   - INFO - 0.011s - Chunk 65 processed successfully. Processed 1 person events.
2025-05-25 00:11:59 - person_summary            - INFO - N/A - (Stage 2.1) Person attitude analysis for chunk 65 started
2025-05-25 00:11:59 - person_summary            - INFO - N/A - Missing person ID for person_event 1 in chunk 65.
2025-05-25 00:11:59 - person_summary            - INFO - N/A - No sentiment history found for person Sagar Adani in chunk 65, generating new.
2025-05-25 00:12:16 - event_classifier          - WARNING - N/A - Received invalid JSON response: Expecting ',' delimiter: line 9 column 2 (char 445). Attempting to fix...
2025-05-25 00:12:16 - event_classifier          - WARNING - N/A - Failed parsing code block content with substring method
2025-05-25 00:12:16 - event_classifier          - INFO - N/A - Successfully reconstructed JSON with regex field extraction
2025-05-25 00:12:16 - event_classifier          - INFO - 49.019s - Chunk 63 processed, (1) general events, (1) opinions.
2025-05-25 00:12:16 - event_scoring             - INFO - N/A - (Stage 1) Event scoring for chunk 63 started
2025-05-25 00:12:16 - sentiment_analysis        - INFO - N/A - (Stage 1) Sentiment analysis for chunk 63 started
2025-05-25 00:12:23 - opinion_scoring           - INFO - 45.178s - Successfully calculated opinion scores
2025-05-25 00:12:23 - opinion_scoring           - INFO - 45.178s - Chunk 66 processed successfully. Processed 1 person events.
2025-05-25 00:12:23 - write_node                - INFO - N/A - (Stage 3) Scores without inconsistency case
2025-05-25 00:12:23 - write_node                - INFO - N/A - (Stage 2.1) Summary/attitude full case
2025-05-25 00:12:23 - write_node                - ERROR - N/A - Error processing person event: add_attitude_full() got an unexpected keyword argument 'is_expert_flag'
2025-05-25 00:12:23 - write_node                - INFO - N/A - Chunk 66 marked as processed
2025-05-25 00:12:23 - event_classifier          - INFO - N/A - (Stage 0) Processing chunk 62 started
2025-05-25 00:12:28 - event_scoring             - INFO - 39.223s - Successfully calculated event scores
2025-05-25 00:12:28 - event_scoring             - INFO - 39.223s - Chunk 64 processed successfully. Processed 1 general events.
2025-05-25 00:12:30 - sentiment_analysis        - INFO - 40.983s - Successfully got sentiment score
2025-05-25 00:12:30 - sentiment_analysis        - INFO - 40.983s - Chunk 64 processed successfully. Processed 1 person events.
2025-05-25 00:12:30 - inconsistency_detection   - INFO - N/A - (Stage 2) Inconsistency analysis for chunk 64 started
2025-05-25 00:12:40 - person_summary            - INFO - 41.011s - Successfully got comment
2025-05-25 00:12:40 - person_summary            - INFO - 41.012s - Chunk 65 processed successfully. Processed 1 person events.
2025-05-25 00:12:40 - opinion_scoring           - INFO - N/A - (Stage 3) Opinion scoring for chunk 65 started
2025-05-25 00:12:48 - event_scoring             - INFO - 32.064s - Successfully calculated event scores
2025-05-25 00:12:48 - event_scoring             - INFO - 32.065s - Chunk 63 processed successfully. Processed 1 general events.
2025-05-25 00:12:50 - sentiment_analysis        - INFO - 33.824s - Successfully got sentiment score
2025-05-25 00:12:50 - sentiment_analysis        - INFO - 33.824s - Chunk 63 processed successfully. Processed 1 person events.
2025-05-25 00:12:50 - inconsistency_detection   - INFO - N/A - (Stage 2) Inconsistency analysis for chunk 63 started
2025-05-25 00:12:50 - inconsistency_detection   - INFO - 0.012s - Chunk 63 processed successfully. Processed 1 person events.
2025-05-25 00:12:50 - person_summary            - INFO - N/A - (Stage 2.1) Person attitude analysis for chunk 63 started
2025-05-25 00:12:50 - person_summary            - INFO - N/A - Missing person ID for person_event 1 in chunk 63.
2025-05-25 00:13:08 - event_classifier          - WARNING - N/A - Received invalid JSON response: Expecting ',' delimiter: line 9 column 2 (char 469). Attempting to fix...
2025-05-25 00:13:08 - event_classifier          - WARNING - N/A - Failed parsing code block content with substring method
2025-05-25 00:13:08 - event_classifier          - WARNING - N/A - Failed to extract with regex: Unterminated string starting at: line 1 column 254 (char 253)
2025-05-25 00:13:08 - event_classifier          - INFO - 44.933s - Chunk 62 processed, (1) general events, (1) opinions.
2025-05-25 00:13:08 - event_scoring             - INFO - N/A - (Stage 1) Event scoring for chunk 62 started
2025-05-25 00:13:08 - sentiment_analysis        - INFO - N/A - (Stage 1) Sentiment analysis for chunk 62 started
2025-05-25 00:13:12 - inconsistency_detection   - INFO - 41.887s - Successfully got comment
2025-05-25 00:13:12 - inconsistency_detection   - INFO - 41.920s - Chunk 64 processed successfully. Processed 1 person events.
2025-05-25 00:13:12 - person_summary            - INFO - N/A - (Stage 2.1) Person attitude analysis for chunk 64 started
2025-05-25 00:13:12 - person_summary            - INFO - N/A - Sentiment history found for person Unspecified in chunk 64.
2025-05-25 00:13:18 - opinion_scoring           - INFO - 38.420s - Successfully calculated opinion scores
2025-05-25 00:13:18 - opinion_scoring           - INFO - 38.420s - Chunk 65 processed successfully. Processed 1 person events.
2025-05-25 00:13:18 - write_node                - INFO - N/A - (Stage 3) Scores without inconsistency case
2025-05-25 00:13:19 - write_node                - INFO - N/A - (Stage 2.1) Summary/attitude full case
2025-05-25 00:13:19 - write_node                - ERROR - N/A - Error processing person event: add_attitude_full() got an unexpected keyword argument 'is_expert_flag'
2025-05-25 00:13:19 - write_node                - INFO - N/A - Chunk 65 marked as processed
2025-05-25 00:13:19 - event_classifier          - INFO - N/A - (Stage 0) Processing chunk 60 started
2025-05-25 00:13:28 - person_summary            - ERROR - N/A - Error in refinement process: 'max_length'. Falling back to truncation.
2025-05-25 00:13:28 - person_summary            - INFO - 38.330s - Successfully got comment
2025-05-25 00:13:28 - person_summary            - INFO - 38.402s - Chunk 63 processed successfully. Processed 1 person events.
2025-05-25 00:13:28 - opinion_scoring           - INFO - N/A - (Stage 3) Opinion scoring for chunk 63 started
2025-05-25 00:13:37 - event_scoring             - INFO - 28.247s - Successfully calculated event scores
2025-05-25 00:13:37 - event_scoring             - INFO - 28.247s - Chunk 62 processed successfully. Processed 1 general events.
2025-05-25 00:13:38 - sentiment_analysis        - INFO - 30.020s - Successfully got sentiment score
2025-05-25 00:13:38 - sentiment_analysis        - INFO - 30.020s - Chunk 62 processed successfully. Processed 1 person events.
2025-05-25 00:13:38 - inconsistency_detection   - INFO - N/A - (Stage 2) Inconsistency analysis for chunk 62 started
2025-05-25 00:13:38 - inconsistency_detection   - INFO - 0.012s - Chunk 62 processed successfully. Processed 1 person events.
2025-05-25 00:13:38 - person_summary            - INFO - N/A - (Stage 2.1) Person attitude analysis for chunk 62 started
2025-05-25 00:13:38 - person_summary            - INFO - N/A - Missing person ID for person_event 1 in chunk 62.
2025-05-25 00:13:38 - person_summary            - INFO - N/A - No sentiment history found for person Dave Jones in chunk 62, generating new.
2025-05-25 00:13:44 - person_summary            - INFO - 32.445s - Successfully got comment
2025-05-25 00:13:44 - person_summary            - INFO - 32.475s - Chunk 64 processed successfully. Processed 1 person events.
2025-05-25 00:13:44 - opinion_scoring           - INFO - N/A - (Stage 3) Opinion scoring for chunk 64 started
2025-05-25 00:14:02 - event_classifier          - WARNING - N/A - Received invalid JSON response: Expecting ',' delimiter: line 9 column 2 (char 551). Attempting to fix...
2025-05-25 00:14:02 - event_classifier          - WARNING - N/A - Failed parsing code block content with substring method
2025-05-25 00:14:02 - event_classifier          - WARNING - N/A - Failed to extract with regex: Unterminated string starting at: line 1 column 284 (char 283)
2025-05-25 00:14:02 - event_classifier          - INFO - 42.968s - Chunk 60 processed, (1) general events, (1) opinions.
2025-05-25 00:14:02 - event_scoring             - INFO - N/A - (Stage 1) Event scoring for chunk 60 started
2025-05-25 00:14:02 - sentiment_analysis        - INFO - N/A - (Stage 1) Sentiment analysis for chunk 60 started
2025-05-25 00:14:09 - opinion_scoring           - INFO - 40.285s - Successfully calculated opinion scores
2025-05-25 00:14:09 - opinion_scoring           - INFO - 40.286s - Chunk 63 processed successfully. Processed 1 person events.
2025-05-25 00:14:09 - write_node                - INFO - N/A - (Stage 3) Scores without inconsistency case
2025-05-25 00:14:09 - write_node                - ERROR - N/A - Opinion scores not saved correctly for ID 79: hotness: expected 0.6549999999999999, got 0.655
2025-05-25 00:14:09 - write_node                - INFO - N/A - (Stage 2.1) Summary/attitude full case
2025-05-25 00:14:09 - write_node                - ERROR - N/A - Error processing person event: add_attitude_full() got an unexpected keyword argument 'is_expert_flag'
2025-05-25 00:14:09 - write_node                - INFO - N/A - Chunk 63 marked as processed
2025-05-25 00:14:09 - event_classifier          - INFO - N/A - (Stage 0) Processing chunk 61 started
2025-05-25 00:14:20 - person_summary            - ERROR - N/A - Error in refinement process: 'max_length'. Falling back to truncation.
2025-05-25 00:14:20 - person_summary            - INFO - 41.859s - Successfully got comment
2025-05-25 00:14:20 - person_summary            - INFO - 41.860s - Chunk 62 processed successfully. Processed 1 person events.
2025-05-25 00:14:20 - opinion_scoring           - INFO - N/A - (Stage 3) Opinion scoring for chunk 62 started
2025-05-25 00:14:27 - opinion_scoring           - INFO - 42.449s - Successfully calculated opinion scores
2025-05-25 00:14:27 - opinion_scoring           - INFO - 42.449s - Chunk 64 processed successfully. Processed 1 person events.
2025-05-25 00:14:27 - write_node                - INFO - N/A - (Stage 3) Scored case
2025-05-25 00:14:27 - write_node                - ERROR - N/A - Opinion scores not saved correctly for ID 80: hotness: expected 0.7749999999999999, got 0.775
2025-05-25 00:14:27 - write_node                - INFO - N/A - (Stage 2.1) Summary/attitude full case
2025-05-25 00:14:27 - write_node                - ERROR - N/A - Error processing person event: add_attitude_full() got an unexpected keyword argument 'is_expert_flag'
2025-05-25 00:14:27 - write_node                - INFO - N/A - Chunk 64 marked as processed
2025-05-25 00:14:28 - event_classifier          - INFO - N/A - (Stage 0) Processing chunk 59 started
2025-05-25 00:14:34 - event_scoring             - INFO - 31.714s - Successfully calculated event scores
2025-05-25 00:14:34 - event_scoring             - INFO - 31.715s - Chunk 60 processed successfully. Processed 1 general events.
2025-05-25 00:14:35 - sentiment_analysis        - INFO - 33.367s - Successfully got sentiment score
2025-05-25 00:14:35 - sentiment_analysis        - INFO - 33.368s - Chunk 60 processed successfully. Processed 1 person events.
2025-05-25 00:14:35 - inconsistency_detection   - INFO - N/A - (Stage 2) Inconsistency analysis for chunk 60 started
2025-05-25 00:14:35 - inconsistency_detection   - INFO - 0.026s - Chunk 60 processed successfully. Processed 1 person events.
2025-05-25 00:14:35 - person_summary            - INFO - N/A - (Stage 2.1) Person attitude analysis for chunk 60 started
2025-05-25 00:14:35 - person_summary            - INFO - N/A - Sentiment history found for person Fatih Birol in chunk 60.
2025-05-25 00:14:52 - event_classifier          - INFO - 42.860s - Chunk 61 processed, (1) general events, (1) opinions.
2025-05-25 00:14:52 - event_scoring             - INFO - N/A - (Stage 1) Event scoring for chunk 61 started
2025-05-25 00:14:52 - sentiment_analysis        - INFO - N/A - (Stage 1) Sentiment analysis for chunk 61 started
2025-05-25 00:14:59 - opinion_scoring           - INFO - 38.599s - Successfully calculated opinion scores
2025-05-25 00:14:59 - opinion_scoring           - INFO - 38.600s - Chunk 62 processed successfully. Processed 1 person events.
2025-05-25 00:14:59 - write_node                - INFO - N/A - (Stage 3) Scores without inconsistency case
2025-05-25 00:14:59 - write_node                - INFO - N/A - (Stage 2.1) Summary/attitude full case
2025-05-25 00:14:59 - write_node                - ERROR - N/A - Error processing person event: add_attitude_full() got an unexpected keyword argument 'is_expert_flag'
2025-05-25 00:14:59 - write_node                - INFO - N/A - Chunk 62 marked as processed
2025-05-25 00:15:00 - event_classifier          - INFO - N/A - (Stage 0) Processing chunk 54 started
2025-05-25 00:15:14 - event_classifier          - WARNING - N/A - Received invalid JSON response: Expecting ',' delimiter: line 9 column 2 (char 412). Attempting to fix...
2025-05-25 00:15:14 - event_classifier          - WARNING - N/A - Failed parsing code block content with substring method
2025-05-25 00:15:14 - event_classifier          - INFO - N/A - Successfully reconstructed JSON with regex field extraction
2025-05-25 00:15:14 - event_classifier          - INFO - 46.702s - Chunk 59 processed, (1) general events, (1) opinions.
2025-05-25 00:15:14 - event_scoring             - INFO - N/A - (Stage 1) Event scoring for chunk 59 started
2025-05-25 00:15:14 - sentiment_analysis        - INFO - N/A - (Stage 1) Sentiment analysis for chunk 59 started
2025-05-25 00:15:23 - person_summary            - INFO - 47.206s - Successfully got comment
2025-05-25 00:15:23 - person_summary            - INFO - 47.235s - Chunk 60 processed successfully. Processed 1 person events.
2025-05-25 00:15:23 - opinion_scoring           - INFO - N/A - (Stage 3) Opinion scoring for chunk 60 started
2025-05-25 00:15:30 - event_scoring             - INFO - 37.876s - Successfully calculated event scores
2025-05-25 00:15:30 - event_scoring             - INFO - 37.876s - Chunk 61 processed successfully. Processed 1 general events.
2025-05-25 00:15:32 - sentiment_analysis        - INFO - 39.516s - Successfully got sentiment score
2025-05-25 00:15:32 - sentiment_analysis        - INFO - 39.517s - Chunk 61 processed successfully. Processed 1 person events.
2025-05-25 00:15:32 - inconsistency_detection   - INFO - N/A - (Stage 2) Inconsistency analysis for chunk 61 started
2025-05-25 00:15:32 - inconsistency_detection   - INFO - 0.011s - Chunk 61 processed successfully. Processed 1 person events.
2025-05-25 00:15:32 - person_summary            - INFO - N/A - (Stage 2.1) Person attitude analysis for chunk 61 started
2025-05-25 00:15:32 - person_summary            - INFO - N/A - Missing person ID for person_event 1 in chunk 61.
2025-05-25 00:15:32 - person_summary            - INFO - N/A - No sentiment history found for person IEA in chunk 61, generating new.
2025-05-25 00:15:50 - event_classifier          - WARNING - N/A - Received invalid JSON response: Expecting ',' delimiter: line 9 column 2 (char 465). Attempting to fix...
2025-05-25 00:15:50 - event_classifier          - WARNING - N/A - Failed parsing code block content with substring method
2025-05-25 00:15:50 - event_classifier          - INFO - N/A - Successfully reconstructed JSON with regex field extraction
2025-05-25 00:15:50 - event_classifier          - INFO - 49.919s - Chunk 54 processed, (1) general events, (1) opinions.
2025-05-25 00:15:50 - event_scoring             - INFO - N/A - (Stage 1) Event scoring for chunk 54 started
2025-05-25 00:15:50 - sentiment_analysis        - INFO - N/A - (Stage 1) Sentiment analysis for chunk 54 started
2025-05-25 00:15:56 - event_scoring             - INFO - 42.042s - Successfully calculated event scores
2025-05-25 00:15:56 - event_scoring             - INFO - 42.042s - Chunk 59 processed successfully. Processed 1 general events.
2025-05-25 00:15:58 - sentiment_analysis        - INFO - 43.694s - Successfully got sentiment score
2025-05-25 00:15:58 - sentiment_analysis        - INFO - 43.694s - Chunk 59 processed successfully. Processed 1 person events.
2025-05-25 00:15:58 - inconsistency_detection   - INFO - N/A - (Stage 2) Inconsistency analysis for chunk 59 started
2025-05-25 00:15:58 - inconsistency_detection   - INFO - 0.013s - Chunk 59 processed successfully. Processed 1 person events.
2025-05-25 00:15:58 - person_summary            - INFO - N/A - (Stage 2.1) Person attitude analysis for chunk 59 started
2025-05-25 00:15:58 - person_summary            - INFO - N/A - Missing person ID for person_event 1 in chunk 59.
2025-05-25 00:15:58 - person_summary            - INFO - N/A - No sentiment history found for person Curtis in chunk 59, generating new.
2025-05-25 00:16:05 - opinion_scoring           - INFO - 42.277s - Successfully calculated opinion scores
2025-05-25 00:16:05 - opinion_scoring           - INFO - 42.277s - Chunk 60 processed successfully. Processed 1 person events.
2025-05-25 00:16:05 - write_node                - INFO - N/A - (Stage 3) Scored case
2025-05-25 00:16:05 - write_node                - ERROR - N/A - Opinion scores not saved correctly for ID 82: hotness: expected 0.7749999999999999, got 0.775
2025-05-25 00:16:05 - write_node                - INFO - N/A - (Stage 2.1) Summary/attitude full case
2025-05-25 00:16:05 - write_node                - ERROR - N/A - Error processing person event: add_attitude_full() got an unexpected keyword argument 'is_expert_flag'
2025-05-25 00:16:05 - write_node                - INFO - N/A - Chunk 60 marked as processed
2025-05-25 00:16:06 - event_classifier          - INFO - N/A - (Stage 0) Processing chunk 55 started
2025-05-25 00:16:14 - person_summary            - INFO - 42.036s - Successfully got comment
2025-05-25 00:16:14 - person_summary            - INFO - 42.038s - Chunk 61 processed successfully. Processed 1 person events.
2025-05-25 00:16:14 - opinion_scoring           - INFO - N/A - (Stage 3) Opinion scoring for chunk 61 started
2025-05-25 00:16:22 - event_scoring             - INFO - 32.305s - Successfully calculated event scores
2025-05-25 00:16:22 - event_scoring             - INFO - 32.305s - Chunk 54 processed successfully. Processed 1 general events.
2025-05-25 00:16:23 - sentiment_analysis        - INFO - 33.955s - Successfully got sentiment score
2025-05-25 00:16:23 - sentiment_analysis        - INFO - 33.955s - Chunk 54 processed successfully. Processed 1 person events.
2025-05-25 00:16:23 - inconsistency_detection   - INFO - N/A - (Stage 2) Inconsistency analysis for chunk 54 started
2025-05-25 00:16:24 - inconsistency_detection   - INFO - 0.012s - Chunk 54 processed successfully. Processed 1 person events.
2025-05-25 00:16:24 - person_summary            - INFO - N/A - (Stage 2.1) Person attitude analysis for chunk 54 started
2025-05-25 00:16:24 - person_summary            - INFO - N/A - Missing person ID for person_event 1 in chunk 54.
2025-05-25 00:16:24 - person_summary            - INFO - N/A - No sentiment history found for person Richard Hudson in chunk 54, generating new.
2025-05-25 00:16:31 - person_summary            - INFO - 33.069s - Successfully got comment
2025-05-25 00:16:31 - person_summary            - INFO - 33.069s - Chunk 59 processed successfully. Processed 1 person events.
2025-05-25 00:16:31 - opinion_scoring           - INFO - N/A - (Stage 3) Opinion scoring for chunk 59 started
2025-05-25 00:16:47 - event_classifier          - INFO - 41.419s - Chunk 55 processed, (1) general events, (1) opinions.
2025-05-25 00:16:47 - event_scoring             - INFO - N/A - (Stage 1) Event scoring for chunk 55 started
2025-05-25 00:16:47 - sentiment_analysis        - INFO - N/A - (Stage 1) Sentiment analysis for chunk 55 started
2025-05-25 00:16:53 - opinion_scoring           - INFO - 39.661s - Successfully calculated opinion scores
2025-05-25 00:16:53 - opinion_scoring           - INFO - 39.661s - Chunk 61 processed successfully. Processed 1 person events.
2025-05-25 00:16:54 - write_node                - INFO - N/A - (Stage 3) Scores without inconsistency case
2025-05-25 00:16:54 - write_node                - ERROR - N/A - Opinion scores not saved correctly for ID 83: hotness: expected 0.7849999999999999, got 0.785
2025-05-25 00:16:54 - write_node                - INFO - N/A - (Stage 2.1) Summary/attitude full case
2025-05-25 00:16:54 - write_node                - ERROR - N/A - Error processing person event: add_attitude_full() got an unexpected keyword argument 'is_expert_flag'
2025-05-25 00:16:54 - write_node                - INFO - N/A - Chunk 61 marked as processed
2025-05-25 00:16:54 - event_classifier          - INFO - N/A - (Stage 0) Processing chunk 56 started
2025-05-25 00:17:02 - person_summary            - INFO - 38.710s - Successfully got comment
2025-05-25 00:17:02 - person_summary            - INFO - 38.710s - Chunk 54 processed successfully. Processed 1 person events.
2025-05-25 00:17:02 - opinion_scoring           - INFO - N/A - (Stage 3) Opinion scoring for chunk 54 started
2025-05-25 00:17:09 - opinion_scoring           - INFO - 37.538s - Successfully calculated opinion scores
2025-05-25 00:17:09 - opinion_scoring           - INFO - 37.538s - Chunk 59 processed successfully. Processed 1 person events.
2025-05-25 00:17:09 - write_node                - INFO - N/A - (Stage 3) Scores without inconsistency case
2025-05-25 00:17:09 - write_node                - INFO - N/A - (Stage 2.1) Summary/attitude full case
2025-05-25 00:17:09 - write_node                - ERROR - N/A - Error processing person event: add_attitude_full() got an unexpected keyword argument 'is_expert_flag'
2025-05-25 00:17:09 - write_node                - INFO - N/A - Chunk 59 marked as processed
2025-05-25 00:17:09 - event_classifier          - INFO - N/A - (Stage 0) Processing chunk 57 started
2025-05-25 00:17:15 - event_scoring             - INFO - 28.393s - Successfully calculated event scores
2025-05-25 00:17:15 - event_scoring             - INFO - 28.393s - Chunk 55 processed successfully. Processed 1 general events.
2025-05-25 00:17:17 - sentiment_analysis        - INFO - 30.170s - Successfully got sentiment score
2025-05-25 00:17:17 - sentiment_analysis        - INFO - 30.170s - Chunk 55 processed successfully. Processed 1 person events.
2025-05-25 00:17:17 - inconsistency_detection   - INFO - N/A - (Stage 2) Inconsistency analysis for chunk 55 started
2025-05-25 00:17:17 - inconsistency_detection   - INFO - 0.011s - Chunk 55 processed successfully. Processed 1 person events.
2025-05-25 00:17:17 - person_summary            - INFO - N/A - (Stage 2.1) Person attitude analysis for chunk 55 started
2025-05-25 00:17:17 - person_summary            - INFO - N/A - Missing person ID for person_event 1 in chunk 55.
2025-05-25 00:17:17 - person_summary            - INFO - N/A - No sentiment history found for person Barry Loudermilk in chunk 55, generating new.
2025-05-25 00:17:33 - event_classifier          - WARNING - N/A - Received invalid JSON response: Expecting ',' delimiter: line 9 column 2 (char 453). Attempting to fix...
2025-05-25 00:17:33 - event_classifier          - WARNING - N/A - Failed parsing code block content with substring method
2025-05-25 00:17:33 - event_classifier          - INFO - N/A - Successfully reconstructed JSON with regex field extraction
2025-05-25 00:17:33 - event_classifier          - INFO - 38.945s - Chunk 56 processed, (1) general events, (1) opinions.
2025-05-25 00:17:33 - event_scoring             - INFO - N/A - (Stage 1) Event scoring for chunk 56 started
2025-05-25 00:17:33 - sentiment_analysis        - INFO - N/A - (Stage 1) Sentiment analysis for chunk 56 started
2025-05-25 00:17:40 - opinion_scoring           - INFO - 37.331s - Successfully calculated opinion scores
2025-05-25 00:17:40 - opinion_scoring           - INFO - 37.332s - Chunk 54 processed successfully. Processed 1 person events.
2025-05-25 00:17:40 - write_node                - ERROR - N/A - Event scores not saved correctly: Expected 1.0, 0.9, 0.6, 0.8099999999999999 but got 1.0, 0.9, 0.6, 0.81
2025-05-25 00:17:40 - write_node                - INFO - N/A - (Stage 3) Scores without inconsistency case
2025-05-25 00:17:40 - write_node                - ERROR - N/A - Opinion scores not saved correctly for ID 85: hotness: expected 0.6849999999999999, got 0.685
2025-05-25 00:17:40 - write_node                - INFO - N/A - (Stage 2.1) Summary/attitude full case
2025-05-25 00:17:40 - write_node                - ERROR - N/A - Error processing person event: add_attitude_full() got an unexpected keyword argument 'is_expert_flag'
2025-05-25 00:17:40 - write_node                - INFO - N/A - Chunk 54 marked as processed
2025-05-25 00:17:40 - event_classifier          - INFO - N/A - (Stage 0) Processing chunk 58 started
2025-05-25 00:17:53 - event_classifier          - INFO - 44.048s - Chunk 57 processed, (1) general events, (1) opinions.
2025-05-25 00:17:53 - event_scoring             - INFO - N/A - (Stage 1) Event scoring for chunk 57 started
2025-05-25 00:17:53 - sentiment_analysis        - INFO - N/A - (Stage 1) Sentiment analysis for chunk 57 started
2025-05-25 00:18:01 - person_summary            - INFO - 44.084s - Successfully got comment
2025-05-25 00:18:01 - person_summary            - INFO - 44.085s - Chunk 55 processed successfully. Processed 1 person events.
2025-05-25 00:18:01 - opinion_scoring           - INFO - N/A - (Stage 3) Opinion scoring for chunk 55 started
2025-05-25 00:18:09 - event_scoring             - INFO - 36.072s - Successfully calculated event scores
2025-05-25 00:18:09 - event_scoring             - INFO - 36.072s - Chunk 56 processed successfully. Processed 1 general events.
2025-05-25 00:18:11 - sentiment_analysis        - INFO - 37.830s - Successfully got sentiment score
2025-05-25 00:18:11 - sentiment_analysis        - INFO - 37.831s - Chunk 56 processed successfully. Processed 1 person events.
2025-05-25 00:18:11 - inconsistency_detection   - INFO - N/A - (Stage 2) Inconsistency analysis for chunk 56 started
2025-05-25 00:18:11 - inconsistency_detection   - INFO - 0.013s - Chunk 56 processed successfully. Processed 1 person events.
2025-05-25 00:18:11 - person_summary            - INFO - N/A - (Stage 2.1) Person attitude analysis for chunk 56 started
2025-05-25 00:18:11 - person_summary            - INFO - N/A - Missing person ID for person_event 1 in chunk 56.
2025-05-25 00:18:11 - person_summary            - INFO - N/A - No sentiment history found for person Carter in chunk 56, generating new.
2025-05-25 00:18:28 - event_classifier          - WARNING - N/A - Received invalid JSON response: Expecting ',' delimiter: line 9 column 2 (char 417). Attempting to fix...
2025-05-25 00:18:28 - event_classifier          - WARNING - N/A - Failed parsing code block content with substring method
2025-05-25 00:18:28 - event_classifier          - WARNING - N/A - Failed to extract with regex: Unterminated string starting at: line 1 column 217 (char 216)
2025-05-25 00:18:28 - event_classifier          - INFO - 47.594s - Chunk 58 processed, (1) general events, (1) opinions.
2025-05-25 00:18:28 - event_scoring             - INFO - N/A - (Stage 1) Event scoring for chunk 58 started
2025-05-25 00:18:28 - sentiment_analysis        - INFO - N/A - (Stage 1) Sentiment analysis for chunk 58 started
2025-05-25 00:18:33 - event_scoring             - INFO - 40.095s - Successfully calculated event scores
2025-05-25 00:18:33 - event_scoring             - INFO - 40.095s - Chunk 57 processed successfully. Processed 1 general events.
2025-05-25 00:18:35 - sentiment_analysis        - INFO - 41.868s - Successfully got sentiment score
2025-05-25 00:18:35 - sentiment_analysis        - INFO - 41.869s - Chunk 57 processed successfully. Processed 1 person events.
2025-05-25 00:18:35 - inconsistency_detection   - INFO - N/A - (Stage 2) Inconsistency analysis for chunk 57 started
2025-05-25 00:18:35 - inconsistency_detection   - INFO - 0.013s - Chunk 57 processed successfully. Processed 1 person events.
2025-05-25 00:18:35 - person_summary            - INFO - N/A - (Stage 2.1) Person attitude analysis for chunk 57 started
2025-05-25 00:18:35 - person_summary            - INFO - N/A - Missing person ID for person_event 1 in chunk 57.
2025-05-25 00:18:35 - person_summary            - INFO - N/A - No sentiment history found for person Sarah Quillian in chunk 57, generating new.
2025-05-25 00:18:42 - opinion_scoring           - INFO - 40.372s - Successfully calculated opinion scores
2025-05-25 00:18:42 - opinion_scoring           - INFO - 40.372s - Chunk 55 processed successfully. Processed 1 person events.
2025-05-25 00:18:42 - write_node                - INFO - N/A - (Stage 3) Scores without inconsistency case
2025-05-25 00:18:42 - write_node                - ERROR - N/A - Opinion scores not saved correctly for ID 86: hotness: expected 0.7050000000000001, got 0.705
2025-05-25 00:18:42 - write_node                - INFO - N/A - (Stage 2.1) Summary/attitude full case
2025-05-25 00:18:42 - write_node                - ERROR - N/A - Error processing person event: add_attitude_full() got an unexpected keyword argument 'is_expert_flag'
2025-05-25 00:18:42 - write_node                - INFO - N/A - Chunk 55 marked as processed
2025-05-25 00:18:42 - event_classifier          - INFO - N/A - (Stage 0) Processing chunk 51 started
2025-05-25 00:18:51 - person_summary            - INFO - 39.535s - Successfully got comment
2025-05-25 00:18:51 - person_summary            - INFO - 39.536s - Chunk 56 processed successfully. Processed 1 person events.
2025-05-25 00:18:51 - opinion_scoring           - INFO - N/A - (Stage 3) Opinion scoring for chunk 56 started
2025-05-25 00:18:58 - event_scoring             - INFO - 30.621s - Successfully calculated event scores
2025-05-25 00:18:58 - event_scoring             - INFO - 30.621s - Chunk 58 processed successfully. Processed 1 general events.
2025-05-25 00:19:00 - sentiment_analysis        - INFO - 32.174s - Successfully got sentiment score
2025-05-25 00:19:00 - sentiment_analysis        - INFO - 32.174s - Chunk 58 processed successfully. Processed 1 person events.
2025-05-25 00:19:00 - inconsistency_detection   - INFO - N/A - (Stage 2) Inconsistency analysis for chunk 58 started
2025-05-25 00:19:00 - inconsistency_detection   - INFO - 0.012s - Chunk 58 processed successfully. Processed 1 person events.
2025-05-25 00:19:00 - person_summary            - INFO - N/A - (Stage 2.1) Person attitude analysis for chunk 58 started
2025-05-25 00:19:00 - person_summary            - INFO - N/A - Missing person ID for person_event 1 in chunk 58.
2025-05-25 00:19:00 - person_summary            - INFO - N/A - No sentiment history found for person Scott Moskowitz in chunk 58, generating new.
2025-05-25 00:19:06 - person_summary            - INFO - 31.055s - Successfully got comment
2025-05-25 00:19:06 - person_summary            - INFO - 31.057s - Chunk 57 processed successfully. Processed 1 person events.
2025-05-25 00:19:06 - opinion_scoring           - INFO - N/A - (Stage 3) Opinion scoring for chunk 57 started
2025-05-25 00:19:20 - event_classifier          - WARNING - N/A - Received invalid JSON response: Expecting ',' delimiter: line 9 column 2 (char 332). Attempting to fix...
2025-05-25 00:19:20 - event_classifier          - WARNING - N/A - Failed parsing code block content with substring method
2025-05-25 00:19:20 - event_classifier          - INFO - N/A - Successfully reconstructed JSON with regex field extraction
2025-05-25 00:19:20 - event_classifier          - INFO - 37.414s - Chunk 51 processed, (1) general events, (1) opinions.
2025-05-25 00:19:20 - event_scoring             - INFO - N/A - (Stage 1) Event scoring for chunk 51 started
2025-05-25 00:19:20 - sentiment_analysis        - INFO - N/A - (Stage 1) Sentiment analysis for chunk 51 started
2025-05-25 00:19:26 - opinion_scoring           - INFO - 35.931s - Successfully calculated opinion scores
2025-05-25 00:19:26 - opinion_scoring           - INFO - 35.931s - Chunk 56 processed successfully. Processed 1 person events.
2025-05-25 00:19:27 - write_node                - INFO - N/A - (Stage 3) Scores without inconsistency case
2025-05-25 00:19:27 - write_node                - ERROR - N/A - Opinion scores not saved correctly for ID 87: hotness: expected 0.7749999999999999, got 0.775
2025-05-25 00:19:27 - write_node                - INFO - N/A - (Stage 2.1) Summary/attitude full case
2025-05-25 00:19:27 - write_node                - ERROR - N/A - Error processing person event: add_attitude_full() got an unexpected keyword argument 'is_expert_flag'
2025-05-25 00:19:27 - write_node                - INFO - N/A - Chunk 56 marked as processed
2025-05-25 00:19:27 - event_classifier          - INFO - N/A - (Stage 0) Processing chunk 52 started
2025-05-25 00:19:36 - person_summary            - INFO - 36.265s - Successfully got comment
2025-05-25 00:19:36 - person_summary            - INFO - 36.266s - Chunk 58 processed successfully. Processed 1 person events.
2025-05-25 00:19:36 - opinion_scoring           - INFO - N/A - (Stage 3) Opinion scoring for chunk 58 started
2025-05-25 00:19:43 - opinion_scoring           - INFO - 36.348s - Successfully calculated opinion scores
2025-05-25 00:19:43 - opinion_scoring           - INFO - 36.348s - Chunk 57 processed successfully. Processed 1 person events.
2025-05-25 00:19:43 - write_node                - ERROR - N/A - Event scores not saved correctly: Expected 0.9, 0.7, 0.5, 0.6599999999999999 but got 0.9, 0.7, 0.5, 0.66
2025-05-25 00:19:43 - write_node                - INFO - N/A - (Stage 3) Scores without inconsistency case
2025-05-25 00:19:43 - write_node                - INFO - N/A - (Stage 2.1) Summary/attitude full case
2025-05-25 00:19:43 - write_node                - ERROR - N/A - Error processing person event: add_attitude_full() got an unexpected keyword argument 'is_expert_flag'
2025-05-25 00:19:43 - write_node                - INFO - N/A - Chunk 57 marked as processed
2025-05-25 00:19:43 - event_classifier          - INFO - N/A - (Stage 0) Processing chunk 53 started
2025-05-25 00:19:50 - event_scoring             - INFO - 29.724s - Successfully calculated event scores
2025-05-25 00:19:50 - event_scoring             - INFO - 29.724s - Chunk 51 processed successfully. Processed 1 general events.
2025-05-25 00:19:51 - sentiment_analysis        - INFO - 31.370s - Successfully got sentiment score
2025-05-25 00:19:51 - sentiment_analysis        - INFO - 31.371s - Chunk 51 processed successfully. Processed 1 person events.
2025-05-25 00:19:51 - inconsistency_detection   - INFO - N/A - (Stage 2) Inconsistency analysis for chunk 51 started
2025-05-25 00:19:51 - inconsistency_detection   - INFO - 0.010s - Chunk 51 processed successfully. Processed 1 person events.
2025-05-25 00:19:51 - person_summary            - INFO - N/A - (Stage 2.1) Person attitude analysis for chunk 51 started
2025-05-25 00:19:51 - person_summary            - INFO - N/A - Missing person ID for person_event 1 in chunk 51.
2025-05-25 00:19:51 - person_summary            - INFO - N/A - No sentiment history found for person Tom Carper in chunk 51, generating new.
2025-05-25 00:20:07 - event_classifier          - INFO - 39.469s - Chunk 52 processed, (1) general events, (1) opinions.
2025-05-25 00:20:07 - event_scoring             - INFO - N/A - (Stage 1) Event scoring for chunk 52 started
2025-05-25 00:20:07 - sentiment_analysis        - INFO - N/A - (Stage 1) Sentiment analysis for chunk 52 started
2025-05-25 00:20:13 - opinion_scoring           - INFO - 37.015s - Successfully calculated opinion scores
2025-05-25 00:20:13 - opinion_scoring           - INFO - 37.016s - Chunk 58 processed successfully. Processed 1 person events.
2025-05-25 00:20:13 - write_node                - INFO - N/A - (Stage 3) Scores without inconsistency case
2025-05-25 00:20:13 - write_node                - INFO - N/A - (Stage 2.1) Summary/attitude full case
2025-05-25 00:20:13 - write_node                - ERROR - N/A - Error processing person event: add_attitude_full() got an unexpected keyword argument 'is_expert_flag'
2025-05-25 00:20:13 - write_node                - INFO - N/A - Chunk 58 marked as processed
2025-05-25 00:20:14 - event_classifier          - INFO - N/A - (Stage 0) Processing chunk 50 started
2025-05-25 00:20:29 - event_classifier          - WARNING - N/A - Received invalid JSON response: Expecting ',' delimiter: line 9 column 2 (char 497). Attempting to fix...
2025-05-25 00:20:29 - event_classifier          - WARNING - N/A - Failed parsing code block content with substring method
2025-05-25 00:20:29 - event_classifier          - INFO - N/A - Successfully reconstructed JSON with regex field extraction
2025-05-25 00:20:29 - event_classifier          - INFO - 45.546s - Chunk 53 processed, (1) general events, (1) opinions.
2025-05-25 00:20:29 - event_scoring             - INFO - N/A - (Stage 1) Event scoring for chunk 53 started
2025-05-25 00:20:29 - sentiment_analysis        - INFO - N/A - (Stage 1) Sentiment analysis for chunk 53 started
2025-05-25 00:20:36 - person_summary            - INFO - 45.253s - Successfully got comment
2025-05-25 00:20:36 - person_summary            - INFO - 45.254s - Chunk 51 processed successfully. Processed 1 person events.
2025-05-25 00:20:36 - opinion_scoring           - INFO - N/A - (Stage 3) Opinion scoring for chunk 51 started
2025-05-25 00:20:43 - event_scoring             - INFO - 36.839s - Successfully calculated event scores
2025-05-25 00:20:43 - event_scoring             - INFO - 36.839s - Chunk 52 processed successfully. Processed 1 general events.
2025-05-25 00:20:45 - sentiment_analysis        - INFO - 38.627s - Successfully got sentiment score
2025-05-25 00:20:45 - sentiment_analysis        - INFO - 38.627s - Chunk 52 processed successfully. Processed 1 person events.
2025-05-25 00:20:45 - inconsistency_detection   - INFO - N/A - (Stage 2) Inconsistency analysis for chunk 52 started
2025-05-25 00:20:45 - inconsistency_detection   - INFO - 0.011s - Chunk 52 processed successfully. Processed 1 person events.
2025-05-25 00:20:45 - person_summary            - INFO - N/A - (Stage 2.1) Person attitude analysis for chunk 52 started
2025-05-25 00:20:45 - person_summary            - INFO - N/A - Missing person ID for person_event 1 in chunk 52.
2025-05-25 00:20:45 - person_summary            - INFO - N/A - No sentiment history found for person Bill Gates in chunk 52, generating new.
2025-05-25 00:20:59 - event_classifier          - WARNING - N/A - Received invalid JSON response: Expecting ',' delimiter: line 9 column 2 (char 396). Attempting to fix...
2025-05-25 00:20:59 - event_classifier          - WARNING - N/A - Failed parsing code block content with substring method
2025-05-25 00:20:59 - event_classifier          - INFO - N/A - Successfully reconstructed JSON with regex field extraction
2025-05-25 00:20:59 - event_classifier          - INFO - 44.701s - Chunk 50 processed, (1) general events, (1) opinions.
2025-05-25 00:20:59 - event_scoring             - INFO - N/A - (Stage 1) Event scoring for chunk 50 started
2025-05-25 00:20:59 - sentiment_analysis        - INFO - N/A - (Stage 1) Sentiment analysis for chunk 50 started
2025-05-25 00:21:05 - event_scoring             - INFO - 36.356s - Successfully calculated event scores
2025-05-25 00:21:05 - event_scoring             - INFO - 36.356s - Chunk 53 processed successfully. Processed 1 general events.
2025-05-25 00:21:07 - sentiment_analysis        - INFO - 38.117s - Successfully got sentiment score
2025-05-25 00:21:07 - sentiment_analysis        - INFO - 38.118s - Chunk 53 processed successfully. Processed 1 person events.
2025-05-25 00:21:07 - inconsistency_detection   - INFO - N/A - (Stage 2) Inconsistency analysis for chunk 53 started
2025-05-25 00:21:07 - inconsistency_detection   - INFO - 0.011s - Chunk 53 processed successfully. Processed 1 person events.
2025-05-25 00:21:07 - person_summary            - INFO - N/A - (Stage 2.1) Person attitude analysis for chunk 53 started
2025-05-25 00:21:07 - person_summary            - INFO - N/A - Missing person ID for person_event 1 in chunk 53.
2025-05-25 00:21:07 - person_summary            - INFO - N/A - No sentiment history found for person Shelley Moore Capito in chunk 53, generating new.
2025-05-25 00:21:14 - opinion_scoring           - INFO - 37.250s - Successfully calculated opinion scores
2025-05-25 00:21:14 - opinion_scoring           - INFO - 37.250s - Chunk 51 processed successfully. Processed 1 person events.
2025-05-25 00:21:14 - write_node                - INFO - N/A - (Stage 3) Scores without inconsistency case
2025-05-25 00:21:14 - write_node                - ERROR - N/A - Opinion scores not saved correctly for ID 90: hotness: expected 0.7749999999999999, got 0.775
2025-05-25 00:21:14 - write_node                - INFO - N/A - (Stage 2.1) Summary/attitude full case
2025-05-25 00:21:14 - write_node                - ERROR - N/A - Error processing person event: add_attitude_full() got an unexpected keyword argument 'is_expert_flag'
2025-05-25 00:21:14 - write_node                - INFO - N/A - Chunk 51 marked as processed
2025-05-25 00:21:14 - event_classifier          - INFO - N/A - (Stage 0) Processing chunk 49 started
2025-05-25 00:21:23 - person_summary            - INFO - 37.331s - Successfully got comment
2025-05-25 00:21:23 - person_summary            - INFO - 37.332s - Chunk 52 processed successfully. Processed 1 person events.
2025-05-25 00:21:23 - opinion_scoring           - INFO - N/A - (Stage 3) Opinion scoring for chunk 52 started
2025-05-25 00:21:29 - event_scoring             - INFO - 30.052s - Successfully calculated event scores
2025-05-25 00:21:29 - event_scoring             - INFO - 30.052s - Chunk 50 processed successfully. Processed 1 general events.
2025-05-25 00:21:30 - sentiment_analysis        - INFO - 31.710s - Successfully got sentiment score
2025-05-25 00:21:30 - sentiment_analysis        - INFO - 31.710s - Chunk 50 processed successfully. Processed 1 person events.
2025-05-25 00:21:30 - inconsistency_detection   - INFO - N/A - (Stage 2) Inconsistency analysis for chunk 50 started
2025-05-25 00:21:30 - inconsistency_detection   - INFO - 0.032s - Chunk 50 processed successfully. Processed 1 person events.
2025-05-25 00:21:30 - person_summary            - INFO - N/A - (Stage 2.1) Person attitude analysis for chunk 50 started
2025-05-25 00:21:30 - person_summary            - INFO - N/A - Missing person ID for person_event 1 in chunk 50.
2025-05-25 00:21:30 - person_summary            - INFO - N/A - No sentiment history found for person Alessandro Rizzi in chunk 50, generating new.
2025-05-25 00:21:37 - person_summary            - INFO - 29.948s - Successfully got comment
2025-05-25 00:21:37 - person_summary            - INFO - 29.948s - Chunk 53 processed successfully. Processed 1 person events.
2025-05-25 00:21:37 - opinion_scoring           - INFO - N/A - (Stage 3) Opinion scoring for chunk 53 started
2025-05-25 00:21:53 - event_classifier          - WARNING - N/A - Received invalid JSON response: Expecting ',' delimiter: line 9 column 2 (char 424). Attempting to fix...
2025-05-25 00:21:53 - event_classifier          - WARNING - N/A - Failed parsing code block content with substring method
2025-05-25 00:21:53 - event_classifier          - INFO - N/A - Successfully reconstructed JSON with regex field extraction
2025-05-25 00:21:53 - event_classifier          - INFO - 38.652s - Chunk 49 processed, (1) general events, (1) opinions.
2025-05-25 00:21:53 - event_scoring             - INFO - N/A - (Stage 1) Event scoring for chunk 49 started
2025-05-25 00:21:53 - sentiment_analysis        - INFO - N/A - (Stage 1) Sentiment analysis for chunk 49 started
2025-05-25 00:21:59 - opinion_scoring           - INFO - 36.881s - Successfully calculated opinion scores
2025-05-25 00:21:59 - opinion_scoring           - INFO - 36.881s - Chunk 52 processed successfully. Processed 1 person events.
2025-05-25 00:22:00 - write_node                - INFO - N/A - (Stage 3) Scores without inconsistency case
2025-05-25 00:22:00 - write_node                - INFO - N/A - (Stage 2.1) Summary/attitude full case
2025-05-25 00:22:00 - write_node                - ERROR - N/A - Error processing person event: add_attitude_full() got an unexpected keyword argument 'is_expert_flag'
2025-05-25 00:22:00 - write_node                - INFO - N/A - Chunk 52 marked as processed
2025-05-25 00:22:00 - event_classifier          - INFO - N/A - (Stage 0) Processing chunk 46 started
2025-05-25 00:22:05 - person_summary            - INFO - 34.356s - Successfully got comment
2025-05-25 00:22:05 - person_summary            - INFO - 34.358s - Chunk 50 processed successfully. Processed 1 person events.
2025-05-25 00:22:05 - opinion_scoring           - INFO - N/A - (Stage 3) Opinion scoring for chunk 50 started
2025-05-25 00:22:11 - opinion_scoring           - INFO - 34.199s - Successfully calculated opinion scores
2025-05-25 00:22:11 - opinion_scoring           - INFO - 34.200s - Chunk 53 processed successfully. Processed 1 person events.
2025-05-25 00:22:11 - write_node                - ERROR - N/A - Event scores not saved correctly: Expected 0.85, 0.75, 0.6, 0.7124999999999999 but got 0.85, 0.75, 0.6, 0.7125
2025-05-25 00:22:11 - write_node                - INFO - N/A - (Stage 3) Scores without inconsistency case
2025-05-25 00:22:11 - write_node                - ERROR - N/A - Opinion scores not saved correctly for ID 92: hotness: expected 0.6849999999999999, got 0.685
2025-05-25 00:22:11 - write_node                - INFO - N/A - (Stage 2.1) Summary/attitude full case
2025-05-25 00:22:11 - write_node                - ERROR - N/A - Error processing person event: add_attitude_full() got an unexpected keyword argument 'is_expert_flag'
2025-05-25 00:22:11 - write_node                - INFO - N/A - Chunk 53 marked as processed
2025-05-25 00:22:12 - event_classifier          - INFO - N/A - (Stage 0) Processing chunk 45 started
2025-05-25 00:22:19 - event_scoring             - INFO - 26.057s - Successfully calculated event scores
2025-05-25 00:22:19 - event_scoring             - INFO - 26.057s - Chunk 49 processed successfully. Processed 1 general events.
2025-05-25 00:22:21 - sentiment_analysis        - INFO - 27.821s - Successfully got sentiment score
2025-05-25 00:22:21 - sentiment_analysis        - INFO - 27.821s - Chunk 49 processed successfully. Processed 1 person events.
2025-05-25 00:22:21 - inconsistency_detection   - INFO - N/A - (Stage 2) Inconsistency analysis for chunk 49 started
2025-05-25 00:22:21 - inconsistency_detection   - INFO - 0.011s - Chunk 49 processed successfully. Processed 1 person events.
2025-05-25 00:22:21 - person_summary            - INFO - N/A - (Stage 2.1) Person attitude analysis for chunk 49 started
2025-05-25 00:22:21 - person_summary            - INFO - N/A - Missing person ID for person_event 1 in chunk 49.
2025-05-25 00:22:21 - person_summary            - INFO - N/A - No sentiment history found for person Alberto Rizzi in chunk 49, generating new.
2025-05-25 00:22:36 - event_classifier          - INFO - 36.144s - Chunk 46 processed, (1) general events, (1) opinions.
2025-05-25 00:22:36 - event_scoring             - INFO - N/A - (Stage 1) Event scoring for chunk 46 started
2025-05-25 00:22:36 - sentiment_analysis        - INFO - N/A - (Stage 1) Sentiment analysis for chunk 46 started
2025-05-25 00:22:43 - opinion_scoring           - INFO - 38.142s - Successfully calculated opinion scores
2025-05-25 00:22:43 - opinion_scoring           - INFO - 38.142s - Chunk 50 processed successfully. Processed 1 person events.
2025-05-25 00:22:43 - write_node                - ERROR - N/A - Event scores not saved correctly: Expected 0.85, 0.75, 0.6, 0.7124999999999999 but got 0.85, 0.75, 0.6, 0.7125
2025-05-25 00:22:43 - write_node                - INFO - N/A - (Stage 3) Scores without inconsistency case
2025-05-25 00:22:43 - write_node                - INFO - N/A - (Stage 2.1) Summary/attitude full case
2025-05-25 00:22:43 - write_node                - ERROR - N/A - Error processing person event: add_attitude_full() got an unexpected keyword argument 'is_expert_flag'
2025-05-25 00:22:43 - write_node                - INFO - N/A - Chunk 50 marked as processed
2025-05-25 00:22:44 - event_classifier          - INFO - N/A - (Stage 0) Processing chunk 44 started
2025-05-25 00:23:04 - event_classifier          - WARNING - N/A - Received invalid JSON response: Expecting ',' delimiter: line 9 column 2 (char 548). Attempting to fix...
2025-05-25 00:23:04 - event_classifier          - WARNING - N/A - Failed parsing code block content with substring method
2025-05-25 00:23:04 - event_classifier          - WARNING - N/A - Failed to extract with regex: Unterminated string starting at: line 1 column 229 (char 228)
2025-05-25 00:23:04 - event_classifier          - INFO - 51.712s - Chunk 45 processed, (1) general events, (1) opinions.
2025-05-25 00:23:04 - event_scoring             - INFO - N/A - (Stage 1) Event scoring for chunk 45 started
2025-05-25 00:23:04 - sentiment_analysis        - INFO - N/A - (Stage 1) Sentiment analysis for chunk 45 started
2025-05-25 00:23:13 - person_summary            - INFO - 51.698s - Successfully got comment
2025-05-25 00:23:13 - person_summary            - INFO - 51.699s - Chunk 49 processed successfully. Processed 1 person events.
2025-05-25 00:23:13 - opinion_scoring           - INFO - N/A - (Stage 3) Opinion scoring for chunk 49 started
2025-05-25 00:23:20 - event_scoring             - INFO - 43.973s - Successfully calculated event scores
2025-05-25 00:23:20 - event_scoring             - INFO - 43.973s - Chunk 46 processed successfully. Processed 1 general events.
2025-05-25 00:23:22 - sentiment_analysis        - INFO - 45.724s - Successfully got sentiment score
2025-05-25 00:23:22 - sentiment_analysis        - INFO - 45.724s - Chunk 46 processed successfully. Processed 1 person events.
2025-05-25 00:23:22 - inconsistency_detection   - INFO - N/A - (Stage 2) Inconsistency analysis for chunk 46 started
2025-05-25 00:23:22 - inconsistency_detection   - INFO - 0.011s - Chunk 46 processed successfully. Processed 1 person events.
2025-05-25 00:23:22 - person_summary            - INFO - N/A - (Stage 2.1) Person attitude analysis for chunk 46 started
2025-05-25 00:23:22 - person_summary            - INFO - N/A - Missing person ID for person_event 1 in chunk 46.
2025-05-25 00:23:22 - person_summary            - INFO - N/A - No sentiment history found for person Biden Administration in chunk 46, generating new.
2025-05-25 00:23:36 - event_classifier          - WARNING - N/A - Received invalid JSON response: Expecting ',' delimiter: line 9 column 2 (char 420). Attempting to fix...
2025-05-25 00:23:36 - event_classifier          - WARNING - N/A - Failed parsing code block content with substring method
2025-05-25 00:23:36 - event_classifier          - INFO - N/A - Successfully reconstructed JSON with regex field extraction
2025-05-25 00:23:36 - event_classifier          - INFO - 52.335s - Chunk 44 processed, (1) general events, (1) opinions.
2025-05-25 00:23:36 - event_scoring             - INFO - N/A - (Stage 1) Event scoring for chunk 44 started
2025-05-25 00:23:36 - sentiment_analysis        - INFO - N/A - (Stage 1) Sentiment analysis for chunk 44 started
2025-05-25 00:23:44 - event_scoring             - INFO - 39.974s - Successfully calculated event scores
2025-05-25 00:23:44 - event_scoring             - INFO - 39.974s - Chunk 45 processed successfully. Processed 1 general events.
2025-05-25 00:23:46 - sentiment_analysis        - INFO - 41.982s - Successfully got sentiment score
2025-05-25 00:23:46 - sentiment_analysis        - INFO - 41.983s - Chunk 45 processed successfully. Processed 1 person events.
2025-05-25 00:23:46 - inconsistency_detection   - INFO - N/A - (Stage 2) Inconsistency analysis for chunk 45 started
2025-05-25 00:23:46 - inconsistency_detection   - INFO - 0.011s - Chunk 45 processed successfully. Processed 1 person events.
2025-05-25 00:23:46 - person_summary            - INFO - N/A - (Stage 2.1) Person attitude analysis for chunk 45 started
2025-05-25 00:23:46 - person_summary            - INFO - N/A - Missing person ID for person_event 1 in chunk 45.
2025-05-25 00:23:46 - person_summary            - INFO - N/A - No sentiment history found for person Simon Ludlam in chunk 45, generating new.
2025-05-25 00:23:52 - opinion_scoring           - INFO - 39.451s - Successfully calculated opinion scores
2025-05-25 00:23:52 - opinion_scoring           - INFO - 39.452s - Chunk 49 processed successfully. Processed 1 person events.
2025-05-25 00:23:52 - write_node                - INFO - N/A - (Stage 3) Scores without inconsistency case
2025-05-25 00:23:52 - write_node                - ERROR - N/A - Opinion scores not saved correctly for ID 94: hotness: expected 0.7849999999999999, got 0.785
2025-05-25 00:23:52 - write_node                - INFO - N/A - (Stage 2.1) Summary/attitude full case
2025-05-25 00:23:52 - write_node                - ERROR - N/A - Error processing person event: add_attitude_full() got an unexpected keyword argument 'is_expert_flag'
2025-05-25 00:23:52 - write_node                - INFO - N/A - Chunk 49 marked as processed
2025-05-25 00:23:53 - event_classifier          - INFO - N/A - (Stage 0) Processing chunk 43 started
2025-05-25 00:24:02 - person_summary            - ERROR - N/A - Error in refinement process: 'max_length'. Falling back to truncation.
2025-05-25 00:24:02 - person_summary            - INFO - 39.582s - Successfully got comment
2025-05-25 00:24:02 - person_summary            - INFO - 39.582s - Chunk 46 processed successfully. Processed 1 person events.
2025-05-25 00:24:02 - opinion_scoring           - INFO - N/A - (Stage 3) Opinion scoring for chunk 46 started
2025-05-25 00:24:07 - event_scoring             - INFO - 31.216s - Successfully calculated event scores
2025-05-25 00:24:07 - event_scoring             - INFO - 31.216s - Chunk 44 processed successfully. Processed 1 general events.
2025-05-25 00:24:09 - sentiment_analysis        - INFO - 32.978s - Successfully got sentiment score
2025-05-25 00:24:09 - sentiment_analysis        - INFO - 32.979s - Chunk 44 processed successfully. Processed 1 person events.
2025-05-25 00:24:09 - inconsistency_detection   - INFO - N/A - (Stage 2) Inconsistency analysis for chunk 44 started
2025-05-25 00:24:09 - inconsistency_detection   - INFO - 0.012s - Chunk 44 processed successfully. Processed 1 person events.
2025-05-25 00:24:09 - person_summary            - INFO - N/A - (Stage 2.1) Person attitude analysis for chunk 44 started
2025-05-25 00:24:09 - person_summary            - INFO - N/A - Missing person ID for person_event 1 in chunk 44.
2025-05-25 00:24:09 - person_summary            - INFO - N/A - No sentiment history found for person RMI’s Gamage in chunk 44, generating new.
2025-05-25 00:24:20 - person_summary            - ERROR - N/A - Error in refinement process: 'max_length'. Falling back to truncation.
2025-05-25 00:24:20 - person_summary            - INFO - 33.963s - Successfully got comment
2025-05-25 00:24:20 - person_summary            - INFO - 33.963s - Chunk 45 processed successfully. Processed 1 person events.
2025-05-25 00:24:20 - opinion_scoring           - INFO - N/A - (Stage 3) Opinion scoring for chunk 45 started
2025-05-25 00:24:36 - event_classifier          - WARNING - N/A - Received invalid JSON response: Expecting ',' delimiter: line 9 column 2 (char 358). Attempting to fix...
2025-05-25 00:24:36 - event_classifier          - WARNING - N/A - Failed parsing code block content with substring method
2025-05-25 00:24:36 - event_classifier          - WARNING - N/A - Failed to extract with regex: Unterminated string starting at: line 1 column 227 (char 226)
2025-05-25 00:24:36 - event_classifier          - INFO - 42.873s - Chunk 43 processed, (1) general events, (1) opinions.
2025-05-25 00:24:36 - event_scoring             - INFO - N/A - (Stage 1) Event scoring for chunk 43 started
2025-05-25 00:24:36 - sentiment_analysis        - INFO - N/A - (Stage 1) Sentiment analysis for chunk 43 started
2025-05-25 00:24:42 - opinion_scoring           - INFO - 40.429s - Successfully calculated opinion scores
2025-05-25 00:24:42 - opinion_scoring           - INFO - 40.429s - Chunk 46 processed successfully. Processed 1 person events.
2025-05-25 00:24:42 - write_node                - INFO - N/A - (Stage 3) Scores without inconsistency case
2025-05-25 00:24:42 - write_node                - INFO - N/A - (Stage 2.1) Summary/attitude full case
2025-05-25 00:24:42 - write_node                - ERROR - N/A - Error processing person event: add_attitude_full() got an unexpected keyword argument 'is_expert_flag'
2025-05-25 00:24:42 - write_node                - INFO - N/A - Chunk 46 marked as processed
2025-05-25 00:24:43 - event_classifier          - INFO - N/A - (Stage 0) Processing chunk 42 started
2025-05-25 00:24:47 - person_summary            - INFO - 38.228s - Successfully got comment
2025-05-25 00:24:47 - person_summary            - INFO - 38.229s - Chunk 44 processed successfully. Processed 1 person events.
2025-05-25 00:24:47 - opinion_scoring           - INFO - N/A - (Stage 3) Opinion scoring for chunk 44 started
2025-05-25 00:24:54 - opinion_scoring           - INFO - 34.662s - Successfully calculated opinion scores
2025-05-25 00:24:54 - opinion_scoring           - INFO - 34.662s - Chunk 45 processed successfully. Processed 1 person events.
2025-05-25 00:24:54 - write_node                - INFO - N/A - (Stage 3) Scores without inconsistency case
2025-05-25 00:24:54 - write_node                - ERROR - N/A - Opinion scores not saved correctly for ID 96: hotness: expected 0.7749999999999999, got 0.775
2025-05-25 00:24:54 - write_node                - INFO - N/A - (Stage 2.1) Summary/attitude full case
2025-05-25 00:24:54 - write_node                - ERROR - N/A - Error processing person event: add_attitude_full() got an unexpected keyword argument 'is_expert_flag'
2025-05-25 00:24:54 - write_node                - INFO - N/A - Chunk 45 marked as processed
2025-05-25 00:24:55 - event_classifier          - INFO - N/A - (Stage 0) Processing chunk 41 started
2025-05-25 00:25:02 - event_scoring             - INFO - 26.599s - Successfully calculated event scores
2025-05-25 00:25:02 - event_scoring             - INFO - 26.599s - Chunk 43 processed successfully. Processed 1 general events.
2025-05-25 00:25:04 - sentiment_analysis        - INFO - 28.362s - Successfully got sentiment score
2025-05-25 00:25:04 - sentiment_analysis        - INFO - 28.362s - Chunk 43 processed successfully. Processed 1 person events.
2025-05-25 00:25:04 - inconsistency_detection   - INFO - N/A - (Stage 2) Inconsistency analysis for chunk 43 started
2025-05-25 00:25:04 - inconsistency_detection   - INFO - 0.012s - Chunk 43 processed successfully. Processed 1 person events.
2025-05-25 00:25:04 - person_summary            - INFO - N/A - (Stage 2.1) Person attitude analysis for chunk 43 started
2025-05-25 00:25:04 - person_summary            - INFO - N/A - Missing person ID for person_event 1 in chunk 43.
2025-05-25 00:25:04 - person_summary            - INFO - N/A - No sentiment history found for person Atouife in chunk 43, generating new.
2025-05-25 00:25:23 - event_classifier          - INFO - 39.805s - Chunk 42 processed, (1) general events, (1) opinions.
2025-05-25 00:25:23 - event_scoring             - INFO - N/A - (Stage 1) Event scoring for chunk 42 started
2025-05-25 00:25:23 - sentiment_analysis        - INFO - N/A - (Stage 1) Sentiment analysis for chunk 42 started
2025-05-25 00:25:29 - opinion_scoring           - INFO - 41.659s - Successfully calculated opinion scores
2025-05-25 00:25:29 - opinion_scoring           - INFO - 41.659s - Chunk 44 processed successfully. Processed 1 person events.
2025-05-25 00:25:29 - write_node                - INFO - N/A - (Stage 3) Scores without inconsistency case
2025-05-25 00:25:29 - write_node                - ERROR - N/A - Opinion scores not saved correctly for ID 97: hotness: expected 0.7050000000000001, got 0.705
2025-05-25 00:25:29 - write_node                - INFO - N/A - (Stage 2.1) Summary/attitude full case
2025-05-25 00:25:29 - write_node                - ERROR - N/A - Error processing person event: add_attitude_full() got an unexpected keyword argument 'is_expert_flag'
2025-05-25 00:25:29 - write_node                - INFO - N/A - Chunk 44 marked as processed
2025-05-25 00:25:30 - event_classifier          - INFO - N/A - (Stage 0) Processing chunk 40 started
2025-05-25 00:25:45 - event_classifier          - WARNING - N/A - Received invalid JSON response: Expecting ',' delimiter: line 9 column 2 (char 402). Attempting to fix...
2025-05-25 00:25:45 - event_classifier          - WARNING - N/A - Failed parsing code block content with substring method
2025-05-25 00:25:45 - event_classifier          - INFO - N/A - Successfully reconstructed JSON with regex field extraction
2025-05-25 00:25:45 - event_classifier          - INFO - 49.590s - Chunk 41 processed, (1) general events, (1) opinions.
2025-05-25 00:25:45 - event_scoring             - INFO - N/A - (Stage 1) Event scoring for chunk 41 started
2025-05-25 00:25:45 - sentiment_analysis        - INFO - N/A - (Stage 1) Sentiment analysis for chunk 41 started
2025-05-25 00:25:54 - person_summary            - INFO - 50.139s - Successfully got comment
2025-05-25 00:25:54 - person_summary            - INFO - 50.139s - Chunk 43 processed successfully. Processed 1 person events.
2025-05-25 00:25:54 - opinion_scoring           - INFO - N/A - (Stage 3) Opinion scoring for chunk 43 started
2025-05-25 00:26:02 - event_scoring             - INFO - 39.531s - Successfully calculated event scores
2025-05-25 00:26:02 - event_scoring             - INFO - 39.531s - Chunk 42 processed successfully. Processed 1 general events.
2025-05-25 00:26:04 - sentiment_analysis        - INFO - 41.179s - Successfully got sentiment score
2025-05-25 00:26:04 - sentiment_analysis        - INFO - 41.179s - Chunk 42 processed successfully. Processed 1 person events.
2025-05-25 00:26:04 - inconsistency_detection   - INFO - N/A - (Stage 2) Inconsistency analysis for chunk 42 started
2025-05-25 00:26:04 - inconsistency_detection   - INFO - 0.012s - Chunk 42 processed successfully. Processed 1 person events.
2025-05-25 00:26:04 - person_summary            - INFO - N/A - (Stage 2.1) Person attitude analysis for chunk 42 started
2025-05-25 00:26:04 - person_summary            - INFO - N/A - Missing person ID for person_event 1 in chunk 42.
2025-05-25 00:26:04 - person_summary            - INFO - N/A - No sentiment history found for person Martin Pei in chunk 42, generating new.
2025-05-25 00:26:22 - event_classifier          - INFO - 52.300s - Chunk 40 processed, (1) general events, (1) opinions.
2025-05-25 00:26:22 - event_scoring             - INFO - N/A - (Stage 1) Event scoring for chunk 40 started
2025-05-25 00:26:22 - sentiment_analysis        - INFO - N/A - (Stage 1) Sentiment analysis for chunk 40 started
2025-05-25 00:26:30 - event_scoring             - INFO - 45.368s - Successfully calculated event scores
2025-05-25 00:26:30 - event_scoring             - INFO - 45.368s - Chunk 41 processed successfully. Processed 1 general events.
2025-05-25 00:26:32 - sentiment_analysis        - INFO - 47.031s - Successfully got sentiment score
2025-05-25 00:26:32 - sentiment_analysis        - INFO - 47.031s - Chunk 41 processed successfully. Processed 1 person events.
2025-05-25 00:26:32 - inconsistency_detection   - INFO - N/A - (Stage 2) Inconsistency analysis for chunk 41 started
2025-05-25 00:26:32 - inconsistency_detection   - INFO - 0.011s - Chunk 41 processed successfully. Processed 1 person events.
2025-05-25 00:26:32 - person_summary            - INFO - N/A - (Stage 2.1) Person attitude analysis for chunk 41 started
2025-05-25 00:26:32 - person_summary            - INFO - N/A - Missing person ID for person_event 1 in chunk 41.
2025-05-25 00:26:32 - person_summary            - INFO - N/A - No sentiment history found for person Atouife in chunk 41, generating new.
2025-05-25 00:26:38 - opinion_scoring           - INFO - 43.918s - Successfully calculated opinion scores
2025-05-25 00:26:38 - opinion_scoring           - INFO - 43.918s - Chunk 43 processed successfully. Processed 1 person events.
2025-05-25 00:26:38 - write_node                - ERROR - N/A - Event scores not saved correctly: Expected 0.8, 0.7, 0.6, 0.6799999999999999 but got 0.8, 0.7, 0.6, 0.68
2025-05-25 00:26:38 - write_node                - INFO - N/A - (Stage 3) Scores without inconsistency case
2025-05-25 00:26:38 - write_node                - INFO - N/A - (Stage 2.1) Summary/attitude full case
2025-05-25 00:26:38 - write_node                - ERROR - N/A - Error processing person event: add_attitude_full() got an unexpected keyword argument 'is_expert_flag'
2025-05-25 00:26:38 - write_node                - INFO - N/A - Chunk 43 marked as processed
2025-05-25 00:26:39 - event_classifier          - INFO - N/A - (Stage 0) Processing chunk 47 started
2025-05-25 00:26:47 - person_summary            - INFO - 43.621s - Successfully got comment
2025-05-25 00:26:47 - person_summary            - INFO - 43.622s - Chunk 42 processed successfully. Processed 1 person events.
2025-05-25 00:26:47 - opinion_scoring           - INFO - N/A - (Stage 3) Opinion scoring for chunk 42 started
2025-05-25 00:26:56 - event_scoring             - INFO - 33.742s - Successfully calculated event scores
2025-05-25 00:26:56 - event_scoring             - INFO - 33.743s - Chunk 40 processed successfully. Processed 1 general events.
2025-05-25 00:26:57 - sentiment_analysis        - INFO - 35.410s - Successfully got sentiment score
2025-05-25 00:26:57 - sentiment_analysis        - INFO - 35.411s - Chunk 40 processed successfully. Processed 1 person events.
2025-05-25 00:26:57 - inconsistency_detection   - INFO - N/A - (Stage 2) Inconsistency analysis for chunk 40 started
2025-05-25 00:26:57 - inconsistency_detection   - INFO - 0.011s - Chunk 40 processed successfully. Processed 1 person events.
2025-05-25 00:26:57 - person_summary            - INFO - N/A - (Stage 2.1) Person attitude analysis for chunk 40 started
2025-05-25 00:26:57 - person_summary            - INFO - N/A - Missing person ID for person_event 1 in chunk 40.
2025-05-25 00:26:57 - person_summary            - INFO - N/A - No sentiment history found for person Mohamed Atouife in chunk 40, generating new.
2025-05-25 00:27:07 - person_summary            - INFO - 35.206s - Successfully got comment
2025-05-25 00:27:07 - person_summary            - INFO - 35.207s - Chunk 41 processed successfully. Processed 1 person events.
2025-05-25 00:27:07 - opinion_scoring           - INFO - N/A - (Stage 3) Opinion scoring for chunk 41 started
2025-05-25 00:27:23 - event_classifier          - WARNING - N/A - Received invalid JSON response: Expecting ',' delimiter: line 9 column 2 (char 442). Attempting to fix...
2025-05-25 00:27:23 - event_classifier          - WARNING - N/A - Failed parsing code block content with substring method
2025-05-25 00:27:23 - event_classifier          - INFO - N/A - Successfully reconstructed JSON with regex field extraction
2025-05-25 00:27:23 - event_classifier          - INFO - 44.377s - Chunk 47 processed, (1) general events, (1) opinions.
2025-05-25 00:27:23 - event_scoring             - INFO - N/A - (Stage 1) Event scoring for chunk 47 started
2025-05-25 00:27:23 - sentiment_analysis        - INFO - N/A - (Stage 1) Sentiment analysis for chunk 47 started
2025-05-25 00:27:30 - opinion_scoring           - INFO - 42.436s - Successfully calculated opinion scores
2025-05-25 00:27:30 - opinion_scoring           - INFO - 42.436s - Chunk 42 processed successfully. Processed 1 person events.
2025-05-25 00:27:30 - write_node                - INFO - N/A - (Stage 3) Scores without inconsistency case
2025-05-25 00:27:30 - write_node                - ERROR - N/A - Opinion scores not saved correctly for ID 99: hotness: expected 0.6849999999999999, got 0.685
2025-05-25 00:27:30 - write_node                - INFO - N/A - (Stage 2.1) Summary/attitude full case
2025-05-25 00:27:30 - write_node                - ERROR - N/A - Error processing person event: add_attitude_full() got an unexpected keyword argument 'is_expert_flag'
2025-05-25 00:27:30 - write_node                - INFO - N/A - Chunk 42 marked as processed
2025-05-25 00:27:31 - event_classifier          - INFO - N/A - (Stage 0) Processing chunk 48 started
2025-05-25 00:27:39 - person_summary            - INFO - 41.492s - Successfully got comment
2025-05-25 00:27:39 - person_summary            - INFO - 41.492s - Chunk 40 processed successfully. Processed 1 person events.
2025-05-25 00:27:39 - opinion_scoring           - INFO - N/A - (Stage 3) Opinion scoring for chunk 40 started
2025-05-25 00:27:45 - opinion_scoring           - INFO - 38.523s - Successfully calculated opinion scores
2025-05-25 00:27:45 - opinion_scoring           - INFO - 38.523s - Chunk 41 processed successfully. Processed 1 person events.
2025-05-25 00:27:45 - write_node                - INFO - N/A - (Stage 3) Scores without inconsistency case
2025-05-25 00:27:45 - write_node                - INFO - N/A - (Stage 2.1) Summary/attitude full case
2025-05-25 00:27:45 - write_node                - ERROR - N/A - Error processing person event: add_attitude_full() got an unexpected keyword argument 'is_expert_flag'
2025-05-25 00:27:46 - write_node                - INFO - N/A - Chunk 41 marked as processed
2025-05-25 00:27:46 - event_classifier          - INFO - N/A - (Stage 0) Processing chunk 39 started
2025-05-25 00:27:52 - event_scoring             - INFO - 29.120s - Successfully calculated event scores
2025-05-25 00:27:52 - event_scoring             - INFO - 29.120s - Chunk 47 processed successfully. Processed 1 general events.
2025-05-25 00:27:54 - sentiment_analysis        - INFO - 30.784s - Successfully got sentiment score
2025-05-25 00:27:54 - sentiment_analysis        - INFO - 30.784s - Chunk 47 processed successfully. Processed 1 person events.
2025-05-25 00:27:54 - inconsistency_detection   - INFO - N/A - (Stage 2) Inconsistency analysis for chunk 47 started
2025-05-25 00:27:54 - inconsistency_detection   - INFO - 0.012s - Chunk 47 processed successfully. Processed 1 person events.
2025-05-25 00:27:54 - person_summary            - INFO - N/A - (Stage 2.1) Person attitude analysis for chunk 47 started
2025-05-25 00:27:54 - person_summary            - INFO - N/A - Missing person ID for person_event 1 in chunk 47.
2025-05-25 00:27:54 - person_summary            - INFO - N/A - No sentiment history found for person Laurent Segalen in chunk 47, generating new.
2025-05-25 00:28:10 - event_classifier          - WARNING - N/A - Received invalid JSON response: Expecting ',' delimiter: line 9 column 2 (char 394). Attempting to fix...
2025-05-25 00:28:10 - event_classifier          - WARNING - N/A - Failed parsing code block content with substring method
2025-05-25 00:28:10 - event_classifier          - INFO - N/A - Successfully reconstructed JSON with regex field extraction
2025-05-25 00:28:10 - event_classifier          - INFO - 39.720s - Chunk 48 processed, (1) general events, (1) opinions.
2025-05-25 00:28:10 - event_scoring             - INFO - N/A - (Stage 1) Event scoring for chunk 48 started
2025-05-25 00:28:10 - sentiment_analysis        - INFO - N/A - (Stage 1) Sentiment analysis for chunk 48 started
2025-05-25 00:28:17 - opinion_scoring           - INFO - 37.809s - Successfully calculated opinion scores
2025-05-25 00:28:17 - opinion_scoring           - INFO - 37.809s - Chunk 40 processed successfully. Processed 1 person events.
2025-05-25 00:28:17 - write_node                - INFO - N/A - (Stage 3) Scores without inconsistency case
2025-05-25 00:28:17 - write_node                - ERROR - N/A - Opinion scores not saved correctly for ID 101: hotness: expected 0.7849999999999999, got 0.785
2025-05-25 00:28:17 - write_node                - INFO - N/A - (Stage 2.1) Summary/attitude full case
2025-05-25 00:28:17 - write_node                - ERROR - N/A - Error processing person event: add_attitude_full() got an unexpected keyword argument 'is_expert_flag'
2025-05-25 00:28:17 - write_node                - INFO - N/A - Chunk 40 marked as processed
2025-05-25 00:28:17 - event_classifier          - INFO - N/A - (Stage 0) Processing chunk 38 started
2025-05-25 00:28:34 - event_classifier          - INFO - 47.456s - Chunk 39 processed, (1) general events, (1) opinions.
2025-05-25 00:28:34 - event_scoring             - INFO - N/A - (Stage 1) Event scoring for chunk 39 started
2025-05-25 00:28:34 - sentiment_analysis        - INFO - N/A - (Stage 1) Sentiment analysis for chunk 39 started
2025-05-25 00:28:43 - person_summary            - ERROR - N/A - Error in refinement process: 'max_length'. Falling back to truncation.
2025-05-25 00:28:43 - person_summary            - INFO - 49.518s - Successfully got comment
2025-05-25 00:28:43 - person_summary            - INFO - 49.519s - Chunk 47 processed successfully. Processed 1 person events.
2025-05-25 00:28:43 - opinion_scoring           - INFO - N/A - (Stage 3) Opinion scoring for chunk 47 started
2025-05-25 00:28:51 - event_scoring             - INFO - 41.143s - Successfully calculated event scores
2025-05-25 00:28:51 - event_scoring             - INFO - 41.143s - Chunk 48 processed successfully. Processed 1 general events.
2025-05-25 00:28:53 - sentiment_analysis        - INFO - 42.893s - Successfully got sentiment score
2025-05-25 00:28:53 - sentiment_analysis        - INFO - 42.893s - Chunk 48 processed successfully. Processed 1 person events.
2025-05-25 00:28:53 - inconsistency_detection   - INFO - N/A - (Stage 2) Inconsistency analysis for chunk 48 started
2025-05-25 00:28:53 - inconsistency_detection   - INFO - 0.012s - Chunk 48 processed successfully. Processed 1 person events.
2025-05-25 00:28:53 - person_summary            - INFO - N/A - (Stage 2.1) Person attitude analysis for chunk 48 started
2025-05-25 00:28:53 - person_summary            - INFO - N/A - Missing person ID for person_event 1 in chunk 48.
2025-05-25 00:28:53 - person_summary            - INFO - N/A - No sentiment history found for person Ludlam in chunk 48, generating new.
2025-05-25 00:29:13 - event_classifier          - WARNING - N/A - Received invalid JSON response: Expecting ',' delimiter: line 9 column 2 (char 561). Attempting to fix...
2025-05-25 00:29:13 - event_classifier          - WARNING - N/A - Failed parsing code block content with substring method
2025-05-25 00:29:13 - event_classifier          - INFO - N/A - Successfully reconstructed JSON with regex field extraction
2025-05-25 00:29:13 - event_classifier          - INFO - 55.489s - Chunk 38 processed, (1) general events, (1) opinions.
2025-05-25 00:29:13 - event_scoring             - INFO - N/A - (Stage 1) Event scoring for chunk 38 started
2025-05-25 00:29:13 - sentiment_analysis        - INFO - N/A - (Stage 1) Sentiment analysis for chunk 38 started
2025-05-25 00:29:20 - event_scoring             - INFO - 46.857s - Successfully calculated event scores
2025-05-25 00:29:20 - event_scoring             - INFO - 46.858s - Chunk 39 processed successfully. Processed 1 general events.
2025-05-25 00:29:22 - sentiment_analysis        - INFO - 48.411s - Successfully got sentiment score
2025-05-25 00:29:22 - sentiment_analysis        - INFO - 48.412s - Chunk 39 processed successfully. Processed 1 person events.
2025-05-25 00:29:22 - inconsistency_detection   - INFO - N/A - (Stage 2) Inconsistency analysis for chunk 39 started
2025-05-25 00:29:22 - inconsistency_detection   - INFO - 0.012s - Chunk 39 processed successfully. Processed 1 person events.
2025-05-25 00:29:22 - person_summary            - INFO - N/A - (Stage 2.1) Person attitude analysis for chunk 39 started
2025-05-25 00:29:22 - person_summary            - INFO - N/A - Missing person ID for person_event 1 in chunk 39.
2025-05-25 00:29:22 - person_summary            - INFO - N/A - No sentiment history found for person David Pressman in chunk 39, generating new.
2025-05-25 00:29:29 - opinion_scoring           - INFO - 45.199s - Successfully calculated opinion scores
2025-05-25 00:29:29 - opinion_scoring           - INFO - 45.199s - Chunk 47 processed successfully. Processed 1 person events.
2025-05-25 00:29:29 - write_node                - INFO - N/A - (Stage 3) Scores without inconsistency case
2025-05-25 00:29:29 - write_node                - INFO - N/A - (Stage 2.1) Summary/attitude full case
2025-05-25 00:29:29 - write_node                - ERROR - N/A - Error processing person event: add_attitude_full() got an unexpected keyword argument 'is_expert_flag'
2025-05-25 00:29:29 - write_node                - INFO - N/A - Chunk 47 marked as processed
2025-05-25 00:29:29 - event_classifier          - INFO - N/A - (Stage 0) Processing chunk 37 started
2025-05-25 00:29:38 - person_summary            - INFO - 44.799s - Successfully got comment
2025-05-25 00:29:38 - person_summary            - INFO - 44.799s - Chunk 48 processed successfully. Processed 1 person events.
2025-05-25 00:29:38 - opinion_scoring           - INFO - N/A - (Stage 3) Opinion scoring for chunk 48 started
2025-05-25 00:29:46 - event_scoring             - INFO - 33.319s - Successfully calculated event scores
2025-05-25 00:29:46 - event_scoring             - INFO - 33.320s - Chunk 38 processed successfully. Processed 1 general events.
2025-05-25 00:29:48 - sentiment_analysis        - INFO - 34.983s - Successfully got sentiment score
2025-05-25 00:29:48 - sentiment_analysis        - INFO - 34.983s - Chunk 38 processed successfully. Processed 1 person events.
2025-05-25 00:29:48 - inconsistency_detection   - INFO - N/A - (Stage 2) Inconsistency analysis for chunk 38 started
2025-05-25 00:29:48 - inconsistency_detection   - INFO - 0.011s - Chunk 38 processed successfully. Processed 1 person events.
2025-05-25 00:29:48 - person_summary            - INFO - N/A - (Stage 2.1) Person attitude analysis for chunk 38 started
2025-05-25 00:29:48 - person_summary            - INFO - N/A - Missing person ID for person_event 1 in chunk 38.
2025-05-25 00:29:48 - person_summary            - INFO - N/A - No sentiment history found for person Brent David Freaney in chunk 38, generating new.
2025-05-25 00:29:57 - person_summary            - INFO - 34.741s - Successfully got comment
2025-05-25 00:29:57 - person_summary            - INFO - 34.742s - Chunk 39 processed successfully. Processed 1 person events.
2025-05-25 00:29:57 - opinion_scoring           - INFO - N/A - (Stage 3) Opinion scoring for chunk 39 started
2025-05-25 00:30:15 - event_classifier          - INFO - 45.475s - Chunk 37 processed, (1) general events, (1) opinions.
2025-05-25 00:30:15 - event_scoring             - INFO - N/A - (Stage 1) Event scoring for chunk 37 started
2025-05-25 00:30:15 - sentiment_analysis        - INFO - N/A - (Stage 1) Sentiment analysis for chunk 37 started
2025-05-25 00:30:21 - opinion_scoring           - INFO - 43.265s - Successfully calculated opinion scores
2025-05-25 00:30:21 - opinion_scoring           - INFO - 43.266s - Chunk 48 processed successfully. Processed 1 person events.
2025-05-25 00:30:21 - write_node                - INFO - N/A - (Stage 3) Scores without inconsistency case
2025-05-25 00:30:21 - write_node                - ERROR - N/A - Opinion scores not saved correctly for ID 103: hotness: expected 0.6849999999999999, got 0.685
2025-05-25 00:30:21 - write_node                - INFO - N/A - (Stage 2.1) Summary/attitude full case
2025-05-25 00:30:21 - write_node                - ERROR - N/A - Error processing person event: add_attitude_full() got an unexpected keyword argument 'is_expert_flag'
2025-05-25 00:30:21 - write_node                - INFO - N/A - Chunk 48 marked as processed
2025-05-25 00:30:22 - event_classifier          - INFO - N/A - (Stage 0) Processing chunk 36 started
2025-05-25 00:30:33 - person_summary            - ERROR - N/A - Error in refinement process: 'max_length'. Falling back to truncation.
2025-05-25 00:30:33 - person_summary            - INFO - 44.727s - Successfully got comment
2025-05-25 00:30:33 - person_summary            - INFO - 44.728s - Chunk 38 processed successfully. Processed 1 person events.
2025-05-25 00:30:33 - opinion_scoring           - INFO - N/A - (Stage 3) Opinion scoring for chunk 38 started
2025-05-25 00:30:39 - opinion_scoring           - INFO - 42.418s - Successfully calculated opinion scores
2025-05-25 00:30:39 - opinion_scoring           - INFO - 42.418s - Chunk 39 processed successfully. Processed 1 person events.
2025-05-25 00:30:39 - write_node                - ERROR - N/A - Event scores not saved correctly: Expected 0.3, 0.2, 0.4, 0.28500000000000003 but got 0.3, 0.2, 0.4, 0.285
2025-05-25 00:30:39 - write_node                - INFO - N/A - (Stage 3) Scores without inconsistency case
2025-05-25 00:30:39 - write_node                - INFO - N/A - (Stage 2.1) Summary/attitude full case
2025-05-25 00:30:39 - write_node                - ERROR - N/A - Error processing person event: add_attitude_full() got an unexpected keyword argument 'is_expert_flag'
2025-05-25 00:30:39 - write_node                - INFO - N/A - Chunk 39 marked as processed
2025-05-25 00:30:40 - event_classifier          - INFO - N/A - (Stage 0) Processing chunk 35 started
2025-05-25 00:30:47 - event_scoring             - INFO - 32.009s - Successfully calculated event scores
2025-05-25 00:30:47 - event_scoring             - INFO - 32.009s - Chunk 37 processed successfully. Processed 1 general events.
2025-05-25 00:30:48 - sentiment_analysis        - INFO - 33.545s - Successfully got sentiment score
2025-05-25 00:30:48 - sentiment_analysis        - INFO - 33.545s - Chunk 37 processed successfully. Processed 1 person events.
2025-05-25 00:30:48 - inconsistency_detection   - INFO - N/A - (Stage 2) Inconsistency analysis for chunk 37 started
2025-05-25 00:30:48 - inconsistency_detection   - INFO - 0.012s - Chunk 37 processed successfully. Processed 1 person events.
2025-05-25 00:30:48 - person_summary            - INFO - N/A - (Stage 2.1) Person attitude analysis for chunk 37 started
2025-05-25 00:30:48 - person_summary            - INFO - N/A - Missing person ID for person_event 1 in chunk 37.
2025-05-25 00:30:48 - person_summary            - INFO - N/A - No sentiment history found for person Laurie Pressman in chunk 37, generating new.
2025-05-25 00:31:08 - event_classifier          - INFO - 46.300s - Chunk 36 processed, (1) general events, (1) opinions.
2025-05-25 00:31:08 - event_scoring             - INFO - N/A - (Stage 1) Event scoring for chunk 36 started
2025-05-25 00:31:08 - sentiment_analysis        - INFO - N/A - (Stage 1) Sentiment analysis for chunk 36 started
2025-05-25 00:31:15 - opinion_scoring           - INFO - 42.317s - Successfully calculated opinion scores
2025-05-25 00:31:15 - opinion_scoring           - INFO - 42.318s - Chunk 38 processed successfully. Processed 1 person events.
2025-05-25 00:31:15 - write_node                - ERROR - N/A - Event scores not saved correctly: Expected 0.8, 0.7, 0.6, 0.6799999999999999 but got 0.8, 0.7, 0.6, 0.68
2025-05-25 00:31:15 - write_node                - INFO - N/A - (Stage 3) Scores without inconsistency case
2025-05-25 00:31:15 - write_node                - ERROR - N/A - Opinion scores not saved correctly for ID 105: hotness: expected 0.44499999999999995, got 0.445
2025-05-25 00:31:15 - write_node                - INFO - N/A - (Stage 2.1) Summary/attitude full case
2025-05-25 00:31:15 - write_node                - ERROR - N/A - Error processing person event: add_attitude_full() got an unexpected keyword argument 'is_expert_flag'
2025-05-25 00:31:15 - write_node                - INFO - N/A - Chunk 38 marked as processed
2025-05-25 00:31:16 - event_classifier          - INFO - N/A - (Stage 0) Processing chunk 34 started
2025-05-25 00:31:29 - event_classifier          - WARNING - N/A - Received invalid JSON response: Expecting ',' delimiter: line 9 column 2 (char 349). Attempting to fix...
2025-05-25 00:31:29 - event_classifier          - WARNING - N/A - Failed parsing code block content with substring method
2025-05-25 00:31:29 - event_classifier          - INFO - N/A - Successfully reconstructed JSON with regex field extraction
2025-05-25 00:31:29 - event_classifier          - INFO - 49.487s - Chunk 35 processed, (1) general events, (1) opinions.
2025-05-25 00:31:29 - event_scoring             - INFO - N/A - (Stage 1) Event scoring for chunk 35 started
2025-05-25 00:31:29 - sentiment_analysis        - INFO - N/A - (Stage 1) Sentiment analysis for chunk 35 started
2025-05-25 00:31:38 - person_summary            - INFO - 50.052s - Successfully got comment
2025-05-25 00:31:38 - person_summary            - INFO - 50.053s - Chunk 37 processed successfully. Processed 1 person events.
2025-05-25 00:31:38 - opinion_scoring           - INFO - N/A - (Stage 3) Opinion scoring for chunk 37 started
2025-05-25 00:31:47 - event_scoring             - INFO - 38.729s - Successfully calculated event scores
2025-05-25 00:31:47 - event_scoring             - INFO - 38.729s - Chunk 36 processed successfully. Processed 1 general events.
2025-05-25 00:31:49 - sentiment_analysis        - INFO - 40.488s - Successfully got sentiment score
2025-05-25 00:31:49 - sentiment_analysis        - INFO - 40.488s - Chunk 36 processed successfully. Processed 1 person events.
2025-05-25 00:31:49 - inconsistency_detection   - INFO - N/A - (Stage 2) Inconsistency analysis for chunk 36 started
2025-05-25 00:31:49 - inconsistency_detection   - INFO - 0.011s - Chunk 36 processed successfully. Processed 1 person events.
2025-05-25 00:31:49 - person_summary            - INFO - N/A - (Stage 2.1) Person attitude analysis for chunk 36 started
2025-05-25 00:31:49 - person_summary            - INFO - N/A - Missing person ID for person_event 1 in chunk 36.
2025-05-25 00:31:49 - person_summary            - INFO - N/A - No sentiment history found for person Charli XCX in chunk 36, generating new.
2025-05-25 00:32:07 - event_classifier          - WARNING - N/A - Received invalid JSON response: Expecting ',' delimiter: line 9 column 2 (char 444). Attempting to fix...
2025-05-25 00:32:07 - event_classifier          - WARNING - N/A - Failed parsing code block content with substring method
2025-05-25 00:32:07 - event_classifier          - WARNING - N/A - Failed to extract with regex: Unterminated string starting at: line 1 column 267 (char 266)
2025-05-25 00:32:07 - event_classifier          - INFO - 50.876s - Chunk 34 processed, (1) general events, (1) opinions.
2025-05-25 00:32:07 - event_scoring             - INFO - N/A - (Stage 1) Event scoring for chunk 34 started
2025-05-25 00:32:07 - sentiment_analysis        - INFO - N/A - (Stage 1) Sentiment analysis for chunk 34 started
2025-05-25 00:32:14 - event_scoring             - INFO - 44.681s - Successfully calculated event scores
2025-05-25 00:32:14 - event_scoring             - INFO - 44.681s - Chunk 35 processed successfully. Processed 1 general events.
2025-05-25 00:32:16 - sentiment_analysis        - INFO - 46.335s - Successfully got sentiment score
2025-05-25 00:32:16 - sentiment_analysis        - INFO - 46.335s - Chunk 35 processed successfully. Processed 1 person events.
2025-05-25 00:32:16 - inconsistency_detection   - INFO - N/A - (Stage 2) Inconsistency analysis for chunk 35 started
2025-05-25 00:32:16 - inconsistency_detection   - INFO - 0.015s - Chunk 35 processed successfully. Processed 1 person events.
2025-05-25 00:32:16 - person_summary            - INFO - N/A - (Stage 2.1) Person attitude analysis for chunk 35 started
2025-05-25 00:32:16 - person_summary            - INFO - N/A - Missing person ID for person_event 1 in chunk 35.
2025-05-25 00:32:16 - person_summary            - INFO - N/A - No sentiment history found for person Neoh in chunk 35, generating new.
2025-05-25 00:32:22 - opinion_scoring           - INFO - 43.927s - Successfully calculated opinion scores
2025-05-25 00:32:22 - opinion_scoring           - INFO - 43.927s - Chunk 37 processed successfully. Processed 1 person events.
2025-05-25 00:32:22 - write_node                - ERROR - N/A - Event scores not saved correctly: Expected 0.3, 0.4, 0.6, 0.45499999999999996 but got 0.3, 0.4, 0.6, 0.455
2025-05-25 00:32:22 - write_node                - INFO - N/A - (Stage 3) Scores without inconsistency case
2025-05-25 00:32:23 - write_node                - INFO - N/A - (Stage 2.1) Summary/attitude full case
2025-05-25 00:32:23 - write_node                - ERROR - N/A - Error processing person event: add_attitude_full() got an unexpected keyword argument 'is_expert_flag'
2025-05-25 00:32:23 - write_node                - INFO - N/A - Chunk 37 marked as processed
2025-05-25 00:32:23 - event_classifier          - INFO - N/A - (Stage 0) Processing chunk 29 started
2025-05-25 00:32:33 - person_summary            - INFO - 43.994s - Successfully got comment
2025-05-25 00:32:33 - person_summary            - INFO - 43.995s - Chunk 36 processed successfully. Processed 1 person events.
2025-05-25 00:32:33 - opinion_scoring           - INFO - N/A - (Stage 3) Opinion scoring for chunk 36 started
2025-05-25 00:32:41 - event_scoring             - INFO - 34.525s - Successfully calculated event scores
2025-05-25 00:32:41 - event_scoring             - INFO - 34.526s - Chunk 34 processed successfully. Processed 1 general events.
2025-05-25 00:32:43 - sentiment_analysis        - INFO - 36.069s - Successfully got sentiment score
2025-05-25 00:32:43 - sentiment_analysis        - INFO - 36.069s - Chunk 34 processed successfully. Processed 1 person events.
2025-05-25 00:32:43 - inconsistency_detection   - INFO - N/A - (Stage 2) Inconsistency analysis for chunk 34 started
2025-05-25 00:32:43 - inconsistency_detection   - INFO - 0.012s - Chunk 34 processed successfully. Processed 1 person events.
2025-05-25 00:32:43 - person_summary            - INFO - N/A - (Stage 2.1) Person attitude analysis for chunk 34 started
2025-05-25 00:32:43 - person_summary            - INFO - N/A - Missing person ID for person_event 1 in chunk 34.
2025-05-25 00:32:43 - person_summary            - INFO - N/A - No sentiment history found for person Khailing Neoh in chunk 34, generating new.
2025-05-25 00:32:50 - person_summary            - INFO - 34.322s - Successfully got comment
2025-05-25 00:32:50 - person_summary            - INFO - 34.323s - Chunk 35 processed successfully. Processed 1 person events.
2025-05-25 00:32:50 - opinion_scoring           - INFO - N/A - (Stage 3) Opinion scoring for chunk 35 started
2025-05-25 00:33:07 - event_classifier          - WARNING - N/A - Received invalid JSON response: Expecting ',' delimiter: line 9 column 2 (char 492). Attempting to fix...
2025-05-25 00:33:07 - event_classifier          - WARNING - N/A - Failed parsing code block content with substring method
2025-05-25 00:33:07 - event_classifier          - WARNING - N/A - Failed to extract with regex: Unterminated string starting at: line 1 column 319 (char 318)
2025-05-25 00:33:07 - event_classifier          - INFO - 44.414s - Chunk 29 processed, (1) general events, (1) opinions.
2025-05-25 00:33:07 - event_scoring             - INFO - N/A - (Stage 1) Event scoring for chunk 29 started
2025-05-25 00:33:07 - sentiment_analysis        - INFO - N/A - (Stage 1) Sentiment analysis for chunk 29 started
2025-05-25 00:33:14 - opinion_scoring           - INFO - 41.420s - Successfully calculated opinion scores
2025-05-25 00:33:14 - opinion_scoring           - INFO - 41.421s - Chunk 36 processed successfully. Processed 1 person events.
2025-05-25 00:33:14 - write_node                - ERROR - N/A - Event scores not saved correctly: Expected 0.85, 0.75, 0.6, 0.7124999999999999 but got 0.85, 0.75, 0.6, 0.7125
2025-05-25 00:33:14 - write_node                - INFO - N/A - (Stage 3) Scores without inconsistency case
2025-05-25 00:33:14 - write_node                - INFO - N/A - (Stage 2.1) Summary/attitude full case
2025-05-25 00:33:14 - write_node                - ERROR - N/A - Error processing person event: add_attitude_full() got an unexpected keyword argument 'is_expert_flag'
2025-05-25 00:33:14 - write_node                - INFO - N/A - Chunk 36 marked as processed
2025-05-25 00:33:15 - event_classifier          - INFO - N/A - (Stage 0) Processing chunk 28 started
2025-05-25 00:33:24 - person_summary            - INFO - 41.190s - Successfully got comment
2025-05-25 00:33:24 - person_summary            - INFO - 41.191s - Chunk 34 processed successfully. Processed 1 person events.
2025-05-25 00:33:24 - opinion_scoring           - INFO - N/A - (Stage 3) Opinion scoring for chunk 34 started
2025-05-25 00:33:30 - opinion_scoring           - INFO - 40.256s - Successfully calculated opinion scores
2025-05-25 00:33:30 - opinion_scoring           - INFO - 40.256s - Chunk 35 processed successfully. Processed 1 person events.
2025-05-25 00:33:30 - write_node                - ERROR - N/A - Event scores not saved correctly: Expected 0.2, 0.1, 0.1, 0.11499999999999999 but got 0.2, 0.1, 0.1, 0.115
2025-05-25 00:33:30 - write_node                - INFO - N/A - (Stage 3) Scores without inconsistency case
2025-05-25 00:33:30 - write_node                - INFO - N/A - (Stage 2.1) Summary/attitude full case
2025-05-25 00:33:30 - write_node                - ERROR - N/A - Error processing person event: add_attitude_full() got an unexpected keyword argument 'is_expert_flag'
2025-05-25 00:33:30 - write_node                - INFO - N/A - Chunk 35 marked as processed
2025-05-25 00:33:31 - event_classifier          - INFO - N/A - (Stage 0) Processing chunk 27 started
2025-05-25 00:33:38 - event_scoring             - INFO - 30.686s - Successfully calculated event scores
2025-05-25 00:33:38 - event_scoring             - INFO - 30.686s - Chunk 29 processed successfully. Processed 1 general events.
2025-05-25 00:33:40 - sentiment_analysis        - INFO - 32.331s - Successfully got sentiment score
2025-05-25 00:33:40 - sentiment_analysis        - INFO - 32.331s - Chunk 29 processed successfully. Processed 1 person events.
2025-05-25 00:33:40 - inconsistency_detection   - INFO - N/A - (Stage 2) Inconsistency analysis for chunk 29 started
2025-05-25 00:33:40 - inconsistency_detection   - INFO - 0.012s - Chunk 29 processed successfully. Processed 1 person events.
2025-05-25 00:33:40 - person_summary            - INFO - N/A - (Stage 2.1) Person attitude analysis for chunk 29 started
2025-05-25 00:33:40 - person_summary            - INFO - N/A - Missing person ID for person_event 1 in chunk 29.
2025-05-25 00:33:40 - person_summary            - INFO - N/A - No sentiment history found for person Haustein in chunk 29, generating new.
2025-05-25 00:33:58 - event_classifier          - INFO - 42.993s - Chunk 28 processed, (1) general events, (1) opinions.
2025-05-25 00:33:58 - event_scoring             - INFO - N/A - (Stage 1) Event scoring for chunk 28 started
2025-05-25 00:33:58 - sentiment_analysis        - INFO - N/A - (Stage 1) Sentiment analysis for chunk 28 started
2025-05-25 00:34:04 - opinion_scoring           - INFO - 40.532s - Successfully calculated opinion scores
2025-05-25 00:34:04 - opinion_scoring           - INFO - 40.532s - Chunk 34 processed successfully. Processed 1 person events.
2025-05-25 00:34:04 - write_node                - INFO - N/A - (Stage 3) Scores without inconsistency case
2025-05-25 00:34:05 - write_node                - INFO - N/A - (Stage 2.1) Summary/attitude full case
2025-05-25 00:34:05 - write_node                - ERROR - N/A - Error processing person event: add_attitude_full() got an unexpected keyword argument 'is_expert_flag'
2025-05-25 00:34:05 - write_node                - INFO - N/A - Chunk 34 marked as processed
2025-05-25 00:34:05 - event_classifier          - INFO - N/A - (Stage 0) Processing chunk 26 started
2025-05-25 00:34:21 - event_classifier          - WARNING - N/A - Received invalid JSON response: Expecting ',' delimiter: line 9 column 2 (char 476). Attempting to fix...
2025-05-25 00:34:21 - event_classifier          - WARNING - N/A - Failed parsing code block content with substring method
2025-05-25 00:34:21 - event_classifier          - WARNING - N/A - Failed to extract with regex: Unterminated string starting at: line 1 column 271 (char 270)
2025-05-25 00:34:21 - event_classifier          - INFO - 49.851s - Chunk 27 processed, (1) general events, (1) opinions.
2025-05-25 00:34:21 - event_scoring             - INFO - N/A - (Stage 1) Event scoring for chunk 27 started
2025-05-25 00:34:21 - sentiment_analysis        - INFO - N/A - (Stage 1) Sentiment analysis for chunk 27 started
2025-05-25 00:34:30 - person_summary            - ERROR - N/A - Error in refinement process: 'max_length'. Falling back to truncation.
2025-05-25 00:34:30 - person_summary            - INFO - 50.092s - Successfully got comment
2025-05-25 00:34:30 - person_summary            - INFO - 50.093s - Chunk 29 processed successfully. Processed 1 person events.
2025-05-25 00:34:30 - opinion_scoring           - INFO - N/A - (Stage 3) Opinion scoring for chunk 29 started
2025-05-25 00:34:38 - event_scoring             - INFO - 39.961s - Successfully calculated event scores
2025-05-25 00:34:38 - event_scoring             - INFO - 39.962s - Chunk 28 processed successfully. Processed 1 general events.
2025-05-25 00:34:39 - sentiment_analysis        - INFO - 41.496s - Successfully got sentiment score
2025-05-25 00:34:39 - sentiment_analysis        - INFO - 41.496s - Chunk 28 processed successfully. Processed 1 person events.
2025-05-25 00:34:39 - inconsistency_detection   - INFO - N/A - (Stage 2) Inconsistency analysis for chunk 28 started
2025-05-25 00:34:39 - inconsistency_detection   - INFO - 0.012s - Chunk 28 processed successfully. Processed 1 person events.
2025-05-25 00:34:39 - person_summary            - INFO - N/A - (Stage 2.1) Person attitude analysis for chunk 28 started
2025-05-25 00:34:39 - person_summary            - INFO - N/A - Missing person ID for person_event 1 in chunk 28.
2025-05-25 00:34:39 - person_summary            - INFO - N/A - No sentiment history found for person Karsten Haustein in chunk 28, generating new.
2025-05-25 00:35:00 - event_classifier          - WARNING - N/A - Received invalid JSON response: Expecting ',' delimiter: line 9 column 2 (char 663). Attempting to fix...
2025-05-25 00:35:00 - event_classifier          - WARNING - N/A - Failed parsing code block content with substring method
2025-05-25 00:35:00 - event_classifier          - WARNING - N/A - Failed to extract with regex: Unterminated string starting at: line 1 column 278 (char 277)
2025-05-25 00:35:08 - event_scoring             - INFO - 47.198s - Successfully calculated event scores
2025-05-25 00:35:08 - event_scoring             - INFO - 47.198s - Chunk 27 processed successfully. Processed 1 general events.
2025-05-25 00:35:10 - sentiment_analysis        - INFO - 48.748s - Successfully got sentiment score
2025-05-25 00:35:10 - sentiment_analysis        - INFO - 48.749s - Chunk 27 processed successfully. Processed 1 person events.
2025-05-25 00:35:10 - inconsistency_detection   - INFO - N/A - (Stage 2) Inconsistency analysis for chunk 27 started
2025-05-25 00:35:10 - inconsistency_detection   - INFO - 0.013s - Chunk 27 processed successfully. Processed 1 person events.
2025-05-25 00:35:10 - person_summary            - INFO - N/A - (Stage 2.1) Person attitude analysis for chunk 27 started
2025-05-25 00:35:10 - person_summary            - INFO - N/A - Missing person ID for person_event 1 in chunk 27.
2025-05-25 00:35:10 - person_summary            - INFO - N/A - No sentiment history found for person Olly Bartlett in chunk 27, generating new.
2025-05-25 00:35:16 - opinion_scoring           - INFO - 46.272s - Successfully calculated opinion scores
2025-05-25 00:35:16 - opinion_scoring           - INFO - 46.272s - Chunk 29 processed successfully. Processed 1 person events.
2025-05-25 00:35:16 - write_node                - ERROR - N/A - Event scores not saved correctly: Expected 0.85, 0.75, 0.6, 0.7124999999999999 but got 0.85, 0.75, 0.6, 0.7125
2025-05-25 00:35:16 - write_node                - INFO - N/A - (Stage 3) Scores without inconsistency case
2025-05-25 00:35:16 - write_node                - INFO - N/A - (Stage 2.1) Summary/attitude full case
2025-05-25 00:35:16 - write_node                - ERROR - N/A - Error processing person event: add_attitude_full() got an unexpected keyword argument 'is_expert_flag'
2025-05-25 00:35:16 - write_node                - INFO - N/A - Chunk 29 marked as processed
2025-05-25 00:35:17 - event_classifier          - INFO - N/A - (Stage 0) Processing chunk 25 started
2025-05-25 00:35:25 - person_summary            - INFO - 45.991s - Successfully got comment
2025-05-25 00:35:25 - person_summary            - INFO - 45.992s - Chunk 28 processed successfully. Processed 1 person events.
2025-05-25 00:35:25 - opinion_scoring           - INFO - N/A - (Stage 3) Opinion scoring for chunk 28 started
2025-05-25 00:35:46 - event_classifier          - INFO - 101.263s - Chunk 26 processed, (1) general events, (1) opinions.
2025-05-25 00:35:46 - event_scoring             - INFO - N/A - (Stage 1) Event scoring for chunk 26 started
2025-05-25 00:35:46 - sentiment_analysis        - INFO - N/A - (Stage 1) Sentiment analysis for chunk 26 started
2025-05-25 00:35:54 - person_summary            - INFO - 44.173s - Successfully got comment
2025-05-25 00:35:54 - person_summary            - INFO - 44.174s - Chunk 27 processed successfully. Processed 1 person events.
2025-05-25 00:35:54 - opinion_scoring           - INFO - N/A - (Stage 3) Opinion scoring for chunk 27 started
2025-05-25 00:36:07 - event_classifier          - WARNING - N/A - Received invalid JSON response: Expecting ',' delimiter: line 9 column 2 (char 339). Attempting to fix...
2025-05-25 00:36:07 - event_classifier          - WARNING - N/A - Failed parsing code block content with substring method
2025-05-25 00:36:07 - event_classifier          - WARNING - N/A - Failed to extract with regex: Unterminated string starting at: line 1 column 236 (char 235)
2025-05-25 00:36:07 - event_classifier          - INFO - 50.521s - Chunk 25 processed, (1) general events, (1) opinions.
2025-05-25 00:36:07 - event_scoring             - INFO - N/A - (Stage 1) Event scoring for chunk 25 started
2025-05-25 00:36:07 - sentiment_analysis        - INFO - N/A - (Stage 1) Sentiment analysis for chunk 25 started
2025-05-25 00:36:14 - opinion_scoring           - INFO - 48.462s - Successfully calculated opinion scores
2025-05-25 00:36:14 - opinion_scoring           - INFO - 48.462s - Chunk 28 processed successfully. Processed 1 person events.
2025-05-25 00:36:14 - write_node                - INFO - N/A - (Stage 3) Scores without inconsistency case
2025-05-25 00:36:14 - write_node                - INFO - N/A - (Stage 2.1) Summary/attitude full case
2025-05-25 00:36:14 - write_node                - ERROR - N/A - Error processing person event: add_attitude_full() got an unexpected keyword argument 'is_expert_flag'
2025-05-25 00:36:14 - write_node                - INFO - N/A - Chunk 28 marked as processed
2025-05-25 00:36:15 - event_classifier          - INFO - N/A - (Stage 0) Processing chunk 24 started
2025-05-25 00:36:22 - event_scoring             - INFO - 35.564s - Successfully calculated event scores
2025-05-25 00:36:22 - event_scoring             - INFO - 35.564s - Chunk 26 processed successfully. Processed 1 general events.
2025-05-25 00:36:23 - sentiment_analysis        - INFO - 37.119s - Successfully got sentiment score
2025-05-25 00:36:23 - sentiment_analysis        - INFO - 37.119s - Chunk 26 processed successfully. Processed 1 person events.
2025-05-25 00:36:23 - inconsistency_detection   - INFO - N/A - (Stage 2) Inconsistency analysis for chunk 26 started
2025-05-25 00:36:23 - inconsistency_detection   - INFO - 0.012s - Chunk 26 processed successfully. Processed 1 person events.
2025-05-25 00:36:23 - person_summary            - INFO - N/A - (Stage 2.1) Person attitude analysis for chunk 26 started
2025-05-25 00:36:23 - person_summary            - INFO - N/A - Missing person ID for person_event 1 in chunk 26.
2025-05-25 00:36:23 - person_summary            - INFO - N/A - No sentiment history found for person Thomas Roland in chunk 26, generating new.
2025-05-25 00:36:30 - opinion_scoring           - INFO - 36.170s - Successfully calculated opinion scores
2025-05-25 00:36:30 - opinion_scoring           - INFO - 36.171s - Chunk 27 processed successfully. Processed 1 person events.
2025-05-25 00:36:30 - write_node                - INFO - N/A - (Stage 3) Scores without inconsistency case
2025-05-25 00:36:30 - write_node                - ERROR - N/A - Opinion scores not saved correctly for ID 112: hotness: expected 0.7849999999999999, got 0.785
2025-05-25 00:36:30 - write_node                - INFO - N/A - (Stage 2.1) Summary/attitude full case
2025-05-25 00:36:30 - write_node                - ERROR - N/A - Error processing person event: add_attitude_full() got an unexpected keyword argument 'is_expert_flag'
2025-05-25 00:36:30 - write_node                - INFO - N/A - Chunk 27 marked as processed
2025-05-25 00:36:31 - event_classifier          - INFO - N/A - (Stage 0) Processing chunk 22 started
2025-05-25 00:36:36 - event_scoring             - INFO - 28.502s - Successfully calculated event scores
2025-05-25 00:36:36 - event_scoring             - INFO - 28.502s - Chunk 25 processed successfully. Processed 1 general events.
2025-05-25 00:36:38 - sentiment_analysis        - INFO - 30.175s - Successfully got sentiment score
2025-05-25 00:36:38 - sentiment_analysis        - INFO - 30.175s - Chunk 25 processed successfully. Processed 1 person events.
2025-05-25 00:36:38 - inconsistency_detection   - INFO - N/A - (Stage 2) Inconsistency analysis for chunk 25 started
2025-05-25 00:36:38 - inconsistency_detection   - INFO - 0.011s - Chunk 25 processed successfully. Processed 1 person events.
2025-05-25 00:36:38 - person_summary            - INFO - N/A - (Stage 2.1) Person attitude analysis for chunk 25 started
2025-05-25 00:36:38 - person_summary            - INFO - N/A - Missing person ID for person_event 1 in chunk 25.
2025-05-25 00:36:38 - person_summary            - INFO - N/A - No sentiment history found for person David Shapiro in chunk 25, generating new.
2025-05-25 00:36:57 - event_classifier          - INFO - 42.568s - Chunk 24 processed, (1) general events, (1) opinions.
2025-05-25 00:36:57 - event_scoring             - INFO - N/A - (Stage 1) Event scoring for chunk 24 started
2025-05-25 00:36:57 - sentiment_analysis        - INFO - N/A - (Stage 1) Sentiment analysis for chunk 24 started
2025-05-25 00:37:04 - person_summary            - INFO - 40.756s - Successfully got comment
2025-05-25 00:37:04 - person_summary            - INFO - 40.756s - Chunk 26 processed successfully. Processed 1 person events.
2025-05-25 00:37:04 - opinion_scoring           - INFO - N/A - (Stage 3) Opinion scoring for chunk 26 started
2025-05-25 00:37:30 - person_summary            - INFO - 52.543s - Successfully got comment
2025-05-25 00:37:30 - person_summary            - INFO - 52.543s - Chunk 25 processed successfully. Processed 1 person events.
2025-05-25 00:37:30 - opinion_scoring           - INFO - N/A - (Stage 3) Opinion scoring for chunk 25 started
2025-05-25 00:37:38 - event_scoring             - INFO - 40.926s - Successfully calculated event scores
2025-05-25 00:37:38 - event_scoring             - INFO - 40.926s - Chunk 24 processed successfully. Processed 1 general events.
2025-05-25 00:37:40 - sentiment_analysis        - INFO - 42.678s - Successfully got sentiment score
2025-05-25 00:37:40 - sentiment_analysis        - INFO - 42.679s - Chunk 24 processed successfully. Processed 1 person events.
2025-05-25 00:37:40 - inconsistency_detection   - INFO - N/A - (Stage 2) Inconsistency analysis for chunk 24 started
2025-05-25 00:37:40 - inconsistency_detection   - INFO - 0.012s - Chunk 24 processed successfully. Processed 1 person events.
2025-05-25 00:37:40 - person_summary            - INFO - N/A - (Stage 2.1) Person attitude analysis for chunk 24 started
2025-05-25 00:37:40 - person_summary            - INFO - N/A - Missing person ID for person_event 1 in chunk 24.
2025-05-25 00:37:40 - person_summary            - INFO - N/A - No sentiment history found for person Ben King in chunk 24, generating new.
2025-05-25 00:37:47 - opinion_scoring           - INFO - 42.338s - Successfully calculated opinion scores
2025-05-25 00:37:47 - opinion_scoring           - INFO - 42.338s - Chunk 26 processed successfully. Processed 1 person events.
2025-05-25 00:37:47 - write_node                - INFO - N/A - (Stage 3) Scores without inconsistency case
2025-05-25 00:37:47 - write_node                - INFO - N/A - (Stage 2.1) Summary/attitude full case
2025-05-25 00:37:47 - write_node                - ERROR - N/A - Error processing person event: add_attitude_full() got an unexpected keyword argument 'is_expert_flag'
2025-05-25 00:37:47 - write_node                - INFO - N/A - Chunk 26 marked as processed
2025-05-25 00:37:47 - event_classifier          - INFO - N/A - (Stage 0) Processing chunk 21 started
2025-05-25 00:38:04 - event_classifier          - INFO - 93.335s - Chunk 22 processed, (1) general events, (1) opinions.
2025-05-25 00:38:04 - event_scoring             - INFO - N/A - (Stage 1) Event scoring for chunk 22 started
2025-05-25 00:38:04 - sentiment_analysis        - INFO - N/A - (Stage 1) Sentiment analysis for chunk 22 started
2025-05-25 00:38:10 - opinion_scoring           - INFO - 40.238s - Successfully calculated opinion scores
2025-05-25 00:38:10 - opinion_scoring           - INFO - 40.238s - Chunk 25 processed successfully. Processed 1 person events.
2025-05-25 00:38:11 - write_node                - INFO - N/A - (Stage 3) Scores without inconsistency case
2025-05-25 00:38:11 - write_node                - INFO - N/A - (Stage 2.1) Summary/attitude full case
2025-05-25 00:38:11 - write_node                - ERROR - N/A - Error processing person event: add_attitude_full() got an unexpected keyword argument 'is_expert_flag'
2025-05-25 00:38:11 - write_node                - INFO - N/A - Chunk 25 marked as processed
2025-05-25 00:38:11 - event_classifier          - INFO - N/A - (Stage 0) Processing chunk 20 started
2025-05-25 00:38:19 - person_summary            - INFO - 38.936s - Successfully got comment
2025-05-25 00:38:19 - person_summary            - INFO - 38.936s - Chunk 24 processed successfully. Processed 1 person events.
2025-05-25 00:38:19 - opinion_scoring           - INFO - N/A - (Stage 3) Opinion scoring for chunk 24 started
2025-05-25 00:38:34 - event_classifier          - WARNING - N/A - Received invalid JSON response: Expecting ',' delimiter: line 9 column 2 (char 369). Attempting to fix...
2025-05-25 00:38:34 - event_classifier          - WARNING - N/A - Failed parsing code block content with substring method
2025-05-25 00:38:34 - event_classifier          - INFO - N/A - Successfully reconstructed JSON with regex field extraction
2025-05-25 00:38:34 - event_classifier          - INFO - 46.517s - Chunk 21 processed, (1) general events, (1) opinions.
2025-05-25 00:38:34 - event_scoring             - INFO - N/A - (Stage 1) Event scoring for chunk 21 started
2025-05-25 00:38:34 - sentiment_analysis        - INFO - N/A - (Stage 1) Sentiment analysis for chunk 21 started
2025-05-25 00:38:42 - event_scoring             - INFO - 37.788s - Successfully calculated event scores
2025-05-25 00:38:42 - event_scoring             - INFO - 37.789s - Chunk 22 processed successfully. Processed 1 general events.
2025-05-25 00:38:44 - sentiment_analysis        - INFO - 39.704s - Successfully got sentiment score
2025-05-25 00:38:44 - sentiment_analysis        - INFO - 39.704s - Chunk 22 processed successfully. Processed 1 person events.
2025-05-25 00:38:44 - inconsistency_detection   - INFO - N/A - (Stage 2) Inconsistency analysis for chunk 22 started
2025-05-25 00:38:44 - inconsistency_detection   - INFO - 0.011s - Chunk 22 processed successfully. Processed 1 person events.
2025-05-25 00:38:44 - person_summary            - INFO - N/A - (Stage 2.1) Person attitude analysis for chunk 22 started
2025-05-25 00:38:44 - person_summary            - INFO - N/A - Missing person ID for person_event 1 in chunk 22.
2025-05-25 00:38:44 - person_summary            - INFO - N/A - No sentiment history found for person Jason Walsh in chunk 22, generating new.
2025-05-25 00:39:04 - event_classifier          - WARNING - N/A - Received invalid JSON response: Expecting ',' delimiter: line 9 column 2 (char 591). Attempting to fix...
2025-05-25 00:39:04 - event_classifier          - WARNING - N/A - Failed parsing code block content with substring method
2025-05-25 00:39:04 - event_classifier          - INFO - N/A - Successfully reconstructed JSON with regex field extraction
2025-05-25 00:39:04 - event_classifier          - INFO - 52.718s - Chunk 20 processed, (1) general events, (1) opinions.
2025-05-25 00:39:04 - event_scoring             - INFO - N/A - (Stage 1) Event scoring for chunk 20 started
2025-05-25 00:39:04 - sentiment_analysis        - INFO - N/A - (Stage 1) Sentiment analysis for chunk 20 started
2025-05-25 00:39:11 - opinion_scoring           - INFO - 51.819s - Successfully calculated opinion scores
2025-05-25 00:39:11 - opinion_scoring           - INFO - 51.819s - Chunk 24 processed successfully. Processed 1 person events.
2025-05-25 00:39:11 - write_node                - INFO - N/A - (Stage 3) Scores without inconsistency case
2025-05-25 00:39:11 - write_node                - INFO - N/A - (Stage 2.1) Summary/attitude full case
2025-05-25 00:39:11 - write_node                - ERROR - N/A - Error processing person event: add_attitude_full() got an unexpected keyword argument 'is_expert_flag'
2025-05-25 00:39:11 - write_node                - INFO - N/A - Chunk 24 marked as processed
2025-05-25 00:39:11 - event_classifier          - INFO - N/A - (Stage 0) Processing chunk 19 started
2025-05-25 00:39:18 - event_scoring             - INFO - 44.499s - Successfully calculated event scores
2025-05-25 00:39:18 - event_scoring             - INFO - 44.499s - Chunk 21 processed successfully. Processed 1 general events.
2025-05-25 00:39:20 - sentiment_analysis        - INFO - 46.135s - Successfully got sentiment score
2025-05-25 00:39:20 - sentiment_analysis        - INFO - 46.135s - Chunk 21 processed successfully. Processed 1 person events.
2025-05-25 00:39:20 - inconsistency_detection   - INFO - N/A - (Stage 2) Inconsistency analysis for chunk 21 started
2025-05-25 00:39:20 - inconsistency_detection   - INFO - 0.011s - Chunk 21 processed successfully. Processed 1 person events.
2025-05-25 00:39:20 - person_summary            - INFO - N/A - (Stage 2.1) Person attitude analysis for chunk 21 started
2025-05-25 00:39:20 - person_summary            - INFO - N/A - Missing person ID for person_event 1 in chunk 21.
2025-05-25 00:39:20 - person_summary            - INFO - N/A - No sentiment history found for person Lee Zeldin in chunk 21, generating new.
2025-05-25 00:39:29 - person_summary            - INFO - 45.174s - Successfully got comment
2025-05-25 00:39:29 - person_summary            - INFO - 45.175s - Chunk 22 processed successfully. Processed 1 person events.
2025-05-25 00:39:29 - opinion_scoring           - INFO - N/A - (Stage 3) Opinion scoring for chunk 22 started
2025-05-25 00:39:37 - event_scoring             - INFO - 32.888s - Successfully calculated event scores
2025-05-25 00:39:37 - event_scoring             - INFO - 32.888s - Chunk 20 processed successfully. Processed 1 general events.
2025-05-25 00:39:39 - sentiment_analysis        - INFO - 34.658s - Successfully got sentiment score
2025-05-25 00:39:39 - sentiment_analysis        - INFO - 34.658s - Chunk 20 processed successfully. Processed 1 person events.
2025-05-25 00:39:39 - inconsistency_detection   - INFO - N/A - (Stage 2) Inconsistency analysis for chunk 20 started
2025-05-25 00:39:39 - inconsistency_detection   - INFO - 0.012s - Chunk 20 processed successfully. Processed 1 person events.
2025-05-25 00:39:39 - person_summary            - INFO - N/A - (Stage 2.1) Person attitude analysis for chunk 20 started
2025-05-25 00:39:39 - person_summary            - INFO - N/A - Missing person ID for person_event 1 in chunk 20.
2025-05-25 00:39:39 - person_summary            - INFO - N/A - No sentiment history found for person Chris Wright in chunk 20, generating new.
2025-05-25 00:39:56 - event_classifier          - INFO - 44.712s - Chunk 19 processed, (1) general events, (1) opinions.
2025-05-25 00:39:56 - event_scoring             - INFO - N/A - (Stage 1) Event scoring for chunk 19 started
2025-05-25 00:39:56 - sentiment_analysis        - INFO - N/A - (Stage 1) Sentiment analysis for chunk 19 started
2025-05-25 00:40:05 - person_summary            - INFO - 44.838s - Successfully got comment
2025-05-25 00:40:05 - person_summary            - INFO - 44.839s - Chunk 21 processed successfully. Processed 1 person events.
2025-05-25 00:40:05 - opinion_scoring           - INFO - N/A - (Stage 3) Opinion scoring for chunk 21 started
2025-05-25 00:40:12 - opinion_scoring           - INFO - 42.665s - Successfully calculated opinion scores
2025-05-25 00:40:12 - opinion_scoring           - INFO - 42.665s - Chunk 22 processed successfully. Processed 1 person events.
2025-05-25 00:40:12 - write_node                - INFO - N/A - (Stage 3) Scores without inconsistency case
2025-05-25 00:40:12 - write_node                - ERROR - N/A - Opinion scores not saved correctly for ID 116: hotness: expected 0.7849999999999999, got 0.785
2025-05-25 00:40:12 - write_node                - INFO - N/A - (Stage 2.1) Summary/attitude full case
2025-05-25 00:40:12 - write_node                - ERROR - N/A - Error processing person event: add_attitude_full() got an unexpected keyword argument 'is_expert_flag'
2025-05-25 00:40:12 - write_node                - INFO - N/A - Chunk 22 marked as processed
2025-05-25 00:40:12 - event_classifier          - INFO - N/A - (Stage 0) Processing chunk 18 started
2025-05-25 00:40:21 - person_summary            - INFO - 42.144s - Successfully got comment
2025-05-25 00:40:21 - person_summary            - INFO - 42.144s - Chunk 20 processed successfully. Processed 1 person events.
2025-05-25 00:40:21 - opinion_scoring           - INFO - N/A - (Stage 3) Opinion scoring for chunk 20 started
2025-05-25 00:40:29 - event_scoring             - INFO - 32.955s - Successfully calculated event scores
2025-05-25 00:40:29 - event_scoring             - INFO - 32.956s - Chunk 19 processed successfully. Processed 1 general events.
2025-05-25 00:40:31 - sentiment_analysis        - INFO - 34.479s - Successfully got sentiment score
2025-05-25 00:40:31 - sentiment_analysis        - INFO - 34.480s - Chunk 19 processed successfully. Processed 1 person events.
2025-05-25 00:40:31 - inconsistency_detection   - INFO - N/A - (Stage 2) Inconsistency analysis for chunk 19 started
2025-05-25 00:40:37 - opinion_scoring           - INFO - 32.172s - Successfully calculated opinion scores
2025-05-25 00:40:37 - opinion_scoring           - INFO - 32.173s - Chunk 21 processed successfully. Processed 1 person events.
2025-05-25 00:40:37 - write_node                - INFO - N/A - (Stage 3) Scores without inconsistency case
2025-05-25 00:40:37 - write_node                - ERROR - N/A - Opinion scores not saved correctly for ID 117: hotness: expected 0.8900000000000001, got 0.89
2025-05-25 00:40:37 - write_node                - INFO - N/A - (Stage 2.1) Summary/attitude full case
2025-05-25 00:40:37 - write_node                - ERROR - N/A - Error processing person event: add_attitude_full() got an unexpected keyword argument 'is_expert_flag'
2025-05-25 00:40:37 - write_node                - INFO - N/A - Chunk 21 marked as processed
2025-05-25 00:40:38 - event_classifier          - INFO - N/A - (Stage 0) Processing chunk 17 started
2025-05-25 00:40:56 - event_classifier          - WARNING - N/A - Received invalid JSON response: Expecting ',' delimiter: line 9 column 2 (char 522). Attempting to fix...
2025-05-25 00:40:56 - event_classifier          - WARNING - N/A - Failed parsing code block content with substring method
2025-05-25 00:40:56 - event_classifier          - WARNING - N/A - Failed to extract with regex: Unterminated string starting at: line 1 column 274 (char 273)
2025-05-25 00:40:56 - event_classifier          - INFO - 43.392s - Chunk 18 processed, (1) general events, (1) opinions.
2025-05-25 00:40:56 - event_scoring             - INFO - N/A - (Stage 1) Event scoring for chunk 18 started
2025-05-25 00:40:56 - sentiment_analysis        - INFO - N/A - (Stage 1) Sentiment analysis for chunk 18 started
2025-05-25 00:41:02 - opinion_scoring           - INFO - 41.580s - Successfully calculated opinion scores
2025-05-25 00:41:02 - opinion_scoring           - INFO - 41.580s - Chunk 20 processed successfully. Processed 1 person events.
2025-05-25 00:41:02 - write_node                - INFO - N/A - (Stage 3) Scores without inconsistency case
2025-05-25 00:41:02 - write_node                - INFO - N/A - (Stage 2.1) Summary/attitude full case
2025-05-25 00:41:02 - write_node                - ERROR - N/A - Error processing person event: add_attitude_full() got an unexpected keyword argument 'is_expert_flag'
2025-05-25 00:41:02 - write_node                - INFO - N/A - Chunk 20 marked as processed
2025-05-25 00:41:03 - event_classifier          - INFO - N/A - (Stage 0) Processing chunk 23 started
2025-05-25 00:41:06 - inconsistency_detection   - INFO - 35.394s - Successfully got comment
2025-05-25 00:41:06 - inconsistency_detection   - INFO - 35.437s - Chunk 19 processed successfully. Processed 1 person events.
2025-05-25 00:41:06 - person_summary            - INFO - N/A - (Stage 2.1) Person attitude analysis for chunk 19 started
2025-05-25 00:41:06 - person_summary            - INFO - N/A - Sentiment history found for person Unspecified in chunk 19.
2025-05-25 00:41:21 - event_classifier          - INFO - 43.067s - Chunk 17 processed, (1) general events, (1) opinions.
2025-05-25 00:41:21 - event_scoring             - INFO - N/A - (Stage 1) Event scoring for chunk 17 started
2025-05-25 00:41:21 - sentiment_analysis        - INFO - N/A - (Stage 1) Sentiment analysis for chunk 17 started
2025-05-25 00:41:28 - event_scoring             - INFO - 32.789s - Successfully calculated event scores
2025-05-25 00:41:28 - event_scoring             - INFO - 32.790s - Chunk 18 processed successfully. Processed 1 general events.
2025-05-25 00:41:30 - sentiment_analysis        - INFO - 34.439s - Successfully got sentiment score
2025-05-25 00:41:30 - sentiment_analysis        - INFO - 34.439s - Chunk 18 processed successfully. Processed 1 person events.
2025-05-25 00:41:30 - inconsistency_detection   - INFO - N/A - (Stage 2) Inconsistency analysis for chunk 18 started
2025-05-25 00:41:30 - inconsistency_detection   - INFO - 0.032s - Chunk 18 processed successfully. Processed 1 person events.
2025-05-25 00:41:30 - person_summary            - INFO - N/A - (Stage 2.1) Person attitude analysis for chunk 18 started
2025-05-25 00:41:30 - person_summary            - INFO - N/A - Sentiment history found for person Lori Lodes in chunk 18.
2025-05-25 00:41:46 - event_classifier          - INFO - 42.690s - Chunk 23 processed, (1) general events, (1) opinions.
2025-05-25 00:41:46 - event_scoring             - INFO - N/A - (Stage 1) Event scoring for chunk 23 started
2025-05-25 00:41:46 - sentiment_analysis        - INFO - N/A - (Stage 1) Sentiment analysis for chunk 23 started
2025-05-25 00:41:53 - person_summary            - INFO - 46.719s - Successfully got comment
2025-05-25 00:41:53 - person_summary            - INFO - 46.751s - Chunk 19 processed successfully. Processed 1 person events.
2025-05-25 00:41:53 - opinion_scoring           - INFO - N/A - (Stage 3) Opinion scoring for chunk 19 started
2025-05-25 00:41:59 - event_scoring             - INFO - 38.603s - Successfully calculated event scores
2025-05-25 00:41:59 - event_scoring             - INFO - 38.604s - Chunk 17 processed successfully. Processed 1 general events.
2025-05-25 00:42:01 - sentiment_analysis        - INFO - 40.353s - Successfully got sentiment score
2025-05-25 00:42:01 - sentiment_analysis        - INFO - 40.353s - Chunk 17 processed successfully. Processed 1 person events.
2025-05-25 00:42:01 - inconsistency_detection   - INFO - N/A - (Stage 2) Inconsistency analysis for chunk 17 started
2025-05-25 00:42:10 - person_summary            - INFO - 39.995s - Successfully got comment
2025-05-25 00:42:10 - person_summary            - INFO - 40.031s - Chunk 18 processed successfully. Processed 1 person events.
2025-05-25 00:42:10 - opinion_scoring           - INFO - N/A - (Stage 3) Opinion scoring for chunk 18 started
2025-05-25 00:42:18 - event_scoring             - INFO - 31.883s - Successfully calculated event scores
2025-05-25 00:42:18 - event_scoring             - INFO - 31.883s - Chunk 23 processed successfully. Processed 1 general events.
2025-05-25 00:42:19 - sentiment_analysis        - INFO - 33.548s - Successfully got sentiment score
2025-05-25 00:42:19 - sentiment_analysis        - INFO - 33.549s - Chunk 23 processed successfully. Processed 1 person events.
2025-05-25 00:42:19 - inconsistency_detection   - INFO - N/A - (Stage 2) Inconsistency analysis for chunk 23 started
2025-05-25 00:42:19 - inconsistency_detection   - INFO - 0.012s - Chunk 23 processed successfully. Processed 1 person events.
2025-05-25 00:42:19 - person_summary            - INFO - N/A - (Stage 2.1) Person attitude analysis for chunk 23 started
2025-05-25 00:42:19 - person_summary            - INFO - N/A - Missing person ID for person_event 1 in chunk 23.
2025-05-25 00:42:19 - person_summary            - INFO - N/A - No sentiment history found for person Joseph Shapiro in chunk 23, generating new.
2025-05-25 00:42:26 - opinion_scoring           - INFO - 32.954s - Successfully calculated opinion scores
2025-05-25 00:42:26 - opinion_scoring           - INFO - 32.954s - Chunk 19 processed successfully. Processed 1 person events.
2025-05-25 00:42:26 - write_node                - INFO - N/A - (Stage 3) Scored case
2025-05-25 00:42:26 - write_node                - ERROR - N/A - Opinion scores not saved correctly for ID 119: hotness: expected 0.7050000000000001, got 0.705
2025-05-25 00:42:26 - write_node                - INFO - N/A - (Stage 2.1) Summary/attitude full case
2025-05-25 00:42:26 - write_node                - ERROR - N/A - Error processing person event: add_attitude_full() got an unexpected keyword argument 'is_expert_flag'
2025-05-25 00:42:26 - write_node                - INFO - N/A - Chunk 19 marked as processed
2025-05-25 00:42:26 - event_classifier          - INFO - N/A - (Stage 0) Processing chunk 16 started
2025-05-25 00:42:29 - inconsistency_detection   - INFO - 27.952s - Successfully got comment
2025-05-25 00:42:29 - inconsistency_detection   - INFO - 27.994s - Chunk 17 processed successfully. Processed 1 person events.
2025-05-25 00:42:29 - person_summary            - INFO - N/A - (Stage 2.1) Person attitude analysis for chunk 17 started
2025-05-25 00:42:29 - person_summary            - INFO - N/A - Sentiment history found for person Donald Trump in chunk 17.
2025-05-25 00:42:36 - opinion_scoring           - INFO - 25.686s - Successfully calculated opinion scores
2025-05-25 00:42:36 - opinion_scoring           - INFO - 25.686s - Chunk 18 processed successfully. Processed 1 person events.
2025-05-25 00:42:36 - write_node                - INFO - N/A - (Stage 3) Scored case
2025-05-25 00:42:36 - write_node                - INFO - N/A - (Stage 2.1) Summary/attitude full case
2025-05-25 00:42:36 - write_node                - ERROR - N/A - Error processing person event: add_attitude_full() got an unexpected keyword argument 'is_expert_flag'
2025-05-25 00:42:36 - write_node                - INFO - N/A - Chunk 18 marked as processed
2025-05-25 00:42:37 - event_classifier          - INFO - N/A - (Stage 0) Processing chunk 15 started
2025-05-25 00:42:44 - person_summary            - INFO - 25.101s - Successfully got comment
2025-05-25 00:42:44 - person_summary            - INFO - 25.102s - Chunk 23 processed successfully. Processed 1 person events.
2025-05-25 00:42:44 - opinion_scoring           - INFO - N/A - (Stage 3) Opinion scoring for chunk 23 started
2025-05-25 00:43:01 - event_classifier          - WARNING - N/A - Received invalid JSON response: Expecting ',' delimiter: line 9 column 2 (char 495). Attempting to fix...
2025-05-25 00:43:01 - event_classifier          - WARNING - N/A - Failed parsing code block content with substring method
2025-05-25 00:43:01 - event_classifier          - WARNING - N/A - Failed to extract with regex: Unterminated string starting at: line 1 column 211 (char 210)
2025-05-25 00:43:01 - event_classifier          - INFO - 34.919s - Chunk 16 processed, (1) general events, (1) opinions.
2025-05-25 00:43:01 - event_scoring             - INFO - N/A - (Stage 1) Event scoring for chunk 16 started
2025-05-25 00:43:01 - sentiment_analysis        - INFO - N/A - (Stage 1) Sentiment analysis for chunk 16 started
2025-05-25 00:43:09 - person_summary            - INFO - 40.285s - Successfully got comment
2025-05-25 00:43:09 - person_summary            - INFO - 40.315s - Chunk 17 processed successfully. Processed 1 person events.
2025-05-25 00:43:09 - opinion_scoring           - INFO - N/A - (Stage 3) Opinion scoring for chunk 17 started
2025-05-25 00:43:27 - event_classifier          - INFO - 50.567s - Chunk 15 processed, (1) general events, (1) opinions.
2025-05-25 00:43:27 - event_scoring             - INFO - N/A - (Stage 1) Event scoring for chunk 15 started
2025-05-25 00:43:27 - sentiment_analysis        - INFO - N/A - (Stage 1) Sentiment analysis for chunk 15 started
2025-05-25 00:43:34 - opinion_scoring           - INFO - 49.138s - Successfully calculated opinion scores
2025-05-25 00:43:34 - opinion_scoring           - INFO - 49.138s - Chunk 23 processed successfully. Processed 1 person events.
2025-05-25 00:43:34 - write_node                - INFO - N/A - (Stage 3) Scores without inconsistency case
2025-05-25 00:43:34 - write_node                - INFO - N/A - (Stage 2.1) Summary/attitude full case
2025-05-25 00:43:34 - write_node                - ERROR - N/A - Error processing person event: add_attitude_full() got an unexpected keyword argument 'is_expert_flag'
2025-05-25 00:43:34 - write_node                - INFO - N/A - Chunk 23 marked as processed
2025-05-25 00:43:34 - event_classifier          - INFO - N/A - (Stage 0) Processing chunk 14 started
2025-05-25 00:43:41 - event_scoring             - INFO - 39.890s - Successfully calculated event scores
2025-05-25 00:43:41 - event_scoring             - INFO - 39.890s - Chunk 16 processed successfully. Processed 1 general events.
2025-05-25 00:43:43 - sentiment_analysis        - INFO - 41.442s - Successfully got sentiment score
2025-05-25 00:43:43 - sentiment_analysis        - INFO - 41.443s - Chunk 16 processed successfully. Processed 1 person events.
2025-05-25 00:43:43 - inconsistency_detection   - INFO - N/A - (Stage 2) Inconsistency analysis for chunk 16 started
2025-05-25 00:43:43 - inconsistency_detection   - INFO - 0.011s - Chunk 16 processed successfully. Processed 1 person events.
2025-05-25 00:43:43 - person_summary            - INFO - N/A - (Stage 2.1) Person attitude analysis for chunk 16 started
2025-05-25 00:43:43 - person_summary            - INFO - N/A - Missing person ID for person_event 1 in chunk 16.
2025-05-25 00:43:43 - person_summary            - INFO - N/A - No sentiment history found for person Martin in chunk 16, generating new.
2025-05-25 00:43:50 - opinion_scoring           - INFO - 40.103s - Successfully calculated opinion scores
2025-05-25 00:43:50 - opinion_scoring           - INFO - 40.103s - Chunk 17 processed successfully. Processed 1 person events.
2025-05-25 00:43:50 - write_node                - ERROR - N/A - Event scores not saved correctly: Expected 0.85, 0.75, 0.6, 0.7124999999999999 but got 0.85, 0.75, 0.6, 0.7125
2025-05-25 00:43:50 - write_node                - INFO - N/A - (Stage 3) Scored case
2025-05-25 00:43:50 - write_node                - INFO - N/A - (Stage 2.1) Summary/attitude full case
2025-05-25 00:43:50 - write_node                - ERROR - N/A - Error processing person event: add_attitude_full() got an unexpected keyword argument 'is_expert_flag'
2025-05-25 00:43:50 - write_node                - INFO - N/A - Chunk 17 marked as processed
2025-05-25 00:43:50 - event_classifier          - INFO - N/A - (Stage 0) Processing chunk 13 started
2025-05-25 00:43:57 - event_scoring             - INFO - 30.119s - Successfully calculated event scores
2025-05-25 00:43:57 - event_scoring             - INFO - 30.120s - Chunk 15 processed successfully. Processed 1 general events.
2025-05-25 00:43:59 - sentiment_analysis        - INFO - 31.786s - Successfully got sentiment score
2025-05-25 00:43:59 - sentiment_analysis        - INFO - 31.786s - Chunk 15 processed successfully. Processed 1 person events.
2025-05-25 00:43:59 - inconsistency_detection   - INFO - N/A - (Stage 2) Inconsistency analysis for chunk 15 started
2025-05-25 00:43:59 - inconsistency_detection   - INFO - 0.012s - Chunk 15 processed successfully. Processed 1 person events.
2025-05-25 00:43:59 - person_summary            - INFO - N/A - (Stage 2.1) Person attitude analysis for chunk 15 started
2025-05-25 00:43:59 - person_summary            - INFO - N/A - Missing person ID for person_event 1 in chunk 15.
2025-05-25 00:43:59 - person_summary            - INFO - N/A - No sentiment history found for person Vincent Martin in chunk 15, generating new.
2025-05-25 00:44:13 - event_classifier          - WARNING - N/A - Received invalid JSON response: Expecting ',' delimiter: line 9 column 2 (char 316). Attempting to fix...
2025-05-25 00:44:13 - event_classifier          - WARNING - N/A - Failed parsing code block content with substring method
2025-05-25 00:44:13 - event_classifier          - INFO - N/A - Successfully reconstructed JSON with regex field extraction
2025-05-25 00:44:13 - event_classifier          - INFO - 38.678s - Chunk 14 processed, (1) general events, (1) opinions.
2025-05-25 00:44:13 - event_scoring             - INFO - N/A - (Stage 1) Event scoring for chunk 14 started
2025-05-25 00:44:13 - sentiment_analysis        - INFO - N/A - (Stage 1) Sentiment analysis for chunk 14 started
2025-05-25 00:44:23 - person_summary            - ERROR - N/A - Error in refinement process: 'max_length'. Falling back to truncation.
2025-05-25 00:44:23 - person_summary            - INFO - 39.835s - Successfully got comment
2025-05-25 00:44:23 - person_summary            - INFO - 39.836s - Chunk 16 processed successfully. Processed 1 person events.
2025-05-25 00:44:23 - opinion_scoring           - INFO - N/A - (Stage 3) Opinion scoring for chunk 16 started
2025-05-25 00:44:39 - event_classifier          - WARNING - N/A - Received invalid JSON response: Expecting ',' delimiter: line 9 column 2 (char 448). Attempting to fix...
2025-05-25 00:44:39 - event_classifier          - WARNING - N/A - Failed parsing code block content with substring method
2025-05-25 00:44:39 - event_classifier          - WARNING - N/A - Failed to extract with regex: Unterminated string starting at: line 1 column 196 (char 195)
2025-05-25 00:44:39 - event_classifier          - INFO - 48.811s - Chunk 13 processed, (1) general events, (1) opinions.
2025-05-25 00:44:39 - event_scoring             - INFO - N/A - (Stage 1) Event scoring for chunk 13 started
2025-05-25 00:44:39 - sentiment_analysis        - INFO - N/A - (Stage 1) Sentiment analysis for chunk 13 started
2025-05-25 00:44:48 - person_summary            - INFO - 49.265s - Successfully got comment
2025-05-25 00:44:48 - person_summary            - INFO - 49.265s - Chunk 15 processed successfully. Processed 1 person events.
2025-05-25 00:44:48 - opinion_scoring           - INFO - N/A - (Stage 3) Opinion scoring for chunk 15 started
2025-05-25 00:44:56 - event_scoring             - INFO - 42.924s - Successfully calculated event scores
2025-05-25 00:44:56 - event_scoring             - INFO - 42.924s - Chunk 14 processed successfully. Processed 1 general events.
2025-05-25 00:44:57 - sentiment_analysis        - INFO - 44.572s - Successfully got sentiment score
2025-05-25 00:44:57 - sentiment_analysis        - INFO - 44.572s - Chunk 14 processed successfully. Processed 1 person events.
2025-05-25 00:44:58 - inconsistency_detection   - INFO - N/A - (Stage 2) Inconsistency analysis for chunk 14 started
2025-05-25 00:44:58 - inconsistency_detection   - INFO - 0.011s - Chunk 14 processed successfully. Processed 1 person events.
2025-05-25 00:44:58 - person_summary            - INFO - N/A - (Stage 2.1) Person attitude analysis for chunk 14 started
2025-05-25 00:44:58 - person_summary            - INFO - N/A - Missing person ID for person_event 1 in chunk 14.
2025-05-25 00:44:58 - person_summary            - INFO - N/A - No sentiment history found for person Derya Baran in chunk 14, generating new.
2025-05-25 00:45:04 - opinion_scoring           - INFO - 41.628s - Successfully calculated opinion scores
2025-05-25 00:45:04 - opinion_scoring           - INFO - 41.629s - Chunk 16 processed successfully. Processed 1 person events.
2025-05-25 00:45:04 - write_node                - INFO - N/A - (Stage 3) Scores without inconsistency case
2025-05-25 00:45:04 - write_node                - INFO - N/A - (Stage 2.1) Summary/attitude full case
2025-05-25 00:45:04 - write_node                - ERROR - N/A - Error processing person event: add_attitude_full() got an unexpected keyword argument 'is_expert_flag'
2025-05-25 00:45:04 - write_node                - INFO - N/A - Chunk 16 marked as processed
2025-05-25 00:45:05 - event_classifier          - INFO - N/A - (Stage 0) Processing chunk 9 started
2025-05-25 00:45:11 - event_scoring             - INFO - 32.194s - Successfully calculated event scores
2025-05-25 00:45:11 - event_scoring             - INFO - 32.194s - Chunk 13 processed successfully. Processed 1 general events.
2025-05-25 00:45:13 - sentiment_analysis        - INFO - 33.962s - Successfully got sentiment score
2025-05-25 00:45:13 - sentiment_analysis        - INFO - 33.962s - Chunk 13 processed successfully. Processed 1 person events.
2025-05-25 00:45:13 - inconsistency_detection   - INFO - N/A - (Stage 2) Inconsistency analysis for chunk 13 started
2025-05-25 00:45:13 - inconsistency_detection   - INFO - 0.012s - Chunk 13 processed successfully. Processed 1 person events.
2025-05-25 00:45:13 - person_summary            - INFO - N/A - (Stage 2.1) Person attitude analysis for chunk 13 started
2025-05-25 00:45:13 - person_summary            - INFO - N/A - Missing person ID for person_event 1 in chunk 13.
2025-05-25 00:45:13 - person_summary            - INFO - N/A - No sentiment history found for person Alan Ahn in chunk 13, generating new.
2025-05-25 00:45:19 - opinion_scoring           - INFO - 31.269s - Successfully calculated opinion scores
2025-05-25 00:45:19 - opinion_scoring           - INFO - 31.270s - Chunk 15 processed successfully. Processed 1 person events.
2025-05-25 00:45:20 - write_node                - INFO - N/A - (Stage 3) Scores without inconsistency case
2025-05-25 00:45:20 - write_node                - INFO - N/A - (Stage 2.1) Summary/attitude full case
2025-05-25 00:45:20 - write_node                - ERROR - N/A - Error processing person event: add_attitude_full() got an unexpected keyword argument 'is_expert_flag'
2025-05-25 00:45:20 - write_node                - INFO - N/A - Chunk 15 marked as processed
2025-05-25 00:45:20 - event_classifier          - INFO - N/A - (Stage 0) Processing chunk 10 started
2025-05-25 00:45:28 - person_summary            - INFO - 30.942s - Successfully got comment
2025-05-25 00:45:28 - person_summary            - INFO - 30.943s - Chunk 14 processed successfully. Processed 1 person events.
2025-05-25 00:45:28 - opinion_scoring           - INFO - N/A - (Stage 3) Opinion scoring for chunk 14 started
2025-05-25 00:45:46 - event_classifier          - INFO - 41.570s - Chunk 9 processed, (1) general events, (1) opinions.
2025-05-25 00:45:46 - event_scoring             - INFO - N/A - (Stage 1) Event scoring for chunk 9 started
2025-05-25 00:45:47 - sentiment_analysis        - INFO - N/A - (Stage 1) Sentiment analysis for chunk 9 started
2025-05-25 00:45:55 - person_summary            - INFO - 41.500s - Successfully got comment
2025-05-25 00:45:55 - person_summary            - INFO - 41.500s - Chunk 13 processed successfully. Processed 1 person events.
2025-05-25 00:45:55 - opinion_scoring           - INFO - N/A - (Stage 3) Opinion scoring for chunk 13 started
2025-05-25 00:46:11 - event_classifier          - WARNING - N/A - Received invalid JSON response: Expecting ',' delimiter: line 9 column 2 (char 398). Attempting to fix...
2025-05-25 00:46:11 - event_classifier          - WARNING - N/A - Failed parsing code block content with substring method
2025-05-25 00:46:11 - event_classifier          - INFO - N/A - Successfully reconstructed JSON with regex field extraction
2025-05-25 00:46:11 - event_classifier          - INFO - 50.460s - Chunk 10 processed, (1) general events, (1) opinions.
2025-05-25 00:46:11 - event_scoring             - INFO - N/A - (Stage 1) Event scoring for chunk 10 started
2025-05-25 00:46:11 - sentiment_analysis        - INFO - N/A - (Stage 1) Sentiment analysis for chunk 10 started
2025-05-25 00:46:17 - opinion_scoring           - INFO - 48.564s - Successfully calculated opinion scores
2025-05-25 00:46:17 - opinion_scoring           - INFO - 48.564s - Chunk 14 processed successfully. Processed 1 person events.
2025-05-25 00:46:17 - write_node                - INFO - N/A - (Stage 3) Scores without inconsistency case
2025-05-25 00:46:17 - write_node                - INFO - N/A - (Stage 2.1) Summary/attitude full case
2025-05-25 00:46:17 - write_node                - ERROR - N/A - Error processing person event: add_attitude_full() got an unexpected keyword argument 'is_expert_flag'
2025-05-25 00:46:17 - write_node                - INFO - N/A - Chunk 14 marked as processed
2025-05-25 00:46:18 - event_classifier          - INFO - N/A - (Stage 0) Processing chunk 11 started
2025-05-25 00:46:24 - event_scoring             - INFO - 37.503s - Successfully calculated event scores
2025-05-25 00:46:24 - event_scoring             - INFO - 37.503s - Chunk 9 processed successfully. Processed 1 general events.
2025-05-25 00:46:26 - sentiment_analysis        - INFO - 39.177s - Successfully got sentiment score
2025-05-25 00:46:26 - sentiment_analysis        - INFO - 39.177s - Chunk 9 processed successfully. Processed 1 person events.
2025-05-25 00:46:26 - inconsistency_detection   - INFO - N/A - (Stage 2) Inconsistency analysis for chunk 9 started
2025-05-25 00:46:26 - inconsistency_detection   - INFO - 0.012s - Chunk 9 processed successfully. Processed 1 person events.
2025-05-25 00:46:26 - person_summary            - INFO - N/A - (Stage 2.1) Person attitude analysis for chunk 9 started
2025-05-25 00:46:26 - person_summary            - INFO - N/A - Missing person ID for person_event 1 in chunk 9.
2025-05-25 00:46:26 - person_summary            - INFO - N/A - No sentiment history found for person Doug Burgum in chunk 9, generating new.
2025-05-25 00:46:32 - opinion_scoring           - INFO - 37.905s - Successfully calculated opinion scores
2025-05-25 00:46:32 - opinion_scoring           - INFO - 37.905s - Chunk 13 processed successfully. Processed 1 person events.
2025-05-25 00:46:33 - write_node                - INFO - N/A - (Stage 3) Scores without inconsistency case
2025-05-25 00:46:33 - write_node                - INFO - N/A - (Stage 2.1) Summary/attitude full case
2025-05-25 00:46:33 - write_node                - ERROR - N/A - Error processing person event: add_attitude_full() got an unexpected keyword argument 'is_expert_flag'
2025-05-25 00:46:33 - write_node                - INFO - N/A - Chunk 13 marked as processed
2025-05-25 00:46:33 - event_classifier          - INFO - N/A - (Stage 0) Processing chunk 12 started
2025-05-25 00:46:40 - event_scoring             - INFO - 29.695s - Successfully calculated event scores
2025-05-25 00:46:40 - event_scoring             - INFO - 29.697s - Chunk 10 processed successfully. Processed 1 general events.
2025-05-25 00:46:42 - sentiment_analysis        - INFO - 31.330s - Successfully got sentiment score
2025-05-25 00:46:42 - sentiment_analysis        - INFO - 31.330s - Chunk 10 processed successfully. Processed 1 person events.
2025-05-25 00:46:42 - inconsistency_detection   - INFO - N/A - (Stage 2) Inconsistency analysis for chunk 10 started
2025-05-25 00:46:42 - inconsistency_detection   - INFO - 0.011s - Chunk 10 processed successfully. Processed 1 person events.
2025-05-25 00:46:42 - person_summary            - INFO - N/A - (Stage 2.1) Person attitude analysis for chunk 10 started
2025-05-25 00:46:42 - person_summary            - INFO - N/A - Missing person ID for person_event 1 in chunk 10.
2025-05-25 00:46:42 - person_summary            - INFO - N/A - No sentiment history found for person Elon Musk in chunk 10, generating new.
2025-05-25 00:46:56 - event_classifier          - WARNING - N/A - Received invalid JSON response: Expecting ',' delimiter: line 9 column 2 (char 438). Attempting to fix...
2025-05-25 00:46:56 - event_classifier          - WARNING - N/A - Failed parsing code block content with substring method
2025-05-25 00:46:56 - event_classifier          - INFO - N/A - Successfully reconstructed JSON with regex field extraction
2025-05-25 00:46:56 - event_classifier          - INFO - 38.241s - Chunk 11 processed, (1) general events, (1) opinions.
2025-05-25 00:46:56 - event_scoring             - INFO - N/A - (Stage 1) Event scoring for chunk 11 started
2025-05-25 00:46:56 - sentiment_analysis        - INFO - N/A - (Stage 1) Sentiment analysis for chunk 11 started
2025-05-25 00:47:06 - person_summary            - ERROR - N/A - Error in refinement process: 'max_length'. Falling back to truncation.
2025-05-25 00:47:06 - person_summary            - INFO - 39.822s - Successfully got comment
2025-05-25 00:47:06 - person_summary            - INFO - 39.823s - Chunk 9 processed successfully. Processed 1 person events.
2025-05-25 00:47:06 - opinion_scoring           - INFO - N/A - (Stage 3) Opinion scoring for chunk 9 started
2025-05-25 00:47:22 - event_classifier          - WARNING - N/A - Received invalid JSON response: Expecting ',' delimiter: line 9 column 2 (char 431). Attempting to fix...
2025-05-25 00:47:22 - event_classifier          - WARNING - N/A - Failed parsing code block content with substring method
2025-05-25 00:47:22 - event_classifier          - INFO - N/A - Successfully reconstructed JSON with regex field extraction
2025-05-25 00:47:22 - event_classifier          - INFO - 48.557s - Chunk 12 processed, (1) general events, (1) opinions.
2025-05-25 00:47:22 - event_scoring             - INFO - N/A - (Stage 1) Event scoring for chunk 12 started
2025-05-25 00:47:22 - sentiment_analysis        - INFO - N/A - (Stage 1) Sentiment analysis for chunk 12 started
2025-05-25 00:47:28 - person_summary            - INFO - 46.311s - Successfully got comment
2025-05-25 00:47:28 - person_summary            - INFO - 46.312s - Chunk 10 processed successfully. Processed 1 person events.
2025-05-25 00:47:28 - opinion_scoring           - INFO - N/A - (Stage 3) Opinion scoring for chunk 10 started
2025-05-25 00:47:34 - event_scoring             - INFO - 37.956s - Successfully calculated event scores
2025-05-25 00:47:34 - event_scoring             - INFO - 37.957s - Chunk 11 processed successfully. Processed 1 general events.
2025-05-25 00:47:36 - sentiment_analysis        - INFO - 39.624s - Successfully got sentiment score
2025-05-25 00:47:36 - sentiment_analysis        - INFO - 39.625s - Chunk 11 processed successfully. Processed 1 person events.
2025-05-25 00:47:36 - inconsistency_detection   - INFO - N/A - (Stage 2) Inconsistency analysis for chunk 11 started
2025-05-25 00:47:36 - inconsistency_detection   - INFO - 0.021s - Chunk 11 processed successfully. Processed 1 person events.
2025-05-25 00:47:36 - person_summary            - INFO - N/A - (Stage 2.1) Person attitude analysis for chunk 11 started
2025-05-25 00:47:36 - person_summary            - INFO - N/A - Missing person ID for person_event 1 in chunk 11.
2025-05-25 00:47:36 - person_summary            - INFO - N/A - No sentiment history found for person Karoline Leavitt in chunk 11, generating new.
2025-05-25 00:47:42 - opinion_scoring           - INFO - 36.796s - Successfully calculated opinion scores
2025-05-25 00:47:42 - opinion_scoring           - INFO - 36.797s - Chunk 9 processed successfully. Processed 1 person events.
2025-05-25 00:47:42 - write_node                - INFO - N/A - (Stage 3) Scores without inconsistency case
2025-05-25 00:47:42 - write_node                - INFO - N/A - (Stage 2.1) Summary/attitude full case
2025-05-25 00:47:42 - write_node                - ERROR - N/A - Error processing person event: add_attitude_full() got an unexpected keyword argument 'is_expert_flag'
2025-05-25 00:47:42 - write_node                - INFO - N/A - Chunk 9 marked as processed
2025-05-25 00:47:43 - event_classifier          - INFO - N/A - (Stage 0) Processing chunk 8 started
2025-05-25 00:47:50 - event_scoring             - INFO - 28.326s - Successfully calculated event scores
2025-05-25 00:47:50 - event_scoring             - INFO - 28.326s - Chunk 12 processed successfully. Processed 1 general events.
2025-05-25 00:47:52 - sentiment_analysis        - INFO - 29.974s - Successfully got sentiment score
2025-05-25 00:47:52 - sentiment_analysis        - INFO - 29.974s - Chunk 12 processed successfully. Processed 1 person events.
2025-05-25 00:47:52 - inconsistency_detection   - INFO - N/A - (Stage 2) Inconsistency analysis for chunk 12 started
2025-05-25 00:47:52 - inconsistency_detection   - INFO - 0.012s - Chunk 12 processed successfully. Processed 1 person events.
2025-05-25 00:47:52 - person_summary            - INFO - N/A - (Stage 2.1) Person attitude analysis for chunk 12 started
2025-05-25 00:47:52 - person_summary            - INFO - N/A - Missing person ID for person_event 1 in chunk 12.
2025-05-25 00:47:52 - person_summary            - INFO - N/A - No sentiment history found for person Ron Ness in chunk 12, generating new.
2025-05-25 00:47:58 - opinion_scoring           - INFO - 29.791s - Successfully calculated opinion scores
2025-05-25 00:47:58 - opinion_scoring           - INFO - 29.791s - Chunk 10 processed successfully. Processed 1 person events.
2025-05-25 00:47:58 - write_node                - INFO - N/A - (Stage 3) Scores without inconsistency case
2025-05-25 00:47:58 - write_node                - INFO - N/A - (Stage 2.1) Summary/attitude full case
2025-05-25 00:47:58 - write_node                - ERROR - N/A - Error processing person event: add_attitude_full() got an unexpected keyword argument 'is_expert_flag'
2025-05-25 00:47:58 - write_node                - INFO - N/A - Chunk 10 marked as processed
2025-05-25 00:47:59 - event_classifier          - INFO - N/A - (Stage 0) Processing chunk 7 started
2025-05-25 00:48:04 - person_summary            - INFO - 28.346s - Successfully got comment
2025-05-25 00:48:04 - person_summary            - INFO - 28.348s - Chunk 11 processed successfully. Processed 1 person events.
2025-05-25 00:48:04 - opinion_scoring           - INFO - N/A - (Stage 3) Opinion scoring for chunk 11 started
2025-05-25 00:48:21 - event_classifier          - WARNING - N/A - Received invalid JSON response: Expecting ',' delimiter: line 9 column 2 (char 454). Attempting to fix...
2025-05-25 00:48:21 - event_classifier          - WARNING - N/A - Failed parsing code block content with substring method
2025-05-25 00:48:21 - event_classifier          - WARNING - N/A - Failed to extract with regex: Unterminated string starting at: line 1 column 268 (char 267)
2025-05-25 00:48:21 - event_classifier          - INFO - 38.026s - Chunk 8 processed, (1) general events, (1) opinions.
2025-05-25 00:48:21 - event_scoring             - INFO - N/A - (Stage 1) Event scoring for chunk 8 started
2025-05-25 00:48:21 - sentiment_analysis        - INFO - N/A - (Stage 1) Sentiment analysis for chunk 8 started
2025-05-25 00:48:29 - person_summary            - INFO - 37.782s - Successfully got comment
2025-05-25 00:48:29 - person_summary            - INFO - 37.784s - Chunk 12 processed successfully. Processed 1 person events.
2025-05-25 00:48:29 - opinion_scoring           - INFO - N/A - (Stage 3) Opinion scoring for chunk 12 started
2025-05-25 00:48:46 - event_classifier          - WARNING - N/A - Received invalid JSON response: Expecting ',' delimiter: line 9 column 2 (char 415). Attempting to fix...
2025-05-25 00:48:46 - event_classifier          - WARNING - N/A - Failed parsing code block content with substring method
2025-05-25 00:48:46 - event_classifier          - WARNING - N/A - Failed to extract with regex: Unterminated string starting at: line 1 column 260 (char 259)
2025-05-25 00:48:46 - event_classifier          - INFO - 47.362s - Chunk 7 processed, (1) general events, (1) opinions.
2025-05-25 00:48:46 - event_scoring             - INFO - N/A - (Stage 1) Event scoring for chunk 7 started
2025-05-25 00:48:46 - sentiment_analysis        - INFO - N/A - (Stage 1) Sentiment analysis for chunk 7 started
2025-05-25 00:48:53 - opinion_scoring           - INFO - 48.578s - Successfully calculated opinion scores
2025-05-25 00:48:53 - opinion_scoring           - INFO - 48.578s - Chunk 11 processed successfully. Processed 1 person events.
2025-05-25 00:48:53 - write_node                - INFO - N/A - (Stage 3) Scores without inconsistency case
2025-05-25 00:48:53 - write_node                - ERROR - N/A - Opinion scores not saved correctly for ID 129: hotness: expected 0.6849999999999999, got 0.685
2025-05-25 00:48:53 - write_node                - INFO - N/A - (Stage 2.1) Summary/attitude full case
2025-05-25 00:48:53 - write_node                - ERROR - N/A - Error processing person event: add_attitude_full() got an unexpected keyword argument 'is_expert_flag'
2025-05-25 00:48:53 - write_node                - INFO - N/A - Chunk 11 marked as processed
2025-05-25 00:48:53 - event_classifier          - INFO - N/A - (Stage 0) Processing chunk 6 started
2025-05-25 00:49:00 - event_scoring             - INFO - 38.878s - Successfully calculated event scores
2025-05-25 00:49:00 - event_scoring             - INFO - 38.879s - Chunk 8 processed successfully. Processed 1 general events.
2025-05-25 00:49:01 - sentiment_analysis        - INFO - 40.407s - Successfully got sentiment score
2025-05-25 00:49:01 - sentiment_analysis        - INFO - 40.408s - Chunk 8 processed successfully. Processed 1 person events.
2025-05-25 00:49:01 - inconsistency_detection   - INFO - N/A - (Stage 2) Inconsistency analysis for chunk 8 started
2025-05-25 00:49:01 - inconsistency_detection   - INFO - 0.011s - Chunk 8 processed successfully. Processed 1 person events.
2025-05-25 00:49:01 - person_summary            - INFO - N/A - (Stage 2.1) Person attitude analysis for chunk 8 started
2025-05-25 00:49:01 - person_summary            - INFO - N/A - Missing person ID for person_event 1 in chunk 8.
2025-05-25 00:49:01 - person_summary            - INFO - N/A - No sentiment history found for person Zeyneb Magavi in chunk 8, generating new.
2025-05-25 00:49:08 - opinion_scoring           - INFO - 38.459s - Successfully calculated opinion scores
2025-05-25 00:49:08 - opinion_scoring           - INFO - 38.459s - Chunk 12 processed successfully. Processed 1 person events.
2025-05-25 00:49:08 - write_node                - ERROR - N/A - Event scores not saved correctly: Expected 0.8, 0.7, 0.6, 0.6799999999999999 but got 0.8, 0.7, 0.6, 0.68
2025-05-25 00:49:08 - write_node                - INFO - N/A - (Stage 3) Scores without inconsistency case
2025-05-25 00:49:08 - write_node                - ERROR - N/A - Opinion scores not saved correctly for ID 130: hotness: expected 0.7849999999999999, got 0.785
2025-05-25 00:49:08 - write_node                - INFO - N/A - (Stage 2.1) Summary/attitude full case
2025-05-25 00:49:08 - write_node                - ERROR - N/A - Error processing person event: add_attitude_full() got an unexpected keyword argument 'is_expert_flag'
2025-05-25 00:49:08 - write_node                - INFO - N/A - Chunk 12 marked as processed
2025-05-25 00:49:09 - event_classifier          - INFO - N/A - (Stage 0) Processing chunk 32 started
2025-05-25 00:49:16 - event_scoring             - INFO - 29.963s - Successfully calculated event scores
2025-05-25 00:49:16 - event_scoring             - INFO - 29.964s - Chunk 7 processed successfully. Processed 1 general events.
2025-05-25 00:49:18 - sentiment_analysis        - INFO - 31.724s - Successfully got sentiment score
2025-05-25 00:49:18 - sentiment_analysis        - INFO - 31.724s - Chunk 7 processed successfully. Processed 1 person events.
2025-05-25 00:49:18 - inconsistency_detection   - INFO - N/A - (Stage 2) Inconsistency analysis for chunk 7 started
2025-05-25 00:49:18 - inconsistency_detection   - INFO - 0.013s - Chunk 7 processed successfully. Processed 1 person events.
2025-05-25 00:49:18 - person_summary            - INFO - N/A - (Stage 2.1) Person attitude analysis for chunk 7 started
2025-05-25 00:49:18 - person_summary            - INFO - N/A - Missing person ID for person_event 1 in chunk 7.
2025-05-25 00:49:18 - person_summary            - INFO - N/A - No sentiment history found for person Nikki Bruno in chunk 7, generating new.
2025-05-25 00:49:36 - event_classifier          - WARNING - N/A - Received invalid JSON response: Expecting ',' delimiter: line 9 column 2 (char 453). Attempting to fix...
2025-05-25 00:49:36 - event_classifier          - WARNING - N/A - Failed parsing code block content with substring method
2025-05-25 00:49:36 - event_classifier          - INFO - N/A - Successfully reconstructed JSON with regex field extraction
2025-05-25 00:49:36 - event_classifier          - INFO - 42.528s - Chunk 6 processed, (1) general events, (1) opinions.
2025-05-25 00:49:36 - event_scoring             - INFO - N/A - (Stage 1) Event scoring for chunk 6 started
2025-05-25 00:49:36 - sentiment_analysis        - INFO - N/A - (Stage 1) Sentiment analysis for chunk 6 started
2025-05-25 00:49:46 - person_summary            - ERROR - N/A - Error in refinement process: 'max_length'. Falling back to truncation.
2025-05-25 00:49:46 - person_summary            - INFO - 44.487s - Successfully got comment
2025-05-25 00:49:46 - person_summary            - INFO - 44.488s - Chunk 8 processed successfully. Processed 1 person events.
2025-05-25 00:49:46 - opinion_scoring           - INFO - N/A - (Stage 3) Opinion scoring for chunk 8 started
2025-05-25 00:49:59 - event_classifier          - INFO - 50.854s - Chunk 32 processed, (1) general events, (1) opinions.
2025-05-25 00:49:59 - event_scoring             - INFO - N/A - (Stage 1) Event scoring for chunk 32 started
2025-05-25 00:49:59 - sentiment_analysis        - INFO - N/A - (Stage 1) Sentiment analysis for chunk 32 started
2025-05-25 00:50:10 - person_summary            - ERROR - N/A - Error in refinement process: 'max_length'. Falling back to truncation.
2025-05-25 00:50:10 - person_summary            - INFO - 51.921s - Successfully got comment
2025-05-25 00:50:10 - person_summary            - INFO - 51.921s - Chunk 7 processed successfully. Processed 1 person events.
2025-05-25 00:50:10 - opinion_scoring           - INFO - N/A - (Stage 3) Opinion scoring for chunk 7 started
2025-05-25 00:50:18 - event_scoring             - INFO - 42.624s - Successfully calculated event scores
2025-05-25 00:50:18 - event_scoring             - INFO - 42.625s - Chunk 6 processed successfully. Processed 1 general events.
2025-05-25 00:50:20 - sentiment_analysis        - INFO - 44.396s - Successfully got sentiment score
2025-05-25 00:50:20 - sentiment_analysis        - INFO - 44.396s - Chunk 6 processed successfully. Processed 1 person events.
2025-05-25 00:50:20 - inconsistency_detection   - INFO - N/A - (Stage 2) Inconsistency analysis for chunk 6 started
2025-05-25 00:50:20 - inconsistency_detection   - INFO - 0.012s - Chunk 6 processed successfully. Processed 1 person events.
2025-05-25 00:50:20 - person_summary            - INFO - N/A - (Stage 2.1) Person attitude analysis for chunk 6 started
2025-05-25 00:50:20 - person_summary            - INFO - N/A - Missing person ID for person_event 1 in chunk 6.
2025-05-25 00:50:20 - person_summary            - INFO - N/A - No sentiment history found for person Eric Mauchan in chunk 6, generating new.
2025-05-25 00:50:27 - opinion_scoring           - INFO - 40.906s - Successfully calculated opinion scores
2025-05-25 00:50:27 - opinion_scoring           - INFO - 40.906s - Chunk 8 processed successfully. Processed 1 person events.
2025-05-25 00:50:27 - write_node                - INFO - N/A - (Stage 3) Scores without inconsistency case
2025-05-25 00:50:27 - write_node                - INFO - N/A - (Stage 2.1) Summary/attitude full case
2025-05-25 00:50:27 - write_node                - ERROR - N/A - Error processing person event: add_attitude_full() got an unexpected keyword argument 'is_expert_flag'
2025-05-25 00:50:27 - write_node                - INFO - N/A - Chunk 8 marked as processed
2025-05-25 00:50:28 - event_classifier          - INFO - N/A - (Stage 0) Processing chunk 31 started
2025-05-25 00:50:34 - event_scoring             - INFO - 34.205s - Successfully calculated event scores
2025-05-25 00:50:34 - event_scoring             - INFO - 34.205s - Chunk 32 processed successfully. Processed 1 general events.
2025-05-25 00:50:35 - sentiment_analysis        - INFO - 35.852s - Successfully got sentiment score
2025-05-25 00:50:35 - sentiment_analysis        - INFO - 35.852s - Chunk 32 processed successfully. Processed 1 person events.
2025-05-25 00:50:35 - inconsistency_detection   - INFO - N/A - (Stage 2) Inconsistency analysis for chunk 32 started
2025-05-25 00:50:35 - inconsistency_detection   - INFO - 0.011s - Chunk 32 processed successfully. Processed 1 person events.
2025-05-25 00:50:35 - person_summary            - INFO - N/A - (Stage 2.1) Person attitude analysis for chunk 32 started
2025-05-25 00:50:35 - person_summary            - INFO - N/A - Missing person ID for person_event 1 in chunk 32.
2025-05-25 00:50:35 - person_summary            - INFO - N/A - No sentiment history found for person Victor (UC San Diego) in chunk 32, generating new.
2025-05-25 00:50:42 - opinion_scoring           - INFO - 31.965s - Successfully calculated opinion scores
2025-05-25 00:50:42 - opinion_scoring           - INFO - 31.965s - Chunk 7 processed successfully. Processed 1 person events.
2025-05-25 00:50:42 - write_node                - INFO - N/A - (Stage 3) Scores without inconsistency case
2025-05-25 00:50:42 - write_node                - INFO - N/A - (Stage 2.1) Summary/attitude full case
2025-05-25 00:50:42 - write_node                - ERROR - N/A - Error processing person event: add_attitude_full() got an unexpected keyword argument 'is_expert_flag'
2025-05-25 00:50:42 - write_node                - INFO - N/A - Chunk 7 marked as processed
2025-05-25 00:50:42 - event_classifier          - INFO - N/A - (Stage 0) Processing chunk 30 started
2025-05-25 00:50:51 - person_summary            - INFO - 31.275s - Successfully got comment
2025-05-25 00:50:51 - person_summary            - INFO - 31.276s - Chunk 6 processed successfully. Processed 1 person events.
2025-05-25 00:50:51 - opinion_scoring           - INFO - N/A - (Stage 3) Opinion scoring for chunk 6 started
2025-05-25 00:51:10 - event_classifier          - WARNING - N/A - Received invalid JSON response: Expecting ',' delimiter: line 9 column 2 (char 458). Attempting to fix...
2025-05-25 00:51:10 - event_classifier          - WARNING - N/A - Failed parsing code block content with substring method
2025-05-25 00:51:10 - event_classifier          - INFO - N/A - Successfully reconstructed JSON with regex field extraction
2025-05-25 00:51:10 - event_classifier          - INFO - 42.374s - Chunk 31 processed, (1) general events, (1) opinions.
2025-05-25 00:51:10 - event_scoring             - INFO - N/A - (Stage 1) Event scoring for chunk 31 started
2025-05-25 00:51:10 - sentiment_analysis        - INFO - N/A - (Stage 1) Sentiment analysis for chunk 31 started
2025-05-25 00:51:18 - person_summary            - INFO - 43.058s - Successfully got comment
2025-05-25 00:51:18 - person_summary            - INFO - 43.058s - Chunk 32 processed successfully. Processed 1 person events.
2025-05-25 00:51:18 - opinion_scoring           - INFO - N/A - (Stage 3) Opinion scoring for chunk 32 started
2025-05-25 00:51:35 - event_classifier          - WARNING - N/A - Received invalid JSON response: Expecting ',' delimiter: line 9 column 2 (char 470). Attempting to fix...
2025-05-25 00:51:35 - event_classifier          - WARNING - N/A - Failed parsing code block content with substring method
2025-05-25 00:51:35 - event_classifier          - WARNING - N/A - Failed to extract with regex: Unterminated string starting at: line 1 column 248 (char 247)
2025-05-25 00:51:35 - event_classifier          - INFO - 52.727s - Chunk 30 processed, (1) general events, (1) opinions.
2025-05-25 00:51:35 - event_scoring             - INFO - N/A - (Stage 1) Event scoring for chunk 30 started
2025-05-25 00:51:35 - sentiment_analysis        - INFO - N/A - (Stage 1) Sentiment analysis for chunk 30 started
2025-05-25 00:51:42 - opinion_scoring           - INFO - 50.153s - Successfully calculated opinion scores
2025-05-25 00:51:42 - opinion_scoring           - INFO - 50.154s - Chunk 6 processed successfully. Processed 1 person events.
2025-05-25 00:51:42 - write_node                - INFO - N/A - (Stage 3) Scores without inconsistency case
2025-05-25 00:51:42 - write_node                - INFO - N/A - (Stage 2.1) Summary/attitude full case
2025-05-25 00:51:42 - write_node                - ERROR - N/A - Error processing person event: add_attitude_full() got an unexpected keyword argument 'is_expert_flag'
2025-05-25 00:51:42 - write_node                - INFO - N/A - Chunk 6 marked as processed
2025-05-25 00:51:42 - event_classifier          - INFO - N/A - (Stage 0) Processing chunk 33 started
2025-05-25 00:51:50 - event_scoring             - INFO - 39.619s - Successfully calculated event scores
2025-05-25 00:51:50 - event_scoring             - INFO - 39.620s - Chunk 31 processed successfully. Processed 1 general events.
2025-05-25 00:51:51 - sentiment_analysis        - INFO - 41.395s - Successfully got sentiment score
2025-05-25 00:51:51 - sentiment_analysis        - INFO - 41.395s - Chunk 31 processed successfully. Processed 1 person events.
2025-05-25 00:51:51 - inconsistency_detection   - INFO - N/A - (Stage 2) Inconsistency analysis for chunk 31 started
2025-05-25 00:51:51 - inconsistency_detection   - INFO - 0.012s - Chunk 31 processed successfully. Processed 1 person events.
2025-05-25 00:51:51 - person_summary            - INFO - N/A - (Stage 2.1) Person attitude analysis for chunk 31 started
2025-05-25 00:51:51 - person_summary            - INFO - N/A - Missing person ID for person_event 1 in chunk 31.
2025-05-25 00:51:51 - person_summary            - INFO - N/A - No sentiment history found for person David G. Victor & Michael R. Davidson in chunk 31, generating new.
2025-05-25 00:51:58 - opinion_scoring           - INFO - 39.383s - Successfully calculated opinion scores
2025-05-25 00:51:58 - opinion_scoring           - INFO - 39.384s - Chunk 32 processed successfully. Processed 1 person events.
2025-05-25 00:51:58 - write_node                - INFO - N/A - (Stage 3) Scores without inconsistency case
2025-05-25 00:51:58 - write_node                - ERROR - N/A - Opinion scores not saved correctly for ID 134: hotness: expected 0.6849999999999999, got 0.685
2025-05-25 00:51:58 - write_node                - INFO - N/A - (Stage 2.1) Summary/attitude full case
2025-05-25 00:51:58 - write_node                - ERROR - N/A - Error processing person event: add_attitude_full() got an unexpected keyword argument 'is_expert_flag'
2025-05-25 00:51:58 - write_node                - INFO - N/A - Chunk 32 marked as processed
2025-05-25 00:51:59 - event_classifier          - INFO - N/A - (Stage 0) Processing chunk 5 started
2025-05-25 00:52:06 - event_scoring             - INFO - 30.676s - Successfully calculated event scores
2025-05-25 00:52:06 - event_scoring             - INFO - 30.677s - Chunk 30 processed successfully. Processed 1 general events.
2025-05-25 00:52:08 - sentiment_analysis        - INFO - 32.327s - Successfully got sentiment score
2025-05-25 00:52:08 - sentiment_analysis        - INFO - 32.327s - Chunk 30 processed successfully. Processed 1 person events.
2025-05-25 00:52:08 - inconsistency_detection   - INFO - N/A - (Stage 2) Inconsistency analysis for chunk 30 started
2025-05-25 00:52:08 - inconsistency_detection   - INFO - 0.012s - Chunk 30 processed successfully. Processed 1 person events.
2025-05-25 00:52:08 - person_summary            - INFO - N/A - (Stage 2.1) Person attitude analysis for chunk 30 started
2025-05-25 00:52:08 - person_summary            - INFO - N/A - Missing person ID for person_event 1 in chunk 30.
2025-05-25 00:52:08 - person_summary            - INFO - N/A - No sentiment history found for person Margrethe Vestager in chunk 30, generating new.
2025-05-25 00:52:25 - event_classifier          - INFO - 42.780s - Chunk 33 processed, (1) general events, (1) opinions.
2025-05-25 00:52:25 - event_scoring             - INFO - N/A - (Stage 1) Event scoring for chunk 33 started
2025-05-25 00:52:25 - sentiment_analysis        - INFO - N/A - (Stage 1) Sentiment analysis for chunk 33 started
2025-05-25 00:52:35 - person_summary            - ERROR - N/A - Error in refinement process: 'max_length'. Falling back to truncation.
2025-05-25 00:52:35 - person_summary            - INFO - 43.162s - Successfully got comment
2025-05-25 00:52:35 - person_summary            - INFO - 43.162s - Chunk 31 processed successfully. Processed 1 person events.
2025-05-25 00:52:35 - opinion_scoring           - INFO - N/A - (Stage 3) Opinion scoring for chunk 31 started
2025-05-25 00:52:50 - event_classifier          - WARNING - N/A - Received invalid JSON response: Expecting ',' delimiter: line 9 column 2 (char 401). Attempting to fix...
2025-05-25 00:52:50 - event_classifier          - WARNING - N/A - Failed parsing code block content with substring method
2025-05-25 00:52:50 - event_classifier          - INFO - N/A - Successfully reconstructed JSON with regex field extraction
2025-05-25 00:52:50 - event_classifier          - INFO - 51.398s - Chunk 5 processed, (1) general events, (1) opinions.
2025-05-25 00:52:50 - event_scoring             - INFO - N/A - (Stage 1) Event scoring for chunk 5 started
2025-05-25 00:52:50 - sentiment_analysis        - INFO - N/A - (Stage 1) Sentiment analysis for chunk 5 started
2025-05-25 00:52:59 - person_summary            - INFO - 51.608s - Successfully got comment
2025-05-25 00:52:59 - person_summary            - INFO - 51.610s - Chunk 30 processed successfully. Processed 1 person events.
2025-05-25 00:52:59 - opinion_scoring           - INFO - N/A - (Stage 3) Opinion scoring for chunk 30 started
2025-05-25 00:53:06 - event_scoring             - INFO - 41.332s - Successfully calculated event scores
2025-05-25 00:53:06 - event_scoring             - INFO - 41.332s - Chunk 33 processed successfully. Processed 1 general events.
2025-05-25 00:53:08 - sentiment_analysis        - INFO - 42.990s - Successfully got sentiment score
2025-05-25 00:53:08 - sentiment_analysis        - INFO - 42.991s - Chunk 33 processed successfully. Processed 1 person events.
2025-05-25 00:53:08 - inconsistency_detection   - INFO - N/A - (Stage 2) Inconsistency analysis for chunk 33 started
2025-05-25 00:53:08 - inconsistency_detection   - INFO - 0.012s - Chunk 33 processed successfully. Processed 1 person events.
2025-05-25 00:53:08 - person_summary            - INFO - N/A - (Stage 2.1) Person attitude analysis for chunk 33 started
2025-05-25 00:53:08 - person_summary            - INFO - N/A - Missing person ID for person_event 1 in chunk 33.
2025-05-25 00:53:08 - person_summary            - INFO - N/A - No sentiment history found for person Amory Birol in chunk 33, generating new.
2025-05-25 00:53:15 - opinion_scoring           - INFO - 39.992s - Successfully calculated opinion scores
2025-05-25 00:53:15 - opinion_scoring           - INFO - 39.992s - Chunk 31 processed successfully. Processed 1 person events.
2025-05-25 00:53:15 - write_node                - INFO - N/A - (Stage 3) Scores without inconsistency case
2025-05-25 00:53:15 - write_node                - ERROR - N/A - Opinion scores not saved correctly for ID 135: hotness: expected 0.6849999999999999, got 0.685
2025-05-25 00:53:15 - write_node                - INFO - N/A - (Stage 2.1) Summary/attitude full case
2025-05-25 00:53:15 - write_node                - ERROR - N/A - Error processing person event: add_attitude_full() got an unexpected keyword argument 'is_expert_flag'
2025-05-25 00:53:15 - write_node                - INFO - N/A - Chunk 31 marked as processed
2025-05-25 00:53:15 - event_classifier          - INFO - N/A - (Stage 0) Processing chunk 4 started
2025-05-25 00:53:22 - event_scoring             - INFO - 32.300s - Successfully calculated event scores
2025-05-25 00:53:22 - event_scoring             - INFO - 32.300s - Chunk 5 processed successfully. Processed 1 general events.
2025-05-25 00:53:24 - sentiment_analysis        - INFO - 34.035s - Successfully got sentiment score
2025-05-25 00:53:24 - sentiment_analysis        - INFO - 34.035s - Chunk 5 processed successfully. Processed 1 person events.
2025-05-25 00:53:24 - inconsistency_detection   - INFO - N/A - (Stage 2) Inconsistency analysis for chunk 5 started
2025-05-25 00:53:24 - inconsistency_detection   - INFO - 0.011s - Chunk 5 processed successfully. Processed 1 person events.
2025-05-25 00:53:24 - person_summary            - INFO - N/A - (Stage 2.1) Person attitude analysis for chunk 5 started
2025-05-25 00:53:24 - person_summary            - INFO - N/A - Missing person ID for person_event 1 in chunk 5.
2025-05-25 00:53:24 - person_summary            - INFO - N/A - No sentiment history found for person Dr. Marcella Fernandes de Souza in chunk 5, generating new.
2025-05-25 00:53:31 - opinion_scoring           - INFO - 31.808s - Successfully calculated opinion scores
2025-05-25 00:53:31 - opinion_scoring           - INFO - 31.808s - Chunk 30 processed successfully. Processed 1 person events.
2025-05-25 00:53:31 - write_node                - INFO - N/A - (Stage 3) Scores without inconsistency case
2025-05-25 00:53:31 - write_node                - INFO - N/A - (Stage 2.1) Summary/attitude full case
2025-05-25 00:53:31 - write_node                - ERROR - N/A - Error processing person event: add_attitude_full() got an unexpected keyword argument 'is_expert_flag'
2025-05-25 00:53:31 - write_node                - INFO - N/A - Chunk 30 marked as processed
2025-05-25 00:53:32 - event_classifier          - INFO - N/A - (Stage 0) Processing chunk 3 started
2025-05-25 00:53:40 - person_summary            - ERROR - N/A - Error in refinement process: 'max_length'. Falling back to truncation.
2025-05-25 00:53:40 - person_summary            - INFO - 31.956s - Successfully got comment
2025-05-25 00:53:40 - person_summary            - INFO - 31.957s - Chunk 33 processed successfully. Processed 1 person events.
2025-05-25 00:53:40 - opinion_scoring           - INFO - N/A - (Stage 3) Opinion scoring for chunk 33 started
2025-05-25 00:53:57 - event_classifier          - INFO - 41.942s - Chunk 4 processed, (1) general events, (1) opinions.
2025-05-25 00:53:57 - event_scoring             - INFO - N/A - (Stage 1) Event scoring for chunk 4 started
2025-05-25 00:53:57 - sentiment_analysis        - INFO - N/A - (Stage 1) Sentiment analysis for chunk 4 started
2025-05-25 00:54:05 - person_summary            - INFO - 41.359s - Successfully got comment
2025-05-25 00:54:05 - person_summary            - INFO - 41.359s - Chunk 5 processed successfully. Processed 1 person events.
2025-05-25 00:54:05 - opinion_scoring           - INFO - N/A - (Stage 3) Opinion scoring for chunk 5 started
2025-05-25 00:54:23 - event_classifier          - INFO - 51.665s - Chunk 3 processed, (1) general events, (1) opinions.
2025-05-25 00:54:23 - event_scoring             - INFO - N/A - (Stage 1) Event scoring for chunk 3 started
2025-05-25 00:54:23 - sentiment_analysis        - INFO - N/A - (Stage 1) Sentiment analysis for chunk 3 started
2025-05-25 00:54:30 - opinion_scoring           - INFO - 50.092s - Successfully calculated opinion scores
2025-05-25 00:54:30 - opinion_scoring           - INFO - 50.092s - Chunk 33 processed successfully. Processed 1 person events.
2025-05-25 00:54:30 - write_node                - INFO - N/A - (Stage 3) Scores without inconsistency case
2025-05-25 00:54:30 - write_node                - INFO - N/A - (Stage 2.1) Summary/attitude full case
2025-05-25 00:54:30 - write_node                - ERROR - N/A - Error processing person event: add_attitude_full() got an unexpected keyword argument 'is_expert_flag'
2025-05-25 00:54:30 - write_node                - INFO - N/A - Chunk 33 marked as processed
2025-05-25 00:54:31 - event_classifier          - INFO - N/A - (Stage 0) Processing chunk 2 started
2025-05-25 00:54:38 - event_scoring             - INFO - 40.840s - Successfully calculated event scores
2025-05-25 00:54:38 - event_scoring             - INFO - 40.840s - Chunk 4 processed successfully. Processed 1 general events.
2025-05-25 00:54:40 - sentiment_analysis        - INFO - 42.474s - Successfully got sentiment score
2025-05-25 00:54:40 - sentiment_analysis        - INFO - 42.474s - Chunk 4 processed successfully. Processed 1 person events.
2025-05-25 00:54:40 - inconsistency_detection   - INFO - N/A - (Stage 2) Inconsistency analysis for chunk 4 started
2025-05-25 00:54:40 - inconsistency_detection   - INFO - 0.011s - Chunk 4 processed successfully. Processed 1 person events.
2025-05-25 00:54:40 - person_summary            - INFO - N/A - (Stage 2.1) Person attitude analysis for chunk 4 started
2025-05-25 00:54:40 - person_summary            - INFO - N/A - Missing person ID for person_event 1 in chunk 4.
2025-05-25 00:54:40 - person_summary            - INFO - N/A - No sentiment history found for person Redha in chunk 4, generating new.
2025-05-25 00:54:46 - opinion_scoring           - INFO - 41.016s - Successfully calculated opinion scores
2025-05-25 00:54:46 - opinion_scoring           - INFO - 41.016s - Chunk 5 processed successfully. Processed 1 person events.
2025-05-25 00:54:46 - write_node                - ERROR - N/A - Event scores not saved correctly: Expected 0.8, 0.6, 0.7, 0.6649999999999999 but got 0.8, 0.6, 0.7, 0.665
2025-05-25 00:54:46 - write_node                - INFO - N/A - (Stage 3) Scores without inconsistency case
2025-05-25 00:54:46 - write_node                - INFO - N/A - (Stage 2.1) Summary/attitude full case
2025-05-25 00:54:46 - write_node                - ERROR - N/A - Error processing person event: add_attitude_full() got an unexpected keyword argument 'is_expert_flag'
2025-05-25 00:54:47 - write_node                - INFO - N/A - Chunk 5 marked as processed
2025-05-25 00:54:47 - event_classifier          - INFO - N/A - (Stage 0) Processing chunk 1 started
2025-05-25 00:54:55 - event_scoring             - INFO - 31.135s - Successfully calculated event scores
2025-05-25 00:54:55 - event_scoring             - INFO - 31.136s - Chunk 3 processed successfully. Processed 1 general events.
2025-05-25 00:54:56 - sentiment_analysis        - INFO - 32.787s - Successfully got sentiment score
2025-05-25 00:54:56 - sentiment_analysis        - INFO - 32.787s - Chunk 3 processed successfully. Processed 1 person events.
2025-05-25 00:54:56 - inconsistency_detection   - INFO - N/A - (Stage 2) Inconsistency analysis for chunk 3 started
2025-05-25 00:54:56 - inconsistency_detection   - INFO - 0.014s - Chunk 3 processed successfully. Processed 1 person events.
2025-05-25 00:54:56 - person_summary            - INFO - N/A - (Stage 2.1) Person attitude analysis for chunk 3 started
2025-05-25 00:54:56 - person_summary            - INFO - N/A - Missing person ID for person_event 1 in chunk 3.
2025-05-25 00:54:56 - person_summary            - INFO - N/A - No sentiment history found for person Dr. Samsurin Welch in chunk 3, generating new.
2025-05-25 00:55:13 - event_classifier          - WARNING - N/A - Received invalid JSON response: Expecting ',' delimiter: line 9 column 2 (char 491). Attempting to fix...
2025-05-25 00:55:13 - event_classifier          - WARNING - N/A - Failed parsing code block content with substring method
2025-05-25 00:55:13 - event_classifier          - INFO - N/A - Successfully reconstructed JSON with regex field extraction
2025-05-25 00:55:13 - event_classifier          - INFO - 42.255s - Chunk 2 processed, (1) general events, (1) opinions.
2025-05-25 00:55:13 - event_scoring             - INFO - N/A - (Stage 1) Event scoring for chunk 2 started
2025-05-25 00:55:13 - sentiment_analysis        - INFO - N/A - (Stage 1) Sentiment analysis for chunk 2 started
2025-05-25 00:55:22 - person_summary            - INFO - 42.203s - Successfully got comment
2025-05-25 00:55:22 - person_summary            - INFO - 42.204s - Chunk 4 processed successfully. Processed 1 person events.
2025-05-25 00:55:22 - opinion_scoring           - INFO - N/A - (Stage 3) Opinion scoring for chunk 4 started
2025-05-25 00:55:43 - event_classifier          - WARNING - N/A - Received invalid JSON response: Expecting ',' delimiter: line 9 column 2 (char 662). Attempting to fix...
2025-05-25 00:55:43 - event_classifier          - WARNING - N/A - Failed parsing code block content with substring method
2025-05-25 00:55:43 - event_classifier          - WARNING - N/A - Failed to extract with regex: Unterminated string starting at: line 1 column 232 (char 231)
2025-05-25 00:55:53 - person_summary            - INFO - 57.064s - Successfully got comment
2025-05-25 00:55:53 - person_summary            - INFO - 57.065s - Chunk 3 processed successfully. Processed 1 person events.
2025-05-25 00:55:53 - opinion_scoring           - INFO - N/A - (Stage 3) Opinion scoring for chunk 3 started
2025-05-25 00:56:01 - event_scoring             - INFO - 47.851s - Successfully calculated event scores
2025-05-25 00:56:01 - event_scoring             - INFO - 47.852s - Chunk 2 processed successfully. Processed 1 general events.
2025-05-25 00:56:03 - sentiment_analysis        - INFO - 49.504s - Successfully got sentiment score
2025-05-25 00:56:03 - sentiment_analysis        - INFO - 49.504s - Chunk 2 processed successfully. Processed 1 person events.
2025-05-25 00:56:03 - inconsistency_detection   - INFO - N/A - (Stage 2) Inconsistency analysis for chunk 2 started
2025-05-25 00:56:03 - inconsistency_detection   - INFO - 0.021s - Chunk 2 processed successfully. Processed 1 person events.
2025-05-25 00:56:03 - person_summary            - INFO - N/A - (Stage 2.1) Person attitude analysis for chunk 2 started
2025-05-25 00:56:03 - person_summary            - INFO - N/A - Missing person ID for person_event 1 in chunk 2.
2025-05-25 00:56:03 - person_summary            - INFO - N/A - No sentiment history found for person Susan Collins in chunk 2, generating new.
2025-05-25 00:56:09 - opinion_scoring           - INFO - 47.192s - Successfully calculated opinion scores
2025-05-25 00:56:09 - opinion_scoring           - INFO - 47.192s - Chunk 4 processed successfully. Processed 1 person events.
2025-05-25 00:56:09 - write_node                - INFO - N/A - (Stage 3) Scores without inconsistency case
2025-05-25 00:56:09 - write_node                - INFO - N/A - (Stage 2.1) Summary/attitude full case
2025-05-25 00:56:09 - write_node                - ERROR - N/A - Error processing person event: add_attitude_full() got an unexpected keyword argument 'is_expert_flag'
2025-05-25 00:56:09 - write_node                - INFO - N/A - Chunk 4 marked as processed
2025-05-25 00:56:32 - event_classifier          - INFO - 104.578s - Chunk 1 processed, (1) general events, (1) opinions.
2025-05-25 00:56:32 - event_scoring             - INFO - N/A - (Stage 1) Event scoring for chunk 1 started
2025-05-25 00:56:32 - sentiment_analysis        - INFO - N/A - (Stage 1) Sentiment analysis for chunk 1 started
2025-05-25 00:56:38 - opinion_scoring           - INFO - 44.998s - Successfully calculated opinion scores
2025-05-25 00:56:38 - opinion_scoring           - INFO - 44.998s - Chunk 3 processed successfully. Processed 1 person events.
2025-05-25 00:56:38 - write_node                - INFO - N/A - (Stage 3) Scores without inconsistency case
2025-05-25 00:56:38 - write_node                - ERROR - N/A - Opinion scores not saved correctly for ID 140: hotness: expected 0.7050000000000001, got 0.705
2025-05-25 00:56:38 - write_node                - INFO - N/A - (Stage 2.1) Summary/attitude full case
2025-05-25 00:56:38 - write_node                - ERROR - N/A - Error processing person event: add_attitude_full() got an unexpected keyword argument 'is_expert_flag'
2025-05-25 00:56:38 - write_node                - INFO - N/A - Chunk 3 marked as processed
2025-05-25 00:56:48 - person_summary            - ERROR - N/A - Error in refinement process: 'max_length'. Falling back to truncation.
2025-05-25 00:56:48 - person_summary            - INFO - 45.122s - Successfully got comment
2025-05-25 00:56:48 - person_summary            - INFO - 45.123s - Chunk 2 processed successfully. Processed 1 person events.
2025-05-25 00:56:48 - opinion_scoring           - INFO - N/A - (Stage 3) Opinion scoring for chunk 2 started
2025-05-25 00:56:56 - event_scoring             - INFO - 24.015s - Successfully calculated event scores
2025-05-25 00:56:56 - event_scoring             - INFO - 24.015s - Chunk 1 processed successfully. Processed 1 general events.
2025-05-25 00:56:58 - sentiment_analysis        - INFO - 25.920s - Successfully got sentiment score
2025-05-25 00:56:58 - sentiment_analysis        - INFO - 25.920s - Chunk 1 processed successfully. Processed 1 person events.
2025-05-25 00:56:58 - inconsistency_detection   - INFO - N/A - (Stage 2) Inconsistency analysis for chunk 1 started
2025-05-25 00:56:58 - inconsistency_detection   - INFO - 0.012s - Chunk 1 processed successfully. Processed 1 person events.
2025-05-25 00:56:58 - person_summary            - INFO - N/A - (Stage 2.1) Person attitude analysis for chunk 1 started
2025-05-25 00:56:58 - person_summary            - INFO - N/A - Missing person ID for person_event 1 in chunk 1.
2025-05-25 00:56:58 - person_summary            - INFO - N/A - No sentiment history found for person Paula Glover in chunk 1, generating new.
2025-05-25 00:57:04 - opinion_scoring           - INFO - 16.214s - Successfully calculated opinion scores
2025-05-25 00:57:04 - opinion_scoring           - INFO - 16.214s - Chunk 2 processed successfully. Processed 1 person events.
2025-05-25 00:57:04 - write_node                - INFO - N/A - (Stage 3) Scores without inconsistency case
2025-05-25 00:57:04 - write_node                - INFO - N/A - (Stage 2.1) Summary/attitude full case
2025-05-25 00:57:04 - write_node                - ERROR - N/A - Error processing person event: add_attitude_full() got an unexpected keyword argument 'is_expert_flag'
2025-05-25 00:57:04 - write_node                - INFO - N/A - Chunk 2 marked as processed
2025-05-25 00:57:12 - person_summary            - INFO - 13.916s - Successfully got comment
2025-05-25 00:57:12 - person_summary            - INFO - 13.917s - Chunk 1 processed successfully. Processed 1 person events.
2025-05-25 00:57:12 - opinion_scoring           - INFO - N/A - (Stage 3) Opinion scoring for chunk 1 started
2025-05-25 00:57:18 - opinion_scoring           - INFO - 6.711s - Successfully calculated opinion scores
2025-05-25 00:57:18 - opinion_scoring           - INFO - 6.711s - Chunk 1 processed successfully. Processed 1 person events.
2025-05-25 00:57:18 - write_node                - INFO - N/A - (Stage 3) Scores without inconsistency case
2025-05-25 00:57:18 - write_node                - ERROR - N/A - Opinion scores not saved correctly for ID 142: hotness: expected 0.8049999999999999, got 0.805
2025-05-25 00:57:18 - write_node                - INFO - N/A - (Stage 2.1) Summary/attitude full case
2025-05-25 00:57:18 - write_node                - ERROR - N/A - Error processing person event: add_attitude_full() got an unexpected keyword argument 'is_expert_flag'
2025-05-25 00:57:18 - write_node                - INFO - N/A - Chunk 1 marked as processed
2025-05-25 00:57:19 - main                      - INFO - N/A - Processed 132 of 132 chunks successfully
