2025-05-25 02:41:33 - DBConnector               - INFO - 0.033s - Found 50 articles
2025-05-25 02:41:33 - DBConnector               - INFO - 0.024s - Added 2 article chunks
2025-05-25 02:41:33 - DBConnector               - INFO - 0.025s - Added 3 article chunks
2025-05-25 02:41:33 - DBConnector               - INFO - 0.026s - Added 3 article chunks
2025-05-25 02:41:33 - DBConnector               - INFO - 0.034s - Added 5 article chunks
2025-05-25 02:41:34 - DBConnector               - INFO - 0.023s - Added 3 article chunks
2025-05-25 02:41:34 - DBConnector               - INFO - 0.056s - Added 9 article chunks
2025-05-25 02:41:34 - DBConnector               - INFO - 0.020s - Added 2 article chunks
2025-05-25 02:41:34 - DBConnector               - INFO - 0.031s - Added 2 article chunks
2025-05-25 02:41:34 - DBConnector               - INFO - 0.030s - Added 4 article chunks
2025-05-25 02:41:34 - DBConnector               - INFO - 0.004s - Added 0 article chunks
2025-05-25 02:41:34 - DBConnector               - INFO - 0.019s - Added 2 article chunks
2025-05-25 02:41:34 - DBConnector               - INFO - 0.029s - Added 4 article chunks
2025-05-25 02:41:34 - DBConnector               - INFO - 0.033s - Added 5 article chunks
2025-05-25 02:41:34 - DBConnector               - INFO - 0.038s - Added 6 article chunks
2025-05-25 02:41:34 - DBConnector               - INFO - 0.024s - Added 3 article chunks
2025-05-25 02:41:34 - DBConnector               - INFO - 0.038s - Added 6 article chunks
2025-05-25 02:41:34 - DBConnector               - INFO - 0.020s - Added 2 article chunks
2025-05-25 02:41:34 - DBConnector               - INFO - 0.024s - Added 3 article chunks
2025-05-25 02:41:34 - DBConnector               - INFO - 0.044s - Added 4 article chunks
2025-05-25 02:41:34 - DBConnector               - INFO - 0.028s - Added 4 article chunks
2025-05-25 02:41:34 - DBConnector               - INFO - 0.003s - Added 0 article chunks
2025-05-25 02:41:34 - DBConnector               - INFO - 0.004s - Added 0 article chunks
2025-05-25 02:41:34 - DBConnector               - INFO - 0.021s - Added 2 article chunks
2025-05-25 02:41:34 - DBConnector               - INFO - 0.026s - Added 3 article chunks
2025-05-25 02:41:34 - DBConnector               - INFO - 0.015s - Added 1 article chunks
2025-05-25 02:41:34 - DBConnector               - INFO - 0.014s - Added 1 article chunks
2025-05-25 02:41:34 - DBConnector               - INFO - 0.004s - Added 0 article chunks
2025-05-25 02:41:34 - DBConnector               - INFO - 0.014s - Added 1 article chunks
2025-05-25 02:41:34 - DBConnector               - INFO - 0.019s - Added 2 article chunks
2025-05-25 02:41:34 - DBConnector               - INFO - 0.024s - Added 3 article chunks
2025-05-25 02:41:34 - DBConnector               - INFO - 0.024s - Added 2 article chunks
2025-05-25 02:41:34 - DBConnector               - INFO - 0.030s - Added 3 article chunks
2025-05-25 02:41:34 - DBConnector               - INFO - 0.019s - Added 2 article chunks
2025-05-25 02:41:34 - DBConnector               - INFO - 0.015s - Added 1 article chunks
2025-05-25 02:41:34 - DBConnector               - INFO - 0.019s - Added 2 article chunks
2025-05-25 02:41:34 - DBConnector               - INFO - 0.050s - Added 8 article chunks
2025-05-25 02:41:34 - DBConnector               - INFO - 0.023s - Added 2 article chunks
2025-05-25 02:41:34 - DBConnector               - INFO - 0.019s - Added 2 article chunks
2025-05-25 02:41:34 - DBConnector               - INFO - 0.019s - Added 2 article chunks
2025-05-25 02:41:35 - DBConnector               - INFO - 0.029s - Added 3 article chunks
2025-05-25 02:41:35 - DBConnector               - INFO - 0.019s - Added 2 article chunks
2025-05-25 02:41:35 - DBConnector               - INFO - 0.022s - Added 2 article chunks
2025-05-25 02:41:35 - DBConnector               - INFO - 0.027s - Added 3 article chunks
2025-05-25 02:41:35 - DBConnector               - INFO - 0.025s - Added 3 article chunks
2025-05-25 02:41:35 - DBConnector               - INFO - 0.018s - Added 2 article chunks
2025-05-25 02:41:35 - DBConnector               - INFO - 0.024s - Added 3 article chunks
2025-05-25 02:41:35 - DBConnector               - INFO - 0.034s - Added 5 article chunks
2025-05-25 02:41:35 - DBConnector               - INFO - 0.019s - Added 2 article chunks
2025-05-25 02:41:35 - DBConnector               - INFO - 0.039s - Added 5 article chunks
2025-05-25 02:41:35 - DBConnector               - INFO - 0.024s - Added 3 article chunks
2025-05-25 03:04:45 - DBConnector               - INFO - 0.007s - Person not found
2025-05-25 03:04:47 - DBConnector               - INFO - 0.004s - Person not found
2025-05-25 03:05:00 - DBConnector               - INFO - 0.003s - Person not found
2025-05-25 03:05:06 - DBConnector               - INFO - 0.042s - Event added with event_id: 1
2025-05-25 03:05:06 - DBConnector               - INFO - 0.003s - Person not found
2025-05-25 03:05:06 - DBConnector               - INFO - 0.030s - Person added with person_id: 1
2025-05-25 03:05:06 - DBConnector               - INFO - 0.009s - Opinion not found
2025-05-25 03:05:06 - DBConnector               - INFO - 0.038s - Opinion added with opinion_id: 1
2025-05-25 03:05:06 - DBConnector               - INFO - 0.006s - Opinion found with opinion_id: 1
2025-05-25 03:05:06 - DBConnector               - INFO - 0.004s - Article chunk with chunk_id=141 updated successfully
2025-05-25 03:05:10 - DBConnector               - INFO - 0.034s - Event added with event_id: 2
2025-05-25 03:05:10 - DBConnector               - INFO - 0.004s - Person not found
2025-05-25 03:05:10 - DBConnector               - INFO - 0.030s - Person added with person_id: 2
2025-05-25 03:05:10 - DBConnector               - INFO - 0.004s - Opinion not found
2025-05-25 03:05:10 - DBConnector               - INFO - 0.027s - Opinion added with opinion_id: 2
2025-05-25 03:05:10 - DBConnector               - INFO - 0.003s - Opinion found with opinion_id: 2
2025-05-25 03:05:10 - DBConnector               - INFO - 0.003s - Article chunk with chunk_id=138 updated successfully
2025-05-25 03:05:19 - DBConnector               - INFO - 0.034s - Event added with event_id: 3
2025-05-25 03:05:19 - DBConnector               - INFO - 0.002s - Person not found
2025-05-25 03:05:19 - DBConnector               - INFO - 0.025s - Person added with person_id: 3
2025-05-25 03:05:19 - DBConnector               - INFO - 0.004s - Opinion not found
2025-05-25 03:05:19 - DBConnector               - INFO - 0.027s - Opinion added with opinion_id: 3
2025-05-25 03:05:19 - DBConnector               - INFO - 0.003s - Opinion found with opinion_id: 3
2025-05-25 03:05:19 - DBConnector               - INFO - 0.002s - Article chunk with chunk_id=142 updated successfully
2025-05-25 03:05:48 - DBConnector               - INFO - 0.000s - Person not found
2025-05-25 03:06:26 - DBConnector               - INFO - 0.031s - Event added with event_id: 4
2025-05-25 03:06:26 - DBConnector               - INFO - 0.002s - Person not found
2025-05-25 03:06:26 - DBConnector               - INFO - 0.026s - Person added with person_id: 4
2025-05-25 03:06:26 - DBConnector               - INFO - 0.004s - Opinion not found
2025-05-25 03:06:26 - DBConnector               - INFO - 0.030s - Opinion added with opinion_id: 4
2025-05-25 03:06:26 - DBConnector               - INFO - 0.004s - Opinion found with opinion_id: 4
2025-05-25 03:06:26 - DBConnector               - INFO - 0.002s - Article chunk with chunk_id=136 updated successfully
2025-05-25 03:07:03 - DBConnector               - INFO - 0.003s - Person not found
2025-05-25 03:07:16 - DBConnector               - INFO - 0.003s - Person not found
2025-05-25 03:07:22 - DBConnector               - INFO - 0.043s - Event added with event_id: 5
2025-05-25 03:07:22 - DBConnector               - INFO - 0.003s - Opinion not found
2025-05-25 03:07:22 - DBConnector               - INFO - 0.029s - Opinion added with opinion_id: 5
2025-05-25 03:07:22 - DBConnector               - INFO - 0.002s - Opinion found with opinion_id: 5
2025-05-25 03:07:22 - DBConnector               - INFO - 0.000s - Article chunk with chunk_id=135 updated successfully
2025-05-25 03:07:27 - DBConnector               - INFO - 0.035s - Event added with event_id: 6
2025-05-25 03:07:27 - DBConnector               - INFO - 0.000s - Person not found
2025-05-25 03:07:27 - DBConnector               - INFO - 0.021s - Person added with person_id: 5
2025-05-25 03:07:27 - DBConnector               - INFO - 0.000s - Opinion not found
2025-05-25 03:07:27 - DBConnector               - INFO - 0.016s - Opinion added with opinion_id: 6
2025-05-25 03:07:27 - DBConnector               - INFO - 0.000s - Opinion found with opinion_id: 6
2025-05-25 03:07:27 - DBConnector               - INFO - 0.016s - Article chunk with chunk_id=137 updated successfully
2025-05-25 03:07:35 - DBConnector               - INFO - 0.038s - Event added with event_id: 7
2025-05-25 03:07:35 - DBConnector               - INFO - 0.018s - Person not found
2025-05-25 03:07:35 - DBConnector               - INFO - 0.036s - Person added with person_id: 6
2025-05-25 03:07:35 - DBConnector               - INFO - 0.017s - Opinion not found
2025-05-25 03:07:35 - DBConnector               - INFO - 0.039s - Opinion added with opinion_id: 7
2025-05-25 03:07:35 - DBConnector               - INFO - 0.003s - Opinion found with opinion_id: 7
2025-05-25 03:07:35 - DBConnector               - INFO - 0.000s - Article chunk with chunk_id=134 updated successfully
2025-05-25 03:08:05 - DBConnector               - INFO - 0.003s - Person not found
2025-05-25 03:08:48 - DBConnector               - INFO - 0.031s - Event added with event_id: 8
2025-05-25 03:08:48 - DBConnector               - INFO - 0.003s - Person not found
2025-05-25 03:08:48 - DBConnector               - INFO - 0.025s - Person added with person_id: 7
2025-05-25 03:08:48 - DBConnector               - INFO - 0.004s - Opinion not found
2025-05-25 03:08:48 - DBConnector               - INFO - 0.030s - Opinion added with opinion_id: 8
2025-05-25 03:08:48 - DBConnector               - INFO - 0.005s - Opinion found with opinion_id: 8
2025-05-25 03:08:48 - DBConnector               - INFO - 0.004s - Article chunk with chunk_id=133 updated successfully
2025-05-25 03:09:19 - DBConnector               - INFO - 0.003s - Person not found
2025-05-25 03:09:29 - DBConnector               - INFO - 0.000s - Person not found
2025-05-25 03:09:35 - DBConnector               - INFO - 0.034s - Event added with event_id: 9
2025-05-25 03:09:35 - DBConnector               - INFO - 0.005s - Opinion not found
2025-05-25 03:09:35 - DBConnector               - INFO - 0.027s - Opinion added with opinion_id: 9
2025-05-25 03:09:35 - DBConnector               - INFO - 0.005s - Opinion found with opinion_id: 9
2025-05-25 03:09:35 - DBConnector               - INFO - 0.003s - Article chunk with chunk_id=128 updated successfully
2025-05-25 03:09:39 - DBConnector               - INFO - 0.029s - Event added with event_id: 10
2025-05-25 03:09:39 - DBConnector               - INFO - 0.003s - Person not found
2025-05-25 03:09:39 - DBConnector               - INFO - 0.025s - Person added with person_id: 8
2025-05-25 03:09:39 - DBConnector               - INFO - 0.005s - Opinion not found
2025-05-25 03:09:39 - DBConnector               - INFO - 0.044s - Opinion added with opinion_id: 10
2025-05-25 03:09:39 - DBConnector               - INFO - 0.003s - Opinion found with opinion_id: 10
2025-05-25 03:09:39 - DBConnector               - INFO - 0.003s - Article chunk with chunk_id=129 updated successfully
2025-05-25 03:09:47 - DBConnector               - INFO - 0.030s - Event added with event_id: 11
2025-05-25 03:09:47 - DBConnector               - INFO - 0.002s - Person not found
2025-05-25 03:09:47 - DBConnector               - INFO - 0.025s - Person added with person_id: 9
2025-05-25 03:09:47 - DBConnector               - INFO - 0.004s - Opinion not found
2025-05-25 03:09:47 - DBConnector               - INFO - 0.026s - Opinion added with opinion_id: 11
2025-05-25 03:09:47 - DBConnector               - INFO - 0.003s - Opinion found with opinion_id: 11
2025-05-25 03:09:47 - DBConnector               - INFO - 0.003s - Article chunk with chunk_id=130 updated successfully
2025-05-25 03:10:14 - DBConnector               - INFO - 0.003s - Person not found
2025-05-25 03:10:54 - DBConnector               - INFO - 0.044s - Event added with event_id: 12
2025-05-25 03:10:54 - DBConnector               - INFO - 0.003s - Person not found
2025-05-25 03:10:54 - DBConnector               - INFO - 0.017s - Person added with person_id: 10
2025-05-25 03:10:54 - DBConnector               - INFO - 0.000s - Opinion not found
2025-05-25 03:10:54 - DBConnector               - INFO - 0.021s - Opinion added with opinion_id: 12
2025-05-25 03:10:54 - DBConnector               - INFO - 0.004s - Opinion found with opinion_id: 12
2025-05-25 03:10:54 - DBConnector               - INFO - 0.003s - Article chunk with chunk_id=131 updated successfully
2025-05-25 03:11:29 - DBConnector               - INFO - 0.003s - Person not found
2025-05-25 03:11:40 - DBConnector               - INFO - 0.003s - Person not found
2025-05-25 03:11:46 - DBConnector               - INFO - 0.031s - Event added with event_id: 13
2025-05-25 03:11:46 - DBConnector               - INFO - 0.000s - Opinion not found
2025-05-25 03:11:46 - DBConnector               - INFO - 0.014s - Opinion added with opinion_id: 13
2025-05-25 03:11:46 - DBConnector               - INFO - 0.000s - Opinion found with opinion_id: 13
2025-05-25 03:11:46 - DBConnector               - INFO - 0.000s - Article chunk with chunk_id=132 updated successfully
2025-05-25 03:11:51 - DBConnector               - INFO - 0.033s - Event added with event_id: 14
2025-05-25 03:11:51 - DBConnector               - INFO - 0.003s - Person not found
2025-05-25 03:11:51 - DBConnector               - INFO - 0.028s - Person added with person_id: 11
2025-05-25 03:11:51 - DBConnector               - INFO - 0.005s - Opinion not found
2025-05-25 03:11:51 - DBConnector               - INFO - 0.030s - Opinion added with opinion_id: 14
2025-05-25 03:11:51 - DBConnector               - INFO - 0.005s - Opinion found with opinion_id: 14
2025-05-25 03:11:51 - DBConnector               - INFO - 0.003s - Article chunk with chunk_id=127 updated successfully
2025-05-25 03:11:59 - DBConnector               - INFO - 0.031s - Event added with event_id: 15
2025-05-25 03:11:59 - DBConnector               - INFO - 0.003s - Person not found
2025-05-25 03:11:59 - DBConnector               - INFO - 0.027s - Person added with person_id: 12
2025-05-25 03:11:59 - DBConnector               - INFO - 0.004s - Opinion not found
2025-05-25 03:11:59 - DBConnector               - INFO - 0.027s - Opinion added with opinion_id: 15
2025-05-25 03:11:59 - DBConnector               - INFO - 0.003s - Opinion found with opinion_id: 15
2025-05-25 03:11:59 - DBConnector               - INFO - 0.004s - Article chunk with chunk_id=126 updated successfully
2025-05-25 03:12:28 - DBConnector               - INFO - 0.003s - Person not found
2025-05-25 03:13:08 - DBConnector               - INFO - 0.030s - Event added with event_id: 16
2025-05-25 03:13:08 - DBConnector               - INFO - 0.003s - Person not found
2025-05-25 03:13:08 - DBConnector               - INFO - 0.025s - Person added with person_id: 13
2025-05-25 03:13:08 - DBConnector               - INFO - 0.004s - Opinion not found
2025-05-25 03:13:08 - DBConnector               - INFO - 0.027s - Opinion added with opinion_id: 16
2025-05-25 03:13:08 - DBConnector               - INFO - 0.004s - Opinion found with opinion_id: 16
2025-05-25 03:13:08 - DBConnector               - INFO - 0.003s - Article chunk with chunk_id=125 updated successfully
2025-05-25 03:13:40 - DBConnector               - INFO - 0.003s - Person not found
2025-05-25 03:13:59 - DBConnector               - INFO - 0.031s - Event added with event_id: 17
2025-05-25 03:13:59 - DBConnector               - INFO - 0.004s - Opinion not found
2025-05-25 03:13:59 - DBConnector               - INFO - 0.026s - Opinion added with opinion_id: 17
2025-05-25 03:13:59 - DBConnector               - INFO - 0.004s - Opinion found with opinion_id: 17
2025-05-25 03:13:59 - DBConnector               - INFO - 0.003s - Article chunk with chunk_id=124 updated successfully
2025-05-25 03:14:03 - DBConnector               - INFO - 0.029s - Event added with event_id: 18
2025-05-25 03:14:03 - DBConnector               - INFO - 0.003s - Person not found
2025-05-25 03:14:03 - DBConnector               - INFO - 0.025s - Person added with person_id: 14
2025-05-25 03:14:03 - DBConnector               - INFO - 0.004s - Opinion not found
2025-05-25 03:14:03 - DBConnector               - INFO - 0.030s - Opinion added with opinion_id: 18
2025-05-25 03:14:03 - DBConnector               - INFO - 0.003s - Opinion found with opinion_id: 18
2025-05-25 03:14:03 - DBConnector               - INFO - 0.003s - Article chunk with chunk_id=123 updated successfully
2025-05-25 03:14:11 - DBConnector               - INFO - 0.029s - Event added with event_id: 19
2025-05-25 03:14:11 - DBConnector               - INFO - 0.005s - Opinion not found
2025-05-25 03:14:11 - DBConnector               - INFO - 0.028s - Opinion added with opinion_id: 19
2025-05-25 03:14:11 - DBConnector               - INFO - 0.003s - Opinion found with opinion_id: 19
2025-05-25 03:14:11 - DBConnector               - INFO - 0.002s - Article chunk with chunk_id=122 updated successfully
2025-05-25 03:14:39 - DBConnector               - INFO - 0.003s - Person not found
2025-05-25 03:15:20 - DBConnector               - INFO - 0.028s - Event added with event_id: 20
2025-05-25 03:15:20 - DBConnector               - INFO - 0.000s - Person not found
2025-05-25 03:15:20 - DBConnector               - INFO - 0.041s - Person added with person_id: 15
2025-05-25 03:15:20 - DBConnector               - INFO - 0.004s - Opinion not found
2025-05-25 03:15:20 - DBConnector               - INFO - 0.017s - Opinion added with opinion_id: 20
2025-05-25 03:15:20 - DBConnector               - INFO - 0.000s - Opinion found with opinion_id: 20
2025-05-25 03:15:20 - DBConnector               - INFO - 0.000s - Article chunk with chunk_id=121 updated successfully
2025-05-25 03:15:50 - DBConnector               - INFO - 0.003s - Person not found
2025-05-25 03:15:52 - DBConnector               - INFO - 0.002s - Person not found
2025-05-25 03:16:03 - DBConnector               - INFO - 0.004s - Person not found
2025-05-25 03:16:09 - DBConnector               - INFO - 0.028s - Event added with event_id: 21
2025-05-25 03:16:09 - DBConnector               - INFO - 0.003s - Person not found
2025-05-25 03:16:09 - DBConnector               - INFO - 0.025s - Person added with person_id: 16
2025-05-25 03:16:09 - DBConnector               - INFO - 0.004s - Opinion not found
2025-05-25 03:16:09 - DBConnector               - INFO - 0.027s - Opinion added with opinion_id: 21
2025-05-25 03:16:09 - DBConnector               - INFO - 0.003s - Opinion found with opinion_id: 21
2025-05-25 03:16:09 - DBConnector               - INFO - 0.003s - Article chunk with chunk_id=120 updated successfully
2025-05-25 03:16:13 - DBConnector               - INFO - 0.030s - Event added with event_id: 22
2025-05-25 03:16:13 - DBConnector               - INFO - 0.003s - Person not found
2025-05-25 03:16:13 - DBConnector               - INFO - 0.026s - Person added with person_id: 17
2025-05-25 03:16:13 - DBConnector               - INFO - 0.004s - Opinion not found
2025-05-25 03:16:13 - DBConnector               - INFO - 0.027s - Opinion added with opinion_id: 22
2025-05-25 03:16:13 - DBConnector               - INFO - 0.003s - Opinion found with opinion_id: 22
2025-05-25 03:16:13 - DBConnector               - INFO - 0.000s - Article chunk with chunk_id=117 updated successfully
2025-05-25 03:16:22 - DBConnector               - INFO - 0.032s - Event added with event_id: 23
2025-05-25 03:16:22 - DBConnector               - INFO - 0.003s - Person not found
2025-05-25 03:16:22 - DBConnector               - INFO - 0.025s - Person added with person_id: 18
2025-05-25 03:16:22 - DBConnector               - INFO - 0.005s - Opinion not found
2025-05-25 03:16:22 - DBConnector               - INFO - 0.028s - Opinion added with opinion_id: 23
2025-05-25 03:16:22 - DBConnector               - INFO - 0.003s - Opinion found with opinion_id: 23
2025-05-25 03:16:22 - DBConnector               - INFO - 0.002s - Article chunk with chunk_id=118 updated successfully
2025-05-25 03:17:35 - DBConnector               - INFO - 0.033s - Event added with event_id: 24
2025-05-25 03:17:35 - DBConnector               - INFO - 0.004s - Opinion not found
2025-05-25 03:17:35 - DBConnector               - INFO - 0.027s - Opinion added with opinion_id: 24
2025-05-25 03:17:35 - DBConnector               - INFO - 0.004s - Opinion found with opinion_id: 24
2025-05-25 03:17:35 - DBConnector               - INFO - 0.002s - Article chunk with chunk_id=119 updated successfully
2025-05-25 03:18:07 - DBConnector               - INFO - 0.003s - Person not found
2025-05-25 03:18:09 - DBConnector               - INFO - 0.004s - Person not found
2025-05-25 03:18:27 - DBConnector               - INFO - 0.031s - Event added with event_id: 25
2025-05-25 03:18:27 - DBConnector               - INFO - 0.003s - Person not found
2025-05-25 03:18:27 - DBConnector               - INFO - 0.026s - Person added with person_id: 19
2025-05-25 03:18:27 - DBConnector               - INFO - 0.005s - Opinion not found
2025-05-25 03:18:27 - DBConnector               - INFO - 0.027s - Opinion added with opinion_id: 25
2025-05-25 03:18:27 - DBConnector               - INFO - 0.000s - Opinion found with opinion_id: 25
2025-05-25 03:18:27 - DBConnector               - INFO - 0.000s - Article chunk with chunk_id=115 updated successfully
2025-05-25 03:18:31 - DBConnector               - INFO - 0.029s - Event added with event_id: 26
2025-05-25 03:18:31 - DBConnector               - INFO - 0.003s - Person not found
2025-05-25 03:18:31 - DBConnector               - INFO - 0.027s - Person added with person_id: 20
2025-05-25 03:18:31 - DBConnector               - INFO - 0.004s - Opinion not found
2025-05-25 03:18:31 - DBConnector               - INFO - 0.031s - Opinion added with opinion_id: 26
2025-05-25 03:18:31 - DBConnector               - INFO - 0.004s - Opinion found with opinion_id: 26
2025-05-25 03:18:32 - DBConnector               - INFO - 0.004s - Article chunk with chunk_id=116 updated successfully
2025-05-25 03:18:40 - DBConnector               - INFO - 0.032s - Event added with event_id: 27
2025-05-25 03:18:40 - DBConnector               - INFO - 0.005s - Opinion not found
2025-05-25 03:18:40 - DBConnector               - INFO - 0.028s - Opinion added with opinion_id: 27
2025-05-25 03:18:40 - DBConnector               - INFO - 0.004s - Opinion found with opinion_id: 27
2025-05-25 03:18:40 - DBConnector               - INFO - 0.003s - Article chunk with chunk_id=113 updated successfully
2025-05-25 03:19:49 - DBConnector               - INFO - 0.033s - Event added with event_id: 28
2025-05-25 03:19:49 - DBConnector               - INFO - 0.004s - Opinion not found
2025-05-25 03:19:49 - DBConnector               - INFO - 0.028s - Opinion added with opinion_id: 28
2025-05-25 03:19:49 - DBConnector               - INFO - 0.004s - Opinion found with opinion_id: 28
2025-05-25 03:19:49 - DBConnector               - INFO - 0.004s - Article chunk with chunk_id=114 updated successfully
2025-05-25 03:20:30 - DBConnector               - INFO - 0.003s - Person not found
2025-05-25 03:20:42 - DBConnector               - INFO - 0.004s - Person not found
2025-05-25 03:20:48 - DBConnector               - INFO - 0.031s - Event added with event_id: 29
2025-05-25 03:20:49 - DBConnector               - INFO - 0.003s - Person not found
2025-05-25 03:20:49 - DBConnector               - INFO - 0.026s - Person added with person_id: 21
2025-05-25 03:20:49 - DBConnector               - INFO - 0.005s - Opinion not found
2025-05-25 03:20:49 - DBConnector               - INFO - 0.028s - Opinion added with opinion_id: 29
2025-05-25 03:20:49 - DBConnector               - INFO - 0.004s - Opinion found with opinion_id: 29
2025-05-25 03:20:49 - DBConnector               - INFO - 0.004s - Article chunk with chunk_id=111 updated successfully
2025-05-25 03:20:59 - DBConnector               - INFO - 0.032s - Event added with event_id: 30
2025-05-25 03:20:59 - DBConnector               - INFO - 0.004s - Person not found
2025-05-25 03:20:59 - DBConnector               - INFO - 0.025s - Person added with person_id: 22
2025-05-25 03:20:59 - DBConnector               - INFO - 0.005s - Opinion not found
2025-05-25 03:20:59 - DBConnector               - INFO - 0.027s - Opinion added with opinion_id: 30
2025-05-25 03:20:59 - DBConnector               - INFO - 0.000s - Opinion found with opinion_id: 30
2025-05-25 03:20:59 - DBConnector               - INFO - 0.003s - Article chunk with chunk_id=110 updated successfully
2025-05-25 03:21:20 - DBConnector               - INFO - 0.031s - Event added with event_id: 31
2025-05-25 03:21:20 - DBConnector               - INFO - 0.004s - Opinion not found
2025-05-25 03:21:20 - DBConnector               - INFO - 0.028s - Opinion added with opinion_id: 31
2025-05-25 03:21:20 - DBConnector               - INFO - 0.003s - Opinion found with opinion_id: 31
2025-05-25 03:21:20 - DBConnector               - INFO - 0.003s - Article chunk with chunk_id=112 updated successfully
2025-05-25 03:22:06 - DBConnector               - INFO - 0.031s - Event added with event_id: 32
2025-05-25 03:22:06 - DBConnector               - INFO - 0.004s - Opinion not found
2025-05-25 03:22:06 - DBConnector               - INFO - 0.027s - Opinion added with opinion_id: 32
2025-05-25 03:22:06 - DBConnector               - INFO - 0.005s - Opinion found with opinion_id: 32
2025-05-25 03:22:06 - DBConnector               - INFO - 0.003s - Article chunk with chunk_id=109 updated successfully
2025-05-25 03:22:29 - DBConnector               - INFO - 0.004s - Person not found
2025-05-25 03:22:52 - DBConnector               - INFO - 0.003s - Person not found
2025-05-25 03:22:58 - DBConnector               - INFO - 0.029s - Event added with event_id: 33
2025-05-25 03:22:58 - DBConnector               - INFO - 0.002s - Person not found
2025-05-25 03:22:58 - DBConnector               - INFO - 0.024s - Person added with person_id: 23
2025-05-25 03:22:58 - DBConnector               - INFO - 0.004s - Opinion not found
2025-05-25 03:22:58 - DBConnector               - INFO - 0.026s - Opinion added with opinion_id: 33
2025-05-25 03:22:58 - DBConnector               - INFO - 0.003s - Opinion found with opinion_id: 33
2025-05-25 03:22:58 - DBConnector               - INFO - 0.003s - Article chunk with chunk_id=108 updated successfully
2025-05-25 03:23:16 - DBConnector               - INFO - 0.029s - Event added with event_id: 34
2025-05-25 03:23:16 - DBConnector               - INFO - 0.003s - Person not found
2025-05-25 03:23:16 - DBConnector               - INFO - 0.025s - Person added with person_id: 24
2025-05-25 03:23:16 - DBConnector               - INFO - 0.004s - Opinion not found
2025-05-25 03:23:16 - DBConnector               - INFO - 0.027s - Opinion added with opinion_id: 34
2025-05-25 03:23:16 - DBConnector               - INFO - 0.003s - Opinion found with opinion_id: 34
2025-05-25 03:23:16 - DBConnector               - INFO - 0.002s - Article chunk with chunk_id=106 updated successfully
2025-05-25 03:24:17 - DBConnector               - INFO - 0.031s - Event added with event_id: 35
2025-05-25 03:24:17 - DBConnector               - INFO - 0.005s - Opinion not found
2025-05-25 03:24:17 - DBConnector               - INFO - 0.028s - Opinion added with opinion_id: 35
2025-05-25 03:24:17 - DBConnector               - INFO - 0.004s - Opinion found with opinion_id: 35
2025-05-25 03:24:17 - DBConnector               - INFO - 0.003s - Article chunk with chunk_id=107 updated successfully
2025-05-25 03:24:58 - DBConnector               - INFO - 0.003s - Person not found
2025-05-25 03:25:11 - DBConnector               - INFO - 0.003s - Person not found
2025-05-25 03:25:12 - DBConnector               - INFO - 0.003s - Person not found
2025-05-25 03:25:19 - DBConnector               - INFO - 0.032s - Event added with event_id: 36
2025-05-25 03:25:19 - DBConnector               - INFO - 0.003s - Person not found
2025-05-25 03:25:19 - DBConnector               - INFO - 0.030s - Person added with person_id: 25
2025-05-25 03:25:19 - DBConnector               - INFO - 0.004s - Opinion not found
2025-05-25 03:25:19 - DBConnector               - INFO - 0.027s - Opinion added with opinion_id: 36
2025-05-25 03:25:19 - DBConnector               - INFO - 0.004s - Opinion found with opinion_id: 36
2025-05-25 03:25:19 - DBConnector               - INFO - 0.002s - Article chunk with chunk_id=99 updated successfully
2025-05-25 03:25:27 - DBConnector               - INFO - 0.029s - Event added with event_id: 37
2025-05-25 03:25:27 - DBConnector               - INFO - 0.003s - Person not found
2025-05-25 03:25:27 - DBConnector               - INFO - 0.030s - Person added with person_id: 26
2025-05-25 03:25:27 - DBConnector               - INFO - 0.004s - Opinion not found
2025-05-25 03:25:27 - DBConnector               - INFO - 0.027s - Opinion added with opinion_id: 37
2025-05-25 03:25:27 - DBConnector               - INFO - 0.004s - Opinion found with opinion_id: 37
2025-05-25 03:25:27 - DBConnector               - INFO - 0.004s - Article chunk with chunk_id=98 updated successfully
2025-05-25 03:25:31 - DBConnector               - INFO - 0.027s - Event added with event_id: 38
2025-05-25 03:25:31 - DBConnector               - INFO - 0.003s - Person not found
2025-05-25 03:25:31 - DBConnector               - INFO - 0.025s - Person added with person_id: 27
2025-05-25 03:25:31 - DBConnector               - INFO - 0.004s - Opinion not found
2025-05-25 03:25:31 - DBConnector               - INFO - 0.028s - Opinion added with opinion_id: 38
2025-05-25 03:25:31 - DBConnector               - INFO - 0.003s - Opinion found with opinion_id: 38
2025-05-25 03:25:31 - DBConnector               - INFO - 0.004s - Article chunk with chunk_id=97 updated successfully
2025-05-25 03:26:35 - DBConnector               - INFO - 0.029s - Event added with event_id: 39
2025-05-25 03:26:35 - DBConnector               - INFO - 0.000s - Opinion not found
2025-05-25 03:26:35 - DBConnector               - INFO - 0.016s - Opinion added with opinion_id: 39
2025-05-25 03:26:35 - DBConnector               - INFO - 0.004s - Opinion found with opinion_id: 39
2025-05-25 03:26:35 - DBConnector               - INFO - 0.003s - Article chunk with chunk_id=96 updated successfully
2025-05-25 03:27:12 - DBConnector               - INFO - 0.003s - Person not found
2025-05-25 03:27:20 - DBConnector               - INFO - 0.005s - Person not found
2025-05-25 03:27:22 - DBConnector               - INFO - 0.004s - Person not found
2025-05-25 03:27:28 - DBConnector               - INFO - 0.033s - Event added with event_id: 40
2025-05-25 03:27:28 - DBConnector               - INFO - 0.003s - Person not found
2025-05-25 03:27:28 - DBConnector               - INFO - 0.026s - Person added with person_id: 28
2025-05-25 03:27:28 - DBConnector               - INFO - 0.005s - Opinion not found
2025-05-25 03:27:28 - DBConnector               - INFO - 0.030s - Opinion added with opinion_id: 40
2025-05-25 03:27:28 - DBConnector               - INFO - 0.004s - Opinion found with opinion_id: 40
2025-05-25 03:27:28 - DBConnector               - INFO - 0.003s - Article chunk with chunk_id=100 updated successfully
2025-05-25 03:27:50 - DBConnector               - INFO - 0.036s - Event added with event_id: 41
2025-05-25 03:27:50 - DBConnector               - INFO - 0.003s - Person not found
2025-05-25 03:27:50 - DBConnector               - INFO - 0.026s - Person added with person_id: 29
2025-05-25 03:27:50 - DBConnector               - INFO - 0.004s - Opinion not found
2025-05-25 03:27:50 - DBConnector               - INFO - 0.028s - Opinion added with opinion_id: 41
2025-05-25 03:27:50 - DBConnector               - INFO - 0.005s - Opinion found with opinion_id: 41
2025-05-25 03:27:50 - DBConnector               - INFO - 0.003s - Article chunk with chunk_id=101 updated successfully
2025-05-25 03:27:54 - DBConnector               - INFO - 0.032s - Event added with event_id: 42
2025-05-25 03:27:55 - DBConnector               - INFO - 0.002s - Person not found
2025-05-25 03:27:55 - DBConnector               - INFO - 0.023s - Person added with person_id: 30
2025-05-25 03:27:55 - DBConnector               - INFO - 0.005s - Opinion not found
2025-05-25 03:27:55 - DBConnector               - INFO - 0.027s - Opinion added with opinion_id: 42
2025-05-25 03:27:55 - DBConnector               - INFO - 0.003s - Opinion found with opinion_id: 42
2025-05-25 03:27:55 - DBConnector               - INFO - 0.003s - Article chunk with chunk_id=102 updated successfully
2025-05-25 03:29:24 - DBConnector               - INFO - 0.004s - Person not found
2025-05-25 03:29:28 - DBConnector               - INFO - 0.003s - Person not found
2025-05-25 03:29:34 - DBConnector               - INFO - 0.027s - Event added with event_id: 43
2025-05-25 03:29:34 - DBConnector               - INFO - 0.003s - Person not found
2025-05-25 03:29:34 - DBConnector               - INFO - 0.028s - Person added with person_id: 31
2025-05-25 03:29:34 - DBConnector               - INFO - 0.004s - Opinion not found
2025-05-25 03:29:34 - DBConnector               - INFO - 0.028s - Opinion added with opinion_id: 43
2025-05-25 03:29:34 - DBConnector               - INFO - 0.004s - Opinion found with opinion_id: 43
2025-05-25 03:29:34 - DBConnector               - INFO - 0.004s - Article chunk with chunk_id=95 updated successfully
2025-05-25 03:29:38 - DBConnector               - INFO - 0.005s - Person not found
2025-05-25 03:29:44 - DBConnector               - INFO - 0.034s - Event added with event_id: 44
2025-05-25 03:29:44 - DBConnector               - INFO - 0.003s - Person not found
2025-05-25 03:29:44 - DBConnector               - INFO - 0.025s - Person added with person_id: 32
2025-05-25 03:29:44 - DBConnector               - INFO - 0.005s - Opinion not found
2025-05-25 03:29:44 - DBConnector               - INFO - 0.027s - Opinion added with opinion_id: 44
2025-05-25 03:29:44 - DBConnector               - INFO - 0.004s - Opinion found with opinion_id: 44
2025-05-25 03:29:44 - DBConnector               - INFO - 0.004s - Article chunk with chunk_id=94 updated successfully
2025-05-25 03:30:04 - DBConnector               - INFO - 0.029s - Event added with event_id: 45
2025-05-25 03:30:04 - DBConnector               - INFO - 0.005s - Opinion not found
2025-05-25 03:30:04 - DBConnector               - INFO - 0.034s - Opinion added with opinion_id: 45
2025-05-25 03:30:04 - DBConnector               - INFO - 0.004s - Opinion found with opinion_id: 45
2025-05-25 03:30:04 - DBConnector               - INFO - 0.004s - Article chunk with chunk_id=93 updated successfully
2025-05-25 03:30:09 - DBConnector               - INFO - 0.028s - Event added with event_id: 46
2025-05-25 03:30:09 - DBConnector               - INFO - 0.002s - Person not found
2025-05-25 03:30:09 - DBConnector               - INFO - 0.024s - Person added with person_id: 33
2025-05-25 03:30:09 - DBConnector               - INFO - 0.005s - Opinion not found
2025-05-25 03:30:09 - DBConnector               - INFO - 0.027s - Opinion added with opinion_id: 46
2025-05-25 03:30:09 - DBConnector               - INFO - 0.004s - Opinion found with opinion_id: 46
2025-05-25 03:30:09 - DBConnector               - INFO - 0.003s - Article chunk with chunk_id=92 updated successfully
2025-05-25 03:31:46 - DBConnector               - INFO - 0.003s - Person not found
2025-05-25 03:31:51 - DBConnector               - INFO - 0.003s - Person not found
2025-05-25 03:31:57 - DBConnector               - INFO - 0.029s - Event added with event_id: 47
2025-05-25 03:31:57 - DBConnector               - INFO - 0.003s - Person not found
2025-05-25 03:31:57 - DBConnector               - INFO - 0.026s - Person added with person_id: 34
2025-05-25 03:31:57 - DBConnector               - INFO - 0.004s - Opinion not found
2025-05-25 03:31:57 - DBConnector               - INFO - 0.027s - Opinion added with opinion_id: 47
2025-05-25 03:31:57 - DBConnector               - INFO - 0.004s - Opinion found with opinion_id: 47
2025-05-25 03:31:57 - DBConnector               - INFO - 0.003s - Article chunk with chunk_id=91 updated successfully
2025-05-25 03:31:59 - DBConnector               - INFO - 0.003s - Person not found
2025-05-25 03:32:01 - DBConnector               - INFO - 0.004s - Person not found
2025-05-25 03:32:06 - DBConnector               - INFO - 0.032s - Event added with event_id: 48
2025-05-25 03:32:06 - DBConnector               - INFO - 0.004s - Person not found
2025-05-25 03:32:06 - DBConnector               - INFO - 0.027s - Person added with person_id: 35
2025-05-25 03:32:06 - DBConnector               - INFO - 0.004s - Opinion not found
2025-05-25 03:32:06 - DBConnector               - INFO - 0.027s - Opinion added with opinion_id: 48
2025-05-25 03:32:07 - DBConnector               - INFO - 0.004s - Opinion found with opinion_id: 48
2025-05-25 03:32:07 - DBConnector               - INFO - 0.003s - Article chunk with chunk_id=90 updated successfully
2025-05-25 03:32:28 - DBConnector               - INFO - 0.031s - Event added with event_id: 49
2025-05-25 03:32:28 - DBConnector               - INFO - 0.003s - Person not found
2025-05-25 03:32:28 - DBConnector               - INFO - 0.026s - Person added with person_id: 36
2025-05-25 03:32:28 - DBConnector               - INFO - 0.005s - Opinion not found
2025-05-25 03:32:28 - DBConnector               - INFO - 0.023s - Opinion added with opinion_id: 49
2025-05-25 03:32:28 - DBConnector               - INFO - 0.016s - Opinion found with opinion_id: 49
2025-05-25 03:32:28 - DBConnector               - INFO - 0.000s - Article chunk with chunk_id=89 updated successfully
2025-05-25 03:32:33 - DBConnector               - INFO - 0.031s - Event added with event_id: 50
2025-05-25 03:32:33 - DBConnector               - INFO - 0.002s - Person not found
2025-05-25 03:32:33 - DBConnector               - INFO - 0.028s - Person added with person_id: 37
2025-05-25 03:32:33 - DBConnector               - INFO - 0.005s - Opinion not found
2025-05-25 03:32:33 - DBConnector               - INFO - 0.029s - Opinion added with opinion_id: 50
2025-05-25 03:32:33 - DBConnector               - INFO - 0.005s - Opinion found with opinion_id: 50
2025-05-25 03:32:33 - DBConnector               - INFO - 0.004s - Article chunk with chunk_id=88 updated successfully
2025-05-25 03:34:02 - DBConnector               - INFO - 0.003s - Person not found
2025-05-25 03:34:12 - DBConnector               - INFO - 0.031s - Event added with event_id: 51
2025-05-25 03:34:12 - DBConnector               - INFO - 0.003s - Person not found
2025-05-25 03:34:12 - DBConnector               - INFO - 0.027s - Person added with person_id: 38
2025-05-25 03:34:12 - DBConnector               - INFO - 0.005s - Opinion not found
2025-05-25 03:34:12 - DBConnector               - INFO - 0.031s - Opinion added with opinion_id: 51
2025-05-25 03:34:12 - DBConnector               - INFO - 0.004s - Opinion found with opinion_id: 51
2025-05-25 03:34:12 - DBConnector               - INFO - 0.004s - Article chunk with chunk_id=87 updated successfully
2025-05-25 03:34:14 - DBConnector               - INFO - 0.003s - Person not found
2025-05-25 03:34:15 - DBConnector               - INFO - 0.003s - Person not found
2025-05-25 03:34:21 - DBConnector               - INFO - 0.030s - Event added with event_id: 52
2025-05-25 03:34:21 - DBConnector               - INFO - 0.004s - Opinion not found
2025-05-25 03:34:21 - DBConnector               - INFO - 0.028s - Opinion added with opinion_id: 52
2025-05-25 03:34:21 - DBConnector               - INFO - 0.004s - Opinion found with opinion_id: 52
2025-05-25 03:34:21 - DBConnector               - INFO - 0.003s - Article chunk with chunk_id=86 updated successfully
2025-05-25 03:34:42 - DBConnector               - INFO - 0.031s - Event added with event_id: 53
2025-05-25 03:34:42 - DBConnector               - INFO - 0.004s - Person not found
2025-05-25 03:34:42 - DBConnector               - INFO - 0.038s - Person added with person_id: 39
2025-05-25 03:34:42 - DBConnector               - INFO - 0.005s - Opinion not found
2025-05-25 03:34:42 - DBConnector               - INFO - 0.028s - Opinion added with opinion_id: 53
2025-05-25 03:34:42 - DBConnector               - INFO - 0.005s - Opinion found with opinion_id: 53
2025-05-25 03:34:42 - DBConnector               - INFO - 0.003s - Article chunk with chunk_id=85 updated successfully
2025-05-25 03:34:47 - DBConnector               - INFO - 0.031s - Event added with event_id: 54
2025-05-25 03:34:47 - DBConnector               - INFO - 0.003s - Person not found
2025-05-25 03:34:47 - DBConnector               - INFO - 0.027s - Person added with person_id: 40
2025-05-25 03:34:47 - DBConnector               - INFO - 0.004s - Opinion not found
2025-05-25 03:34:47 - DBConnector               - INFO - 0.027s - Opinion added with opinion_id: 54
2025-05-25 03:34:47 - DBConnector               - INFO - 0.005s - Opinion found with opinion_id: 54
2025-05-25 03:34:47 - DBConnector               - INFO - 0.003s - Article chunk with chunk_id=83 updated successfully
2025-05-25 03:36:24 - DBConnector               - INFO - 0.003s - Person not found
2025-05-25 03:36:28 - DBConnector               - INFO - 0.004s - Person not found
2025-05-25 03:36:35 - DBConnector               - INFO - 0.034s - Event added with event_id: 55
2025-05-25 03:36:35 - DBConnector               - INFO - 0.003s - Person not found
2025-05-25 03:36:35 - DBConnector               - INFO - 0.026s - Person added with person_id: 41
2025-05-25 03:36:35 - DBConnector               - INFO - 0.004s - Opinion not found
2025-05-25 03:36:35 - DBConnector               - INFO - 0.028s - Opinion added with opinion_id: 55
2025-05-25 03:36:35 - DBConnector               - INFO - 0.005s - Opinion found with opinion_id: 55
2025-05-25 03:36:35 - DBConnector               - INFO - 0.003s - Article chunk with chunk_id=84 updated successfully
2025-05-25 03:36:37 - DBConnector               - INFO - 0.004s - Person not found
2025-05-25 03:36:38 - DBConnector               - INFO - 0.004s - Person not found
2025-05-25 03:36:44 - DBConnector               - INFO - 0.027s - Event added with event_id: 56
2025-05-25 03:36:45 - DBConnector               - INFO - 0.002s - Person not found
2025-05-25 03:36:45 - DBConnector               - INFO - 0.025s - Person added with person_id: 42
2025-05-25 03:36:45 - DBConnector               - INFO - 0.004s - Opinion not found
2025-05-25 03:36:45 - DBConnector               - INFO - 0.029s - Opinion added with opinion_id: 56
2025-05-25 03:36:45 - DBConnector               - INFO - 0.004s - Opinion found with opinion_id: 56
2025-05-25 03:36:45 - DBConnector               - INFO - 0.004s - Article chunk with chunk_id=82 updated successfully
2025-05-25 03:37:06 - DBConnector               - INFO - 0.029s - Event added with event_id: 57
2025-05-25 03:37:06 - DBConnector               - INFO - 0.003s - Person not found
2025-05-25 03:37:06 - DBConnector               - INFO - 0.025s - Person added with person_id: 43
2025-05-25 03:37:07 - DBConnector               - INFO - 0.004s - Opinion not found
2025-05-25 03:37:07 - DBConnector               - INFO - 0.028s - Opinion added with opinion_id: 57
2025-05-25 03:37:07 - DBConnector               - INFO - 0.005s - Opinion found with opinion_id: 57
2025-05-25 03:37:07 - DBConnector               - INFO - 0.003s - Article chunk with chunk_id=81 updated successfully
2025-05-25 03:37:11 - DBConnector               - INFO - 0.030s - Event added with event_id: 58
2025-05-25 03:37:11 - DBConnector               - INFO - 0.003s - Person not found
2025-05-25 03:37:11 - DBConnector               - INFO - 0.025s - Person added with person_id: 44
2025-05-25 03:37:11 - DBConnector               - INFO - 0.005s - Opinion not found
2025-05-25 03:37:11 - DBConnector               - INFO - 0.025s - Opinion added with opinion_id: 58
2025-05-25 03:37:11 - DBConnector               - INFO - 0.004s - Opinion found with opinion_id: 58
2025-05-25 03:37:11 - DBConnector               - INFO - 0.003s - Article chunk with chunk_id=80 updated successfully
2025-05-25 03:38:38 - DBConnector               - INFO - 0.004s - Person not found
2025-05-25 03:38:43 - DBConnector               - INFO - 0.004s - Person not found
2025-05-25 03:38:49 - DBConnector               - INFO - 0.034s - Event added with event_id: 59
2025-05-25 03:38:49 - DBConnector               - INFO - 0.004s - Person not found
2025-05-25 03:38:49 - DBConnector               - INFO - 0.028s - Person added with person_id: 45
2025-05-25 03:38:49 - DBConnector               - INFO - 0.004s - Opinion not found
2025-05-25 03:38:49 - DBConnector               - INFO - 0.028s - Opinion added with opinion_id: 59
2025-05-25 03:38:49 - DBConnector               - INFO - 0.004s - Opinion found with opinion_id: 59
2025-05-25 03:38:49 - DBConnector               - INFO - 0.004s - Article chunk with chunk_id=79 updated successfully
2025-05-25 03:38:53 - DBConnector               - INFO - 0.003s - Person not found
2025-05-25 03:38:58 - DBConnector               - INFO - 0.028s - Event added with event_id: 60
2025-05-25 03:38:58 - DBConnector               - INFO - 0.003s - Person not found
2025-05-25 03:38:58 - DBConnector               - INFO - 0.024s - Person added with person_id: 46
2025-05-25 03:38:58 - DBConnector               - INFO - 0.004s - Opinion not found
2025-05-25 03:38:58 - DBConnector               - INFO - 0.028s - Opinion added with opinion_id: 60
2025-05-25 03:38:58 - DBConnector               - INFO - 0.004s - Opinion found with opinion_id: 60
2025-05-25 03:38:58 - DBConnector               - INFO - 0.003s - Article chunk with chunk_id=78 updated successfully
2025-05-25 03:39:18 - DBConnector               - INFO - 0.030s - Event added with event_id: 61
2025-05-25 03:39:18 - DBConnector               - INFO - 0.004s - Opinion not found
2025-05-25 03:39:18 - DBConnector               - INFO - 0.027s - Opinion added with opinion_id: 61
2025-05-25 03:39:18 - DBConnector               - INFO - 0.005s - Opinion found with opinion_id: 61
2025-05-25 03:39:18 - DBConnector               - INFO - 0.003s - Article chunk with chunk_id=75 updated successfully
2025-05-25 03:39:22 - DBConnector               - INFO - 0.033s - Event added with event_id: 62
2025-05-25 03:39:22 - DBConnector               - INFO - 0.003s - Person not found
2025-05-25 03:39:22 - DBConnector               - INFO - 0.029s - Person added with person_id: 47
2025-05-25 03:39:22 - DBConnector               - INFO - 0.004s - Opinion not found
2025-05-25 03:39:22 - DBConnector               - INFO - 0.031s - Opinion added with opinion_id: 62
2025-05-25 03:39:22 - DBConnector               - INFO - 0.004s - Opinion found with opinion_id: 62
2025-05-25 03:39:22 - DBConnector               - INFO - 0.003s - Article chunk with chunk_id=77 updated successfully
2025-05-25 03:40:51 - DBConnector               - INFO - 0.003s - Person not found
2025-05-25 03:41:11 - DBConnector               - INFO - 0.028s - Event added with event_id: 63
2025-05-25 03:41:11 - DBConnector               - INFO - 0.000s - Person not found
2025-05-25 03:41:11 - DBConnector               - INFO - 0.033s - Person added with person_id: 48
2025-05-25 03:41:11 - DBConnector               - INFO - 0.004s - Opinion not found
2025-05-25 03:41:11 - DBConnector               - INFO - 0.041s - Opinion added with opinion_id: 63
2025-05-25 03:41:11 - DBConnector               - INFO - 0.003s - Opinion found with opinion_id: 63
2025-05-25 03:41:11 - DBConnector               - INFO - 0.002s - Article chunk with chunk_id=76 updated successfully
2025-05-25 03:41:15 - DBConnector               - INFO - 0.005s - Person not found
2025-05-25 03:41:39 - DBConnector               - INFO - 0.030s - Event added with event_id: 64
2025-05-25 03:41:39 - DBConnector               - INFO - 0.004s - Opinion not found
2025-05-25 03:41:39 - DBConnector               - INFO - 0.027s - Opinion added with opinion_id: 64
2025-05-25 03:41:39 - DBConnector               - INFO - 0.004s - Opinion found with opinion_id: 64
2025-05-25 03:41:39 - DBConnector               - INFO - 0.003s - Article chunk with chunk_id=73 updated successfully
2025-05-25 03:41:44 - DBConnector               - INFO - 0.032s - Event added with event_id: 65
2025-05-25 03:41:44 - DBConnector               - INFO - 0.004s - Person not found
2025-05-25 03:41:44 - DBConnector               - INFO - 0.026s - Person added with person_id: 49
2025-05-25 03:41:44 - DBConnector               - INFO - 0.004s - Opinion not found
2025-05-25 03:41:44 - DBConnector               - INFO - 0.030s - Opinion added with opinion_id: 65
2025-05-25 03:41:44 - DBConnector               - INFO - 0.003s - Opinion found with opinion_id: 65
2025-05-25 03:41:44 - DBConnector               - INFO - 0.003s - Article chunk with chunk_id=72 updated successfully
2025-05-25 03:41:46 - DBConnector               - INFO - 0.003s - Person not found
2025-05-25 03:42:34 - DBConnector               - INFO - 0.032s - Event added with event_id: 66
2025-05-25 03:42:34 - DBConnector               - INFO - 0.003s - Person not found
2025-05-25 03:42:34 - DBConnector               - INFO - 0.026s - Person added with person_id: 50
2025-05-25 03:42:34 - DBConnector               - INFO - 0.004s - Opinion not found
2025-05-25 03:42:34 - DBConnector               - INFO - 0.031s - Opinion added with opinion_id: 66
2025-05-25 03:42:34 - DBConnector               - INFO - 0.003s - Opinion found with opinion_id: 66
2025-05-25 03:42:34 - DBConnector               - INFO - 0.003s - Article chunk with chunk_id=71 updated successfully
2025-05-25 03:43:12 - DBConnector               - INFO - 0.003s - Person not found
2025-05-25 03:43:30 - DBConnector               - INFO - 0.031s - Event added with event_id: 67
2025-05-25 03:43:30 - DBConnector               - INFO - 0.004s - Person not found
2025-05-25 03:43:30 - DBConnector               - INFO - 0.027s - Person added with person_id: 51
2025-05-25 03:43:30 - DBConnector               - INFO - 0.004s - Opinion not found
2025-05-25 03:43:30 - DBConnector               - INFO - 0.028s - Opinion added with opinion_id: 67
2025-05-25 03:43:30 - DBConnector               - INFO - 0.004s - Opinion found with opinion_id: 67
2025-05-25 03:43:30 - DBConnector               - INFO - 0.003s - Article chunk with chunk_id=70 updated successfully
2025-05-25 03:43:32 - DBConnector               - INFO - 0.004s - Person not found
2025-05-25 03:43:34 - DBConnector               - INFO - 0.004s - Person not found
2025-05-25 03:43:58 - DBConnector               - INFO - 0.034s - Event added with event_id: 68
2025-05-25 03:43:58 - DBConnector               - INFO - 0.003s - Person not found
2025-05-25 03:43:58 - DBConnector               - INFO - 0.028s - Person added with person_id: 52
2025-05-25 03:43:58 - DBConnector               - INFO - 0.004s - Opinion not found
2025-05-25 03:43:59 - DBConnector               - INFO - 0.028s - Opinion added with opinion_id: 68
2025-05-25 03:43:59 - DBConnector               - INFO - 0.005s - Opinion found with opinion_id: 68
2025-05-25 03:43:59 - DBConnector               - INFO - 0.002s - Article chunk with chunk_id=69 updated successfully
2025-05-25 03:44:03 - DBConnector               - INFO - 0.031s - Event added with event_id: 69
2025-05-25 03:44:03 - DBConnector               - INFO - 0.004s - Person not found
2025-05-25 03:44:03 - DBConnector               - INFO - 0.029s - Person added with person_id: 53
2025-05-25 03:44:03 - DBConnector               - INFO - 0.005s - Opinion not found
2025-05-25 03:44:03 - DBConnector               - INFO - 0.030s - Opinion added with opinion_id: 69
2025-05-25 03:44:03 - DBConnector               - INFO - 0.004s - Opinion found with opinion_id: 69
2025-05-25 03:44:03 - DBConnector               - INFO - 0.004s - Article chunk with chunk_id=67 updated successfully
2025-05-25 03:44:05 - DBConnector               - INFO - 0.003s - Person not found
2025-05-25 03:44:46 - DBConnector               - INFO - 0.030s - Event added with event_id: 70
2025-05-25 03:44:46 - DBConnector               - INFO - 0.003s - Person not found
2025-05-25 03:44:46 - DBConnector               - INFO - 0.026s - Person added with person_id: 54
2025-05-25 03:44:46 - DBConnector               - INFO - 0.004s - Opinion not found
2025-05-25 03:44:46 - DBConnector               - INFO - 0.028s - Opinion added with opinion_id: 70
2025-05-25 03:44:46 - DBConnector               - INFO - 0.004s - Opinion found with opinion_id: 70
2025-05-25 03:44:46 - DBConnector               - INFO - 0.004s - Article chunk with chunk_id=68 updated successfully
2025-05-25 03:45:47 - DBConnector               - INFO - 0.038s - Event added with event_id: 71
2025-05-25 03:45:47 - DBConnector               - INFO - 0.005s - Opinion not found
2025-05-25 03:45:47 - DBConnector               - INFO - 0.027s - Opinion added with opinion_id: 71
2025-05-25 03:45:47 - DBConnector               - INFO - 0.004s - Opinion found with opinion_id: 71
2025-05-25 03:45:47 - DBConnector               - INFO - 0.003s - Article chunk with chunk_id=66 updated successfully
2025-05-25 03:45:49 - DBConnector               - INFO - 0.003s - Person not found
2025-05-25 03:46:13 - DBConnector               - INFO - 0.032s - Event added with event_id: 72
2025-05-25 03:46:13 - DBConnector               - INFO - 0.003s - Person not found
2025-05-25 03:46:13 - DBConnector               - INFO - 0.026s - Person added with person_id: 55
2025-05-25 03:46:13 - DBConnector               - INFO - 0.004s - Opinion not found
2025-05-25 03:46:13 - DBConnector               - INFO - 0.027s - Opinion added with opinion_id: 72
2025-05-25 03:46:13 - DBConnector               - INFO - 0.004s - Opinion found with opinion_id: 72
2025-05-25 03:46:13 - DBConnector               - INFO - 0.004s - Article chunk with chunk_id=65 updated successfully
2025-05-25 03:46:18 - DBConnector               - INFO - 0.029s - Event added with event_id: 73
2025-05-25 03:46:18 - DBConnector               - INFO - 0.005s - Opinion not found
2025-05-25 03:46:18 - DBConnector               - INFO - 0.030s - Opinion added with opinion_id: 73
2025-05-25 03:46:18 - DBConnector               - INFO - 0.004s - Opinion found with opinion_id: 73
2025-05-25 03:46:18 - DBConnector               - INFO - 0.004s - Article chunk with chunk_id=64 updated successfully
2025-05-25 03:46:20 - DBConnector               - INFO - 0.004s - Person not found
2025-05-25 03:47:04 - DBConnector               - INFO - 0.029s - Event added with event_id: 74
2025-05-25 03:47:04 - DBConnector               - INFO - 0.003s - Person not found
2025-05-25 03:47:04 - DBConnector               - INFO - 0.025s - Person added with person_id: 56
2025-05-25 03:47:04 - DBConnector               - INFO - 0.004s - Opinion not found
2025-05-25 03:47:04 - DBConnector               - INFO - 0.029s - Opinion added with opinion_id: 74
2025-05-25 03:47:04 - DBConnector               - INFO - 0.004s - Opinion found with opinion_id: 74
2025-05-25 03:47:04 - DBConnector               - INFO - 0.004s - Article chunk with chunk_id=63 updated successfully
2025-05-25 03:47:42 - DBConnector               - INFO - 0.004s - Person not found
2025-05-25 03:48:00 - DBConnector               - INFO - 0.030s - Event added with event_id: 75
2025-05-25 03:48:00 - DBConnector               - INFO - 0.003s - Person not found
2025-05-25 03:48:00 - DBConnector               - INFO - 0.027s - Person added with person_id: 57
2025-05-25 03:48:00 - DBConnector               - INFO - 0.004s - Opinion not found
2025-05-25 03:48:00 - DBConnector               - INFO - 0.028s - Opinion added with opinion_id: 75
2025-05-25 03:48:00 - DBConnector               - INFO - 0.005s - Opinion found with opinion_id: 75
2025-05-25 03:48:01 - DBConnector               - INFO - 0.003s - Article chunk with chunk_id=62 updated successfully
2025-05-25 03:48:27 - DBConnector               - INFO - 0.031s - Event added with event_id: 76
2025-05-25 03:48:27 - DBConnector               - INFO - 0.005s - Opinion not found
2025-05-25 03:48:27 - DBConnector               - INFO - 0.028s - Opinion added with opinion_id: 76
2025-05-25 03:48:27 - DBConnector               - INFO - 0.004s - Opinion found with opinion_id: 76
2025-05-25 03:48:27 - DBConnector               - INFO - 0.004s - Article chunk with chunk_id=60 updated successfully
2025-05-25 03:48:32 - DBConnector               - INFO - 0.031s - Event added with event_id: 77
2025-05-25 03:48:32 - DBConnector               - INFO - 0.006s - Opinion not found
2025-05-25 03:48:32 - DBConnector               - INFO - 0.029s - Opinion added with opinion_id: 77
2025-05-25 03:48:32 - DBConnector               - INFO - 0.005s - Opinion found with opinion_id: 77
2025-05-25 03:48:32 - DBConnector               - INFO - 0.004s - Article chunk with chunk_id=61 updated successfully
2025-05-25 03:48:34 - DBConnector               - INFO - 0.004s - Person not found
2025-05-25 03:49:16 - DBConnector               - INFO - 0.030s - Event added with event_id: 78
2025-05-25 03:49:16 - DBConnector               - INFO - 0.003s - Person not found
2025-05-25 03:49:16 - DBConnector               - INFO - 0.026s - Person added with person_id: 58
2025-05-25 03:49:16 - DBConnector               - INFO - 0.004s - Opinion not found
2025-05-25 03:49:16 - DBConnector               - INFO - 0.027s - Opinion added with opinion_id: 78
2025-05-25 03:49:16 - DBConnector               - INFO - 0.004s - Opinion found with opinion_id: 78
2025-05-25 03:49:16 - DBConnector               - INFO - 0.003s - Article chunk with chunk_id=59 updated successfully
2025-05-25 03:49:44 - DBConnector               - INFO - 0.003s - Person not found
2025-05-25 03:50:02 - DBConnector               - INFO - 0.033s - Event added with event_id: 79
2025-05-25 03:50:02 - DBConnector               - INFO - 0.003s - Person not found
2025-05-25 03:50:02 - DBConnector               - INFO - 0.027s - Person added with person_id: 59
2025-05-25 03:50:02 - DBConnector               - INFO - 0.005s - Opinion not found
2025-05-25 03:50:02 - DBConnector               - INFO - 0.028s - Opinion added with opinion_id: 79
2025-05-25 03:50:02 - DBConnector               - INFO - 0.004s - Opinion found with opinion_id: 79
2025-05-25 03:50:02 - DBConnector               - INFO - 0.004s - Article chunk with chunk_id=54 updated successfully
2025-05-25 03:50:06 - DBConnector               - INFO - 0.003s - Person not found
2025-05-25 03:50:31 - DBConnector               - INFO - 0.016s - Person not found
2025-05-25 03:50:37 - DBConnector               - INFO - 0.030s - Event added with event_id: 80
2025-05-25 03:50:37 - DBConnector               - INFO - 0.003s - Person not found
2025-05-25 03:50:37 - DBConnector               - INFO - 0.027s - Person added with person_id: 60
2025-05-25 03:50:37 - DBConnector               - INFO - 0.005s - Opinion not found
2025-05-25 03:50:37 - DBConnector               - INFO - 0.028s - Opinion added with opinion_id: 80
2025-05-25 03:50:37 - DBConnector               - INFO - 0.005s - Opinion found with opinion_id: 80
2025-05-25 03:50:37 - DBConnector               - INFO - 0.003s - Article chunk with chunk_id=56 updated successfully
2025-05-25 03:50:56 - DBConnector               - INFO - 0.029s - Event added with event_id: 81
2025-05-25 03:50:56 - DBConnector               - INFO - 0.004s - Person not found
2025-05-25 03:50:56 - DBConnector               - INFO - 0.026s - Person added with person_id: 61
2025-05-25 03:50:56 - DBConnector               - INFO - 0.004s - Opinion not found
2025-05-25 03:50:56 - DBConnector               - INFO - 0.028s - Opinion added with opinion_id: 81
2025-05-25 03:50:56 - DBConnector               - INFO - 0.004s - Opinion found with opinion_id: 81
2025-05-25 03:50:56 - DBConnector               - INFO - 0.004s - Article chunk with chunk_id=55 updated successfully
2025-05-25 03:51:13 - DBConnector               - INFO - 0.004s - Person not found
2025-05-25 03:51:42 - DBConnector               - INFO - 0.031s - Event added with event_id: 82
2025-05-25 03:51:42 - DBConnector               - INFO - 0.003s - Person not found
2025-05-25 03:51:42 - DBConnector               - INFO - 0.025s - Person added with person_id: 62
2025-05-25 03:51:42 - DBConnector               - INFO - 0.004s - Opinion not found
2025-05-25 03:51:42 - DBConnector               - INFO - 0.028s - Opinion added with opinion_id: 82
2025-05-25 03:51:42 - DBConnector               - INFO - 0.004s - Opinion found with opinion_id: 82
2025-05-25 03:51:42 - DBConnector               - INFO - 0.003s - Article chunk with chunk_id=57 updated successfully
2025-05-25 03:51:44 - DBConnector               - INFO - 0.003s - Person not found
2025-05-25 03:52:14 - DBConnector               - INFO - 0.032s - Event added with event_id: 83
2025-05-25 03:52:14 - DBConnector               - INFO - 0.004s - Person not found
2025-05-25 03:52:14 - DBConnector               - INFO - 0.027s - Person added with person_id: 63
2025-05-25 03:52:14 - DBConnector               - INFO - 0.004s - Opinion not found
2025-05-25 03:52:14 - DBConnector               - INFO - 0.028s - Opinion added with opinion_id: 83
2025-05-25 03:52:14 - DBConnector               - INFO - 0.005s - Opinion found with opinion_id: 83
2025-05-25 03:52:14 - DBConnector               - INFO - 0.003s - Article chunk with chunk_id=58 updated successfully
2025-05-25 03:52:17 - DBConnector               - INFO - 0.004s - Person not found
2025-05-25 03:52:48 - DBConnector               - INFO - 0.029s - Event added with event_id: 84
2025-05-25 03:52:48 - DBConnector               - INFO - 0.004s - Person not found
2025-05-25 03:52:48 - DBConnector               - INFO - 0.027s - Person added with person_id: 64
2025-05-25 03:52:48 - DBConnector               - INFO - 0.004s - Opinion not found
2025-05-25 03:52:48 - DBConnector               - INFO - 0.028s - Opinion added with opinion_id: 84
2025-05-25 03:52:48 - DBConnector               - INFO - 0.005s - Opinion found with opinion_id: 84
2025-05-25 03:52:48 - DBConnector               - INFO - 0.003s - Article chunk with chunk_id=51 updated successfully
2025-05-25 03:53:04 - DBConnector               - INFO - 0.032s - Event added with event_id: 85
2025-05-25 03:53:04 - DBConnector               - INFO - 0.004s - Opinion not found
2025-05-25 03:53:04 - DBConnector               - INFO - 0.028s - Opinion added with opinion_id: 85
2025-05-25 03:53:04 - DBConnector               - INFO - 0.006s - Opinion found with opinion_id: 85
2025-05-25 03:53:04 - DBConnector               - INFO - 0.004s - Article chunk with chunk_id=52 updated successfully
2025-05-25 03:53:24 - DBConnector               - INFO - 0.004s - Person not found
2025-05-25 03:53:58 - DBConnector               - INFO - 0.036s - Event added with event_id: 86
2025-05-25 03:53:58 - DBConnector               - INFO - 0.003s - Person not found
2025-05-25 03:53:58 - DBConnector               - INFO - 0.027s - Person added with person_id: 65
2025-05-25 03:53:58 - DBConnector               - INFO - 0.006s - Opinion not found
2025-05-25 03:53:58 - DBConnector               - INFO - 0.032s - Opinion added with opinion_id: 86
2025-05-25 03:53:58 - DBConnector               - INFO - 0.004s - Opinion found with opinion_id: 86
2025-05-25 03:53:58 - DBConnector               - INFO - 0.004s - Article chunk with chunk_id=53 updated successfully
2025-05-25 03:54:00 - DBConnector               - INFO - 0.003s - Person not found
2025-05-25 03:54:35 - DBConnector               - INFO - 0.031s - Event added with event_id: 87
2025-05-25 03:54:35 - DBConnector               - INFO - 0.004s - Person not found
2025-05-25 03:54:35 - DBConnector               - INFO - 0.026s - Person added with person_id: 66
2025-05-25 03:54:35 - DBConnector               - INFO - 0.005s - Opinion not found
2025-05-25 03:54:35 - DBConnector               - INFO - 0.028s - Opinion added with opinion_id: 87
2025-05-25 03:54:35 - DBConnector               - INFO - 0.005s - Opinion found with opinion_id: 87
2025-05-25 03:54:35 - DBConnector               - INFO - 0.004s - Article chunk with chunk_id=50 updated successfully
2025-05-25 03:54:39 - DBConnector               - INFO - 0.004s - Person not found
2025-05-25 03:55:10 - DBConnector               - INFO - 0.035s - Event added with event_id: 88
2025-05-25 03:55:10 - DBConnector               - INFO - 0.003s - Person not found
2025-05-25 03:55:10 - DBConnector               - INFO - 0.027s - Person added with person_id: 67
2025-05-25 03:55:10 - DBConnector               - INFO - 0.004s - Opinion not found
2025-05-25 03:55:10 - DBConnector               - INFO - 0.035s - Opinion added with opinion_id: 88
2025-05-25 03:55:10 - DBConnector               - INFO - 0.004s - Opinion found with opinion_id: 88
2025-05-25 03:55:10 - DBConnector               - INFO - 0.004s - Article chunk with chunk_id=49 updated successfully
2025-05-25 03:55:27 - DBConnector               - INFO - 0.109s - Event added with event_id: 89
2025-05-25 03:55:27 - DBConnector               - INFO - 0.004s - Opinion not found
2025-05-25 03:55:27 - DBConnector               - INFO - 0.030s - Opinion added with opinion_id: 89
2025-05-25 03:55:27 - DBConnector               - INFO - 0.004s - Opinion found with opinion_id: 89
2025-05-25 03:55:27 - DBConnector               - INFO - 0.004s - Article chunk with chunk_id=46 updated successfully
2025-05-25 03:55:45 - DBConnector               - INFO - 0.004s - Person not found
2025-05-25 03:56:21 - DBConnector               - INFO - 0.032s - Event added with event_id: 90
2025-05-25 03:56:21 - DBConnector               - INFO - 0.003s - Person not found
2025-05-25 03:56:21 - DBConnector               - INFO - 0.026s - Person added with person_id: 68
2025-05-25 03:56:21 - DBConnector               - INFO - 0.004s - Opinion not found
2025-05-25 03:56:21 - DBConnector               - INFO - 0.027s - Opinion added with opinion_id: 90
2025-05-25 03:56:21 - DBConnector               - INFO - 0.004s - Opinion found with opinion_id: 90
2025-05-25 03:56:21 - DBConnector               - INFO - 0.003s - Article chunk with chunk_id=45 updated successfully
2025-05-25 03:56:23 - DBConnector               - INFO - 0.004s - Person not found
2025-05-25 03:56:57 - DBConnector               - INFO - 0.030s - Event added with event_id: 91
2025-05-25 03:56:57 - DBConnector               - INFO - 0.003s - Person not found
2025-05-25 03:56:57 - DBConnector               - INFO - 0.025s - Person added with person_id: 69
2025-05-25 03:56:57 - DBConnector               - INFO - 0.004s - Opinion not found
2025-05-25 03:56:57 - DBConnector               - INFO - 0.028s - Opinion added with opinion_id: 91
2025-05-25 03:56:57 - DBConnector               - INFO - 0.004s - Opinion found with opinion_id: 91
2025-05-25 03:56:57 - DBConnector               - INFO - 0.004s - Article chunk with chunk_id=44 updated successfully
2025-05-25 03:57:01 - DBConnector               - INFO - 0.003s - Person not found
2025-05-25 03:57:30 - DBConnector               - INFO - 0.004s - Person not found
2025-05-25 03:57:36 - DBConnector               - INFO - 0.017s - Event added with event_id: 92
2025-05-25 03:57:36 - DBConnector               - INFO - 0.000s - Person not found
2025-05-25 03:57:36 - DBConnector               - INFO - 0.016s - Person added with person_id: 70
2025-05-25 03:57:36 - DBConnector               - INFO - 0.004s - Opinion not found
2025-05-25 03:57:36 - DBConnector               - INFO - 0.028s - Opinion added with opinion_id: 92
2025-05-25 03:57:36 - DBConnector               - INFO - 0.004s - Opinion found with opinion_id: 92
2025-05-25 03:57:36 - DBConnector               - INFO - 0.004s - Article chunk with chunk_id=43 updated successfully
2025-05-25 03:57:56 - DBConnector               - INFO - 0.031s - Event added with event_id: 93
2025-05-25 03:57:56 - DBConnector               - INFO - 0.002s - Person not found
2025-05-25 03:57:56 - DBConnector               - INFO - 0.041s - Person added with person_id: 71
2025-05-25 03:57:56 - DBConnector               - INFO - 0.004s - Opinion not found
2025-05-25 03:57:56 - DBConnector               - INFO - 0.027s - Opinion added with opinion_id: 93
2025-05-25 03:57:56 - DBConnector               - INFO - 0.005s - Opinion found with opinion_id: 93
2025-05-25 03:57:56 - DBConnector               - INFO - 0.004s - Article chunk with chunk_id=42 updated successfully
2025-05-25 03:58:47 - DBConnector               - INFO - 0.031s - Event added with event_id: 94
2025-05-25 03:58:47 - DBConnector               - INFO - 0.005s - Opinion not found
2025-05-25 03:58:47 - DBConnector               - INFO - 0.028s - Opinion added with opinion_id: 94
2025-05-25 03:58:47 - DBConnector               - INFO - 0.004s - Opinion found with opinion_id: 94
2025-05-25 03:58:47 - DBConnector               - INFO - 0.004s - Article chunk with chunk_id=41 updated successfully
2025-05-25 03:58:49 - DBConnector               - INFO - 0.004s - Person not found
2025-05-25 03:59:12 - DBConnector               - INFO - 0.037s - Event added with event_id: 95
2025-05-25 03:59:12 - DBConnector               - INFO - 0.003s - Person not found
2025-05-25 03:59:12 - DBConnector               - INFO - 0.028s - Person added with person_id: 72
2025-05-25 03:59:12 - DBConnector               - INFO - 0.005s - Opinion not found
2025-05-25 03:59:12 - DBConnector               - INFO - 0.029s - Opinion added with opinion_id: 95
2025-05-25 03:59:12 - DBConnector               - INFO - 0.004s - Opinion found with opinion_id: 95
2025-05-25 03:59:12 - DBConnector               - INFO - 0.003s - Article chunk with chunk_id=40 updated successfully
2025-05-25 03:59:25 - DBConnector               - INFO - 0.003s - Person not found
2025-05-25 04:00:00 - DBConnector               - INFO - 0.031s - Event added with event_id: 96
2025-05-25 04:00:00 - DBConnector               - INFO - 0.003s - Person not found
2025-05-25 04:00:00 - DBConnector               - INFO - 0.027s - Person added with person_id: 73
2025-05-25 04:00:00 - DBConnector               - INFO - 0.004s - Opinion not found
2025-05-25 04:00:00 - DBConnector               - INFO - 0.029s - Opinion added with opinion_id: 96
2025-05-25 04:00:00 - DBConnector               - INFO - 0.005s - Opinion found with opinion_id: 96
2025-05-25 04:00:00 - DBConnector               - INFO - 0.004s - Article chunk with chunk_id=47 updated successfully
2025-05-25 04:00:17 - DBConnector               - INFO - 0.004s - Person not found
2025-05-25 04:00:33 - DBConnector               - INFO - 0.003s - Person not found
2025-05-25 04:00:41 - DBConnector               - INFO - 0.029s - Event added with event_id: 97
2025-05-25 04:00:41 - DBConnector               - INFO - 0.003s - Person not found
2025-05-25 04:00:41 - DBConnector               - INFO - 0.025s - Person added with person_id: 74
2025-05-25 04:00:41 - DBConnector               - INFO - 0.005s - Opinion not found
2025-05-25 04:00:41 - DBConnector               - INFO - 0.031s - Opinion added with opinion_id: 97
2025-05-25 04:00:41 - DBConnector               - INFO - 0.004s - Opinion found with opinion_id: 97
2025-05-25 04:00:41 - DBConnector               - INFO - 0.004s - Article chunk with chunk_id=48 updated successfully
2025-05-25 04:00:58 - DBConnector               - INFO - 0.031s - Event added with event_id: 98
2025-05-25 04:00:58 - DBConnector               - INFO - 0.003s - Person not found
2025-05-25 04:00:58 - DBConnector               - INFO - 0.025s - Person added with person_id: 75
2025-05-25 04:00:58 - DBConnector               - INFO - 0.004s - Opinion not found
2025-05-25 04:00:58 - DBConnector               - INFO - 0.027s - Opinion added with opinion_id: 98
2025-05-25 04:00:58 - DBConnector               - INFO - 0.004s - Opinion found with opinion_id: 98
2025-05-25 04:00:58 - DBConnector               - INFO - 0.004s - Article chunk with chunk_id=39 updated successfully
2025-05-25 04:01:01 - DBConnector               - INFO - 0.003s - Person not found
2025-05-25 04:01:38 - DBConnector               - INFO - 0.031s - Event added with event_id: 99
2025-05-25 04:01:38 - DBConnector               - INFO - 0.003s - Person not found
2025-05-25 04:01:38 - DBConnector               - INFO - 0.027s - Person added with person_id: 76
2025-05-25 04:01:38 - DBConnector               - INFO - 0.005s - Opinion not found
2025-05-25 04:01:38 - DBConnector               - INFO - 0.031s - Opinion added with opinion_id: 99
2025-05-25 04:01:38 - DBConnector               - INFO - 0.004s - Opinion found with opinion_id: 99
2025-05-25 04:01:38 - DBConnector               - INFO - 0.004s - Article chunk with chunk_id=38 updated successfully
2025-05-25 04:01:52 - DBConnector               - INFO - 0.000s - Person not found
2025-05-25 04:02:27 - DBConnector               - INFO - 0.032s - Event added with event_id: 100
2025-05-25 04:02:27 - DBConnector               - INFO - 0.003s - Person not found
2025-05-25 04:02:27 - DBConnector               - INFO - 0.025s - Person added with person_id: 77
2025-05-25 04:02:27 - DBConnector               - INFO - 0.004s - Opinion not found
2025-05-25 04:02:27 - DBConnector               - INFO - 0.028s - Opinion added with opinion_id: 100
2025-05-25 04:02:27 - DBConnector               - INFO - 0.004s - Opinion found with opinion_id: 100
2025-05-25 04:02:27 - DBConnector               - INFO - 0.004s - Article chunk with chunk_id=37 updated successfully
2025-05-25 04:02:43 - DBConnector               - INFO - 0.003s - Person not found
2025-05-25 04:03:00 - DBConnector               - INFO - 0.004s - Person not found
2025-05-25 04:03:07 - DBConnector               - INFO - 0.030s - Event added with event_id: 101
2025-05-25 04:03:07 - DBConnector               - INFO - 0.002s - Person not found
2025-05-25 04:03:07 - DBConnector               - INFO - 0.024s - Person added with person_id: 78
2025-05-25 04:03:07 - DBConnector               - INFO - 0.003s - Opinion not found
2025-05-25 04:03:07 - DBConnector               - INFO - 0.027s - Opinion added with opinion_id: 101
2025-05-25 04:03:07 - DBConnector               - INFO - 0.004s - Opinion found with opinion_id: 101
2025-05-25 04:03:08 - DBConnector               - INFO - 0.003s - Article chunk with chunk_id=36 updated successfully
2025-05-25 04:03:24 - DBConnector               - INFO - 0.027s - Event added with event_id: 102
2025-05-25 04:03:24 - DBConnector               - INFO - 0.003s - Person not found
2025-05-25 04:03:24 - DBConnector               - INFO - 0.025s - Person added with person_id: 79
2025-05-25 04:03:25 - DBConnector               - INFO - 0.005s - Opinion not found
2025-05-25 04:03:25 - DBConnector               - INFO - 0.028s - Opinion added with opinion_id: 102
2025-05-25 04:03:25 - DBConnector               - INFO - 0.004s - Opinion found with opinion_id: 102
2025-05-25 04:03:25 - DBConnector               - INFO - 0.004s - Article chunk with chunk_id=35 updated successfully
2025-05-25 04:03:27 - DBConnector               - INFO - 0.003s - Person not found
2025-05-25 04:04:05 - DBConnector               - INFO - 0.034s - Event added with event_id: 103
2025-05-25 04:04:05 - DBConnector               - INFO - 0.003s - Person not found
2025-05-25 04:04:05 - DBConnector               - INFO - 0.031s - Person added with person_id: 80
2025-05-25 04:04:05 - DBConnector               - INFO - 0.005s - Opinion not found
2025-05-25 04:04:05 - DBConnector               - INFO - 0.034s - Opinion added with opinion_id: 103
2025-05-25 04:04:05 - DBConnector               - INFO - 0.005s - Opinion found with opinion_id: 103
2025-05-25 04:04:05 - DBConnector               - INFO - 0.003s - Article chunk with chunk_id=34 updated successfully
2025-05-25 04:04:18 - DBConnector               - INFO - 0.004s - Person not found
2025-05-25 04:04:53 - DBConnector               - INFO - 0.032s - Event added with event_id: 104
2025-05-25 04:04:53 - DBConnector               - INFO - 0.003s - Person not found
2025-05-25 04:04:53 - DBConnector               - INFO - 0.031s - Person added with person_id: 81
2025-05-25 04:04:53 - DBConnector               - INFO - 0.004s - Opinion not found
2025-05-25 04:04:53 - DBConnector               - INFO - 0.029s - Opinion added with opinion_id: 104
2025-05-25 04:04:53 - DBConnector               - INFO - 0.004s - Opinion found with opinion_id: 104
2025-05-25 04:04:53 - DBConnector               - INFO - 0.004s - Article chunk with chunk_id=29 updated successfully
2025-05-25 04:05:09 - DBConnector               - INFO - 0.005s - Person not found
2025-05-25 04:05:25 - DBConnector               - INFO - 0.003s - Person not found
2025-05-25 04:05:33 - DBConnector               - INFO - 0.031s - Event added with event_id: 105
2025-05-25 04:05:33 - DBConnector               - INFO - 0.003s - Person not found
2025-05-25 04:05:33 - DBConnector               - INFO - 0.026s - Person added with person_id: 82
2025-05-25 04:05:33 - DBConnector               - INFO - 0.004s - Opinion not found
2025-05-25 04:05:33 - DBConnector               - INFO - 0.027s - Opinion added with opinion_id: 105
2025-05-25 04:05:33 - DBConnector               - INFO - 0.004s - Opinion found with opinion_id: 105
2025-05-25 04:05:33 - DBConnector               - INFO - 0.004s - Article chunk with chunk_id=28 updated successfully
2025-05-25 04:05:47 - DBConnector               - INFO - 0.034s - Event added with event_id: 106
2025-05-25 04:05:47 - DBConnector               - INFO - 0.004s - Person not found
2025-05-25 04:05:47 - DBConnector               - INFO - 0.026s - Person added with person_id: 83
2025-05-25 04:05:47 - DBConnector               - INFO - 0.004s - Opinion not found
2025-05-25 04:05:47 - DBConnector               - INFO - 0.032s - Opinion added with opinion_id: 106
2025-05-25 04:05:47 - DBConnector               - INFO - 0.003s - Opinion found with opinion_id: 106
2025-05-25 04:05:47 - DBConnector               - INFO - 0.004s - Article chunk with chunk_id=27 updated successfully
2025-05-25 04:05:49 - DBConnector               - INFO - 0.003s - Person not found
2025-05-25 04:06:29 - DBConnector               - INFO - 0.031s - Event added with event_id: 107
2025-05-25 04:06:29 - DBConnector               - INFO - 0.004s - Person not found
2025-05-25 04:06:29 - DBConnector               - INFO - 0.027s - Person added with person_id: 84
2025-05-25 04:06:29 - DBConnector               - INFO - 0.004s - Opinion not found
2025-05-25 04:06:29 - DBConnector               - INFO - 0.028s - Opinion added with opinion_id: 107
2025-05-25 04:06:29 - DBConnector               - INFO - 0.005s - Opinion found with opinion_id: 107
2025-05-25 04:06:29 - DBConnector               - INFO - 0.004s - Article chunk with chunk_id=26 updated successfully
2025-05-25 04:06:42 - DBConnector               - INFO - 0.003s - Person not found
2025-05-25 04:07:18 - DBConnector               - INFO - 0.036s - Event added with event_id: 108
2025-05-25 04:07:18 - DBConnector               - INFO - 0.003s - Person not found
2025-05-25 04:07:18 - DBConnector               - INFO - 0.027s - Person added with person_id: 85
2025-05-25 04:07:18 - DBConnector               - INFO - 0.005s - Opinion not found
2025-05-25 04:07:18 - DBConnector               - INFO - 0.035s - Opinion added with opinion_id: 108
2025-05-25 04:07:18 - DBConnector               - INFO - 0.006s - Opinion found with opinion_id: 108
2025-05-25 04:07:18 - DBConnector               - INFO - 0.003s - Article chunk with chunk_id=25 updated successfully
2025-05-25 04:07:33 - DBConnector               - INFO - 0.003s - Person not found
2025-05-25 04:07:50 - DBConnector               - INFO - 0.003s - Person not found
2025-05-25 04:07:57 - DBConnector               - INFO - 0.029s - Event added with event_id: 109
2025-05-25 04:07:57 - DBConnector               - INFO - 0.003s - Person not found
2025-05-25 04:07:57 - DBConnector               - INFO - 0.026s - Person added with person_id: 86
2025-05-25 04:07:57 - DBConnector               - INFO - 0.004s - Opinion not found
2025-05-25 04:07:57 - DBConnector               - INFO - 0.029s - Opinion added with opinion_id: 109
2025-05-25 04:07:57 - DBConnector               - INFO - 0.004s - Opinion found with opinion_id: 109
2025-05-25 04:07:57 - DBConnector               - INFO - 0.003s - Article chunk with chunk_id=24 updated successfully
2025-05-25 04:08:14 - DBConnector               - INFO - 0.062s - Event added with event_id: 110
2025-05-25 04:08:14 - DBConnector               - INFO - 0.004s - Person not found
2025-05-25 04:08:14 - DBConnector               - INFO - 0.028s - Person added with person_id: 87
2025-05-25 04:08:14 - DBConnector               - INFO - 0.004s - Opinion not found
2025-05-25 04:08:14 - DBConnector               - INFO - 0.028s - Opinion added with opinion_id: 110
2025-05-25 04:08:14 - DBConnector               - INFO - 0.004s - Opinion found with opinion_id: 110
2025-05-25 04:08:14 - DBConnector               - INFO - 0.004s - Article chunk with chunk_id=22 updated successfully
2025-05-25 04:08:16 - DBConnector               - INFO - 0.004s - Person not found
2025-05-25 04:08:58 - DBConnector               - INFO - 0.028s - Event added with event_id: 111
2025-05-25 04:08:58 - DBConnector               - INFO - 0.002s - Person not found
2025-05-25 04:08:58 - DBConnector               - INFO - 0.026s - Person added with person_id: 88
2025-05-25 04:08:58 - DBConnector               - INFO - 0.004s - Opinion not found
2025-05-25 04:08:58 - DBConnector               - INFO - 0.046s - Opinion added with opinion_id: 111
2025-05-25 04:08:58 - DBConnector               - INFO - 0.003s - Opinion found with opinion_id: 111
2025-05-25 04:08:58 - DBConnector               - INFO - 0.003s - Article chunk with chunk_id=21 updated successfully
2025-05-25 04:09:12 - DBConnector               - INFO - 0.003s - Person not found
2025-05-25 04:09:33 - DBConnector               - INFO - 0.037s - Event added with event_id: 112
2025-05-25 04:09:33 - DBConnector               - INFO - 0.002s - Person not found
2025-05-25 04:09:33 - DBConnector               - INFO - 0.025s - Person added with person_id: 89
2025-05-25 04:09:33 - DBConnector               - INFO - 0.004s - Opinion not found
2025-05-25 04:09:33 - DBConnector               - INFO - 0.027s - Opinion added with opinion_id: 112
2025-05-25 04:09:33 - DBConnector               - INFO - 0.004s - Opinion found with opinion_id: 112
2025-05-25 04:09:33 - DBConnector               - INFO - 0.002s - Article chunk with chunk_id=20 updated successfully
2025-05-25 04:10:20 - DBConnector               - INFO - 0.032s - Event added with event_id: 113
2025-05-25 04:10:20 - DBConnector               - INFO - 0.004s - Opinion not found
2025-05-25 04:10:20 - DBConnector               - INFO - 0.027s - Opinion added with opinion_id: 113
2025-05-25 04:10:20 - DBConnector               - INFO - 0.004s - Opinion found with opinion_id: 113
2025-05-25 04:10:20 - DBConnector               - INFO - 0.004s - Article chunk with chunk_id=19 updated successfully
2025-05-25 04:10:56 - DBConnector               - INFO - 0.033s - Event added with event_id: 114
2025-05-25 04:10:56 - DBConnector               - INFO - 0.005s - Opinion not found
2025-05-25 04:10:56 - DBConnector               - INFO - 0.029s - Opinion added with opinion_id: 114
2025-05-25 04:10:56 - DBConnector               - INFO - 0.004s - Opinion found with opinion_id: 114
2025-05-25 04:10:56 - DBConnector               - INFO - 0.003s - Article chunk with chunk_id=18 updated successfully
2025-05-25 04:11:00 - DBConnector               - INFO - 0.033s - Event added with event_id: 115
2025-05-25 04:11:00 - DBConnector               - INFO - 0.004s - Opinion not found
2025-05-25 04:11:00 - DBConnector               - INFO - 0.029s - Opinion added with opinion_id: 115
2025-05-25 04:11:01 - DBConnector               - INFO - 0.004s - Opinion found with opinion_id: 115
2025-05-25 04:11:01 - DBConnector               - INFO - 0.004s - Article chunk with chunk_id=17 updated successfully
2025-05-25 04:11:13 - DBConnector               - INFO - 0.003s - Person not found
2025-05-25 04:11:50 - DBConnector               - INFO - 0.031s - Event added with event_id: 116
2025-05-25 04:11:50 - DBConnector               - INFO - 0.003s - Person not found
2025-05-25 04:11:50 - DBConnector               - INFO - 0.026s - Person added with person_id: 90
2025-05-25 04:11:50 - DBConnector               - INFO - 0.005s - Opinion not found
2025-05-25 04:11:50 - DBConnector               - INFO - 0.027s - Opinion added with opinion_id: 116
2025-05-25 04:11:50 - DBConnector               - INFO - 0.005s - Opinion found with opinion_id: 116
2025-05-25 04:11:50 - DBConnector               - INFO - 0.003s - Article chunk with chunk_id=23 updated successfully
2025-05-25 04:12:15 - DBConnector               - INFO - 0.003s - Person not found
2025-05-25 04:12:38 - DBConnector               - INFO - 0.033s - Event added with event_id: 117
2025-05-25 04:12:38 - DBConnector               - INFO - 0.003s - Person not found
2025-05-25 04:12:38 - DBConnector               - INFO - 0.026s - Person added with person_id: 91
2025-05-25 04:12:38 - DBConnector               - INFO - 0.005s - Opinion not found
2025-05-25 04:12:38 - DBConnector               - INFO - 0.027s - Opinion added with opinion_id: 117
2025-05-25 04:12:38 - DBConnector               - INFO - 0.003s - Opinion found with opinion_id: 117
2025-05-25 04:12:38 - DBConnector               - INFO - 0.003s - Article chunk with chunk_id=16 updated successfully
2025-05-25 04:12:50 - DBConnector               - INFO - 0.004s - Person not found
2025-05-25 04:12:52 - DBConnector               - INFO - 0.003s - Person not found
2025-05-25 04:13:13 - DBConnector               - INFO - 0.029s - Event added with event_id: 118
2025-05-25 04:13:13 - DBConnector               - INFO - 0.002s - Person not found
2025-05-25 04:13:13 - DBConnector               - INFO - 0.024s - Person added with person_id: 92
2025-05-25 04:13:13 - DBConnector               - INFO - 0.005s - Opinion not found
2025-05-25 04:13:13 - DBConnector               - INFO - 0.027s - Opinion added with opinion_id: 118
2025-05-25 04:13:13 - DBConnector               - INFO - 0.003s - Opinion found with opinion_id: 118
2025-05-25 04:13:13 - DBConnector               - INFO - 0.003s - Article chunk with chunk_id=15 updated successfully
2025-05-25 04:13:17 - DBConnector               - INFO - 0.031s - Event added with event_id: 119
2025-05-25 04:13:17 - DBConnector               - INFO - 0.002s - Person not found
2025-05-25 04:13:17 - DBConnector               - INFO - 0.024s - Person added with person_id: 93
2025-05-25 04:13:17 - DBConnector               - INFO - 0.004s - Opinion not found
2025-05-25 04:13:17 - DBConnector               - INFO - 0.028s - Opinion added with opinion_id: 119
2025-05-25 04:13:17 - DBConnector               - INFO - 0.003s - Opinion found with opinion_id: 119
2025-05-25 04:13:17 - DBConnector               - INFO - 0.002s - Article chunk with chunk_id=14 updated successfully
2025-05-25 04:13:29 - DBConnector               - INFO - 0.003s - Person not found
2025-05-25 04:14:05 - DBConnector               - INFO - 0.032s - Event added with event_id: 120
2025-05-25 04:14:05 - DBConnector               - INFO - 0.003s - Person not found
2025-05-25 04:14:05 - DBConnector               - INFO - 0.024s - Person added with person_id: 94
2025-05-25 04:14:05 - DBConnector               - INFO - 0.005s - Opinion not found
2025-05-25 04:14:05 - DBConnector               - INFO - 0.029s - Opinion added with opinion_id: 120
2025-05-25 04:14:05 - DBConnector               - INFO - 0.005s - Opinion found with opinion_id: 120
2025-05-25 04:14:05 - DBConnector               - INFO - 0.004s - Article chunk with chunk_id=13 updated successfully
2025-05-25 04:14:26 - DBConnector               - INFO - 0.003s - Person not found
2025-05-25 04:14:52 - DBConnector               - INFO - 0.045s - Event added with event_id: 121
2025-05-25 04:14:52 - DBConnector               - INFO - 0.003s - Person not found
2025-05-25 04:14:52 - DBConnector               - INFO - 0.025s - Person added with person_id: 95
2025-05-25 04:14:52 - DBConnector               - INFO - 0.004s - Opinion not found
2025-05-25 04:14:52 - DBConnector               - INFO - 0.028s - Opinion added with opinion_id: 121
2025-05-25 04:14:52 - DBConnector               - INFO - 0.004s - Opinion found with opinion_id: 121
2025-05-25 04:14:52 - DBConnector               - INFO - 0.003s - Article chunk with chunk_id=9 updated successfully
2025-05-25 04:15:05 - DBConnector               - INFO - 0.000s - Person not found
2025-05-25 04:15:06 - DBConnector               - INFO - 0.004s - Person not found
2025-05-25 04:15:29 - DBConnector               - INFO - 0.029s - Event added with event_id: 122
2025-05-25 04:15:29 - DBConnector               - INFO - 0.004s - Person not found
2025-05-25 04:15:29 - DBConnector               - INFO - 0.027s - Person added with person_id: 96
2025-05-25 04:15:29 - DBConnector               - INFO - 0.004s - Opinion not found
2025-05-25 04:15:29 - DBConnector               - INFO - 0.016s - Opinion added with opinion_id: 122
2025-05-25 04:15:29 - DBConnector               - INFO - 0.000s - Opinion found with opinion_id: 122
2025-05-25 04:15:29 - DBConnector               - INFO - 0.000s - Article chunk with chunk_id=10 updated successfully
2025-05-25 04:15:33 - DBConnector               - INFO - 0.031s - Event added with event_id: 123
2025-05-25 04:15:33 - DBConnector               - INFO - 0.004s - Person not found
2025-05-25 04:15:33 - DBConnector               - INFO - 0.027s - Person added with person_id: 97
2025-05-25 04:15:33 - DBConnector               - INFO - 0.004s - Opinion not found
2025-05-25 04:15:33 - DBConnector               - INFO - 0.029s - Opinion added with opinion_id: 123
2025-05-25 04:15:33 - DBConnector               - INFO - 0.005s - Opinion found with opinion_id: 123
2025-05-25 04:15:33 - DBConnector               - INFO - 0.002s - Article chunk with chunk_id=11 updated successfully
2025-05-25 04:15:46 - DBConnector               - INFO - 0.003s - Person not found
2025-05-25 04:16:23 - DBConnector               - INFO - 0.031s - Event added with event_id: 124
2025-05-25 04:16:23 - DBConnector               - INFO - 0.003s - Person not found
2025-05-25 04:16:23 - DBConnector               - INFO - 0.027s - Person added with person_id: 98
2025-05-25 04:16:23 - DBConnector               - INFO - 0.005s - Opinion not found
2025-05-25 04:16:23 - DBConnector               - INFO - 0.028s - Opinion added with opinion_id: 124
2025-05-25 04:16:23 - DBConnector               - INFO - 0.004s - Opinion found with opinion_id: 124
2025-05-25 04:16:23 - DBConnector               - INFO - 0.004s - Article chunk with chunk_id=12 updated successfully
2025-05-25 04:16:47 - DBConnector               - INFO - 0.003s - Person not found
2025-05-25 04:17:12 - DBConnector               - INFO - 0.029s - Event added with event_id: 125
2025-05-25 04:17:12 - DBConnector               - INFO - 0.003s - Person not found
2025-05-25 04:17:12 - DBConnector               - INFO - 0.027s - Person added with person_id: 99
2025-05-25 04:17:12 - DBConnector               - INFO - 0.004s - Opinion not found
2025-05-25 04:17:12 - DBConnector               - INFO - 0.028s - Opinion added with opinion_id: 125
2025-05-25 04:17:12 - DBConnector               - INFO - 0.005s - Opinion found with opinion_id: 125
2025-05-25 04:17:12 - DBConnector               - INFO - 0.002s - Article chunk with chunk_id=8 updated successfully
2025-05-25 04:17:23 - DBConnector               - INFO - 0.004s - Person not found
2025-05-25 04:17:25 - DBConnector               - INFO - 0.003s - Person not found
2025-05-25 04:17:49 - DBConnector               - INFO - 0.039s - Event added with event_id: 126
2025-05-25 04:17:49 - DBConnector               - INFO - 0.003s - Person not found
2025-05-25 04:17:49 - DBConnector               - INFO - 0.028s - Person added with person_id: 100
2025-05-25 04:17:49 - DBConnector               - INFO - 0.006s - Opinion not found
2025-05-25 04:17:49 - DBConnector               - INFO - 0.030s - Opinion added with opinion_id: 126
2025-05-25 04:17:49 - DBConnector               - INFO - 0.005s - Opinion found with opinion_id: 126
2025-05-25 04:17:49 - DBConnector               - INFO - 0.003s - Article chunk with chunk_id=7 updated successfully
2025-05-25 04:17:53 - DBConnector               - INFO - 0.030s - Event added with event_id: 127
2025-05-25 04:17:53 - DBConnector               - INFO - 0.003s - Person not found
2025-05-25 04:17:53 - DBConnector               - INFO - 0.027s - Person added with person_id: 101
2025-05-25 04:17:53 - DBConnector               - INFO - 0.004s - Opinion not found
2025-05-25 04:17:53 - DBConnector               - INFO - 0.026s - Opinion added with opinion_id: 127
2025-05-25 04:17:53 - DBConnector               - INFO - 0.000s - Opinion found with opinion_id: 127
2025-05-25 04:17:53 - DBConnector               - INFO - 0.000s - Article chunk with chunk_id=6 updated successfully
2025-05-25 04:18:06 - DBConnector               - INFO - 0.016s - Person not found
2025-05-25 04:18:41 - DBConnector               - INFO - 0.035s - Event added with event_id: 128
2025-05-25 04:18:41 - DBConnector               - INFO - 0.004s - Person not found
2025-05-25 04:18:41 - DBConnector               - INFO - 0.035s - Person added with person_id: 102
2025-05-25 04:18:42 - DBConnector               - INFO - 0.004s - Opinion not found
2025-05-25 04:18:42 - DBConnector               - INFO - 0.027s - Opinion added with opinion_id: 128
2025-05-25 04:18:42 - DBConnector               - INFO - 0.005s - Opinion found with opinion_id: 128
2025-05-25 04:18:42 - DBConnector               - INFO - 0.003s - Article chunk with chunk_id=32 updated successfully
2025-05-25 04:19:32 - DBConnector               - INFO - 0.029s - Event added with event_id: 129
2025-05-25 04:19:32 - DBConnector               - INFO - 0.005s - Opinion not found
2025-05-25 04:19:32 - DBConnector               - INFO - 0.031s - Opinion added with opinion_id: 129
2025-05-25 04:19:32 - DBConnector               - INFO - 0.004s - Opinion found with opinion_id: 129
2025-05-25 04:19:32 - DBConnector               - INFO - 0.004s - Article chunk with chunk_id=31 updated successfully
2025-05-25 04:19:44 - DBConnector               - INFO - 0.003s - Person not found
2025-05-25 04:20:09 - DBConnector               - INFO - 0.031s - Event added with event_id: 130
2025-05-25 04:20:09 - DBConnector               - INFO - 0.003s - Person not found
2025-05-25 04:20:09 - DBConnector               - INFO - 0.030s - Person added with person_id: 103
2025-05-25 04:20:09 - DBConnector               - INFO - 0.004s - Opinion not found
2025-05-25 04:20:09 - DBConnector               - INFO - 0.031s - Opinion added with opinion_id: 130
2025-05-25 04:20:09 - DBConnector               - INFO - 0.004s - Opinion found with opinion_id: 130
2025-05-25 04:20:09 - DBConnector               - INFO - 0.003s - Article chunk with chunk_id=30 updated successfully
2025-05-25 04:20:14 - DBConnector               - INFO - 0.031s - Event added with event_id: 131
2025-05-25 04:20:14 - DBConnector               - INFO - 0.005s - Opinion not found
2025-05-25 04:20:14 - DBConnector               - INFO - 0.027s - Opinion added with opinion_id: 131
2025-05-25 04:20:14 - DBConnector               - INFO - 0.005s - Opinion found with opinion_id: 131
2025-05-25 04:20:14 - DBConnector               - INFO - 0.003s - Article chunk with chunk_id=33 updated successfully
2025-05-25 04:20:26 - DBConnector               - INFO - 0.003s - Person not found
2025-05-25 04:21:05 - DBConnector               - INFO - 0.032s - Event added with event_id: 132
2025-05-25 04:21:05 - DBConnector               - INFO - 0.004s - Person not found
2025-05-25 04:21:05 - DBConnector               - INFO - 0.047s - Person added with person_id: 104
2025-05-25 04:21:05 - DBConnector               - INFO - 0.004s - Opinion not found
2025-05-25 04:21:05 - DBConnector               - INFO - 0.029s - Opinion added with opinion_id: 132
2025-05-25 04:21:05 - DBConnector               - INFO - 0.005s - Opinion found with opinion_id: 132
2025-05-25 04:21:05 - DBConnector               - INFO - 0.003s - Article chunk with chunk_id=5 updated successfully
2025-05-25 04:21:29 - DBConnector               - INFO - 0.003s - Person not found
2025-05-25 04:21:55 - DBConnector               - INFO - 0.031s - Event added with event_id: 133
2025-05-25 04:21:55 - DBConnector               - INFO - 0.003s - Person not found
2025-05-25 04:21:55 - DBConnector               - INFO - 0.026s - Person added with person_id: 105
2025-05-25 04:21:55 - DBConnector               - INFO - 0.005s - Opinion not found
2025-05-25 04:21:55 - DBConnector               - INFO - 0.029s - Opinion added with opinion_id: 133
2025-05-25 04:21:55 - DBConnector               - INFO - 0.005s - Opinion found with opinion_id: 133
2025-05-25 04:21:55 - DBConnector               - INFO - 0.003s - Article chunk with chunk_id=4 updated successfully
2025-05-25 04:22:08 - DBConnector               - INFO - 0.004s - Person not found
2025-05-25 04:22:09 - DBConnector               - INFO - 0.003s - Person not found
2025-05-25 04:22:17 - DBConnector               - INFO - 0.030s - Event added with event_id: 134
2025-05-25 04:22:17 - DBConnector               - INFO - 0.000s - Person not found
2025-05-25 04:22:17 - DBConnector               - INFO - 0.031s - Person added with person_id: 106
2025-05-25 04:22:17 - DBConnector               - INFO - 0.016s - Opinion not found
2025-05-25 04:22:17 - DBConnector               - INFO - 0.042s - Opinion added with opinion_id: 134
2025-05-25 04:22:17 - DBConnector               - INFO - 0.004s - Opinion found with opinion_id: 134
2025-05-25 04:22:17 - DBConnector               - INFO - 0.004s - Article chunk with chunk_id=3 updated successfully
2025-05-25 04:22:21 - DBConnector               - INFO - 0.029s - Event added with event_id: 135
2025-05-25 04:22:22 - DBConnector               - INFO - 0.004s - Person not found
2025-05-25 04:22:22 - DBConnector               - INFO - 0.027s - Person added with person_id: 107
2025-05-25 04:22:22 - DBConnector               - INFO - 0.004s - Opinion not found
2025-05-25 04:22:22 - DBConnector               - INFO - 0.028s - Opinion added with opinion_id: 135
2025-05-25 04:22:22 - DBConnector               - INFO - 0.005s - Opinion found with opinion_id: 135
2025-05-25 04:22:22 - DBConnector               - INFO - 0.003s - Article chunk with chunk_id=2 updated successfully
2025-05-25 04:22:24 - DBConnector               - INFO - 0.003s - Person not found
2025-05-25 04:22:30 - DBConnector               - INFO - 0.034s - Event added with event_id: 136
2025-05-25 04:22:30 - DBConnector               - INFO - 0.003s - Person not found
2025-05-25 04:22:30 - DBConnector               - INFO - 0.029s - Person added with person_id: 108
2025-05-25 04:22:30 - DBConnector               - INFO - 0.005s - Opinion not found
2025-05-25 04:22:30 - DBConnector               - INFO - 0.028s - Opinion added with opinion_id: 136
2025-05-25 04:22:30 - DBConnector               - INFO - 0.004s - Opinion found with opinion_id: 136
2025-05-25 04:22:30 - DBConnector               - INFO - 0.004s - Article chunk with chunk_id=1 updated successfully
2025-05-25 04:27:29 - DBConnector               - INFO - 0.006s - Person not found
2025-05-25 04:27:41 - DBConnector               - INFO - 0.039s - Event added with event_id: 137
2025-05-25 04:27:41 - DBConnector               - INFO - 0.003s - Person not found
2025-05-25 04:27:41 - DBConnector               - INFO - 0.025s - Person added with person_id: 109
2025-05-25 04:27:41 - DBConnector               - INFO - 0.009s - Opinion not found
2025-05-25 04:27:41 - DBConnector               - INFO - 0.036s - Opinion added with opinion_id: 137
2025-05-25 04:27:41 - DBConnector               - INFO - 0.004s - Opinion found with opinion_id: 137
2025-05-25 04:27:41 - DBConnector               - INFO - 0.004s - Article chunk with chunk_id=140 updated successfully
