2025-05-25 01:06:04 - main                      - INFO - N/A - Starting LangGraph with parallel processing
2025-05-25 01:06:04 - event_classifier          - INFO - N/A - (Stage 0) Processing chunk 141 started
2025-05-25 01:06:04 - event_classifier          - INFO - N/A - (Stage 0) Processing chunk 138 started
2025-05-25 01:06:04 - event_classifier          - INFO - N/A - (Stage 0) Processing chunk 142 started
2025-05-25 01:06:04 - event_classifier          - INFO - N/A - (Stage 0) Processing chunk 140 started
2025-05-25 01:06:15 - event_classifier          - INFO - 11.053s - Chunk 140 processed, (1) general events, (1) opinions.
2025-05-25 01:06:15 - event_scoring             - INFO - N/A - (Stage 1) Event scoring for chunk 140 started
2025-05-25 01:06:15 - sentiment_analysis        - INFO - N/A - (Stage 1) Sentiment analysis for chunk 140 started
2025-05-25 01:06:22 - event_classifier          - INFO - 17.718s - Chunk 141 processed, (1) general events, (1) opinions.
2025-05-25 01:06:22 - event_scoring             - INFO - N/A - (Stage 1) Event scoring for chunk 141 started
2025-05-25 01:06:22 - sentiment_analysis        - INFO - N/A - (Stage 1) Sentiment analysis for chunk 141 started
2025-05-25 01:06:30 - event_classifier          - INFO - 25.642s - Chunk 138 processed, (1) general events, (1) opinions.
2025-05-25 01:06:30 - event_scoring             - INFO - N/A - (Stage 1) Event scoring for chunk 138 started
2025-05-25 01:06:30 - sentiment_analysis        - INFO - N/A - (Stage 1) Sentiment analysis for chunk 138 started
2025-05-25 01:06:39 - event_classifier          - INFO - 34.517s - Chunk 142 processed, (1) general events, (1) opinions.
2025-05-25 01:06:39 - event_scoring             - INFO - N/A - (Stage 1) Event scoring for chunk 142 started
2025-05-25 01:06:39 - sentiment_analysis        - INFO - N/A - (Stage 1) Sentiment analysis for chunk 142 started
2025-05-25 01:06:45 - event_scoring             - INFO - 29.920s - Successfully calculated event scores
2025-05-25 01:06:45 - event_scoring             - INFO - 29.921s - Chunk 140 processed successfully. Processed 1 general events.
2025-05-25 01:06:46 - sentiment_analysis        - INFO - 31.117s - Successfully got sentiment score
2025-05-25 01:06:46 - sentiment_analysis        - INFO - 31.117s - Chunk 140 processed successfully. Processed 1 person events.
2025-05-25 01:06:46 - inconsistency_detection   - INFO - N/A - (Stage 2) Inconsistency analysis for chunk 140 started
2025-05-25 01:06:46 - inconsistency_detection   - INFO - 0.015s - Chunk 140 processed successfully. Processed 1 person events.
2025-05-25 01:06:46 - person_summary            - INFO - N/A - (Stage 2.1) Person attitude analysis for chunk 140 started
2025-05-25 01:06:46 - person_summary            - INFO - N/A - Missing person ID for person_event 1 in chunk 140.
2025-05-25 01:06:46 - person_summary            - INFO - N/A - No sentiment history found for person Robert Gleitz in chunk 140, generating new.
2025-05-25 01:06:51 - event_scoring             - INFO - 28.935s - Successfully calculated event scores
2025-05-25 01:06:51 - event_scoring             - INFO - 28.936s - Chunk 141 processed successfully. Processed 1 general events.
2025-05-25 01:06:52 - sentiment_analysis        - INFO - 29.869s - Successfully got sentiment score
2025-05-25 01:06:52 - sentiment_analysis        - INFO - 29.869s - Chunk 141 processed successfully. Processed 1 person events.
2025-05-25 01:06:52 - inconsistency_detection   - INFO - N/A - (Stage 2) Inconsistency analysis for chunk 141 started
2025-05-25 01:06:52 - inconsistency_detection   - INFO - 0.012s - Chunk 141 processed successfully. Processed 1 person events.
2025-05-25 01:06:52 - person_summary            - INFO - N/A - (Stage 2.1) Person attitude analysis for chunk 141 started
2025-05-25 01:06:52 - person_summary            - INFO - N/A - Missing person ID for person_event 1 in chunk 141.
2025-05-25 01:06:52 - person_summary            - INFO - N/A - No sentiment history found for person Andrew Blakers in chunk 141, generating new.
2025-05-25 01:06:58 - event_scoring             - INFO - 28.160s - Successfully calculated event scores
2025-05-25 01:06:58 - event_scoring             - INFO - 28.161s - Chunk 138 processed successfully. Processed 1 general events.
2025-05-25 01:07:02 - sentiment_analysis        - WARNING - N/A - Error while parsing response as float: could not convert string to float: 'I\'m ready to analyze the text. However, I don\'t see any text provided. Please provide the text related to the topic "Green energy", and I\'ll be happy to assist you in calculating the sentiment score.'
2025-05-25 01:07:02 - sentiment_analysis        - WARNING - 32.478s - Error during first attempt: could not convert string to float: 'I\'m ready to analyze the text. However, I don\'t see any text provided. Please provide the text related to the topic "Green energy", and I\'ll be happy to assist you in calculating the sentiment score.'
2025-05-25 01:07:09 - event_scoring             - INFO - 30.079s - Successfully calculated event scores
2025-05-25 01:07:09 - event_scoring             - INFO - 30.079s - Chunk 142 processed successfully. Processed 1 general events.
2025-05-25 01:07:10 - sentiment_analysis        - INFO - 31.019s - Successfully got sentiment score
2025-05-25 01:07:10 - sentiment_analysis        - INFO - 31.019s - Chunk 142 processed successfully. Processed 1 person events.
2025-05-25 01:07:10 - inconsistency_detection   - INFO - N/A - (Stage 2) Inconsistency analysis for chunk 142 started
2025-05-25 01:07:10 - inconsistency_detection   - INFO - 0.012s - Chunk 142 processed successfully. Processed 1 person events.
2025-05-25 01:07:10 - person_summary            - INFO - N/A - (Stage 2.1) Person attitude analysis for chunk 142 started
2025-05-25 01:07:10 - person_summary            - INFO - N/A - Missing person ID for person_event 1 in chunk 142.
2025-05-25 01:07:10 - person_summary            - INFO - N/A - No sentiment history found for person Blakers in chunk 142, generating new.
2025-05-25 01:07:18 - person_summary            - INFO - 31.612s - Successfully got comment
2025-05-25 01:07:18 - person_summary            - INFO - 31.613s - Chunk 140 processed successfully. Processed 1 person events.
2025-05-25 01:07:18 - opinion_scoring           - INFO - N/A - (Stage 3) Opinion scoring for chunk 140 started
2025-05-25 01:07:22 - person_summary            - INFO - 30.665s - Successfully got comment
2025-05-25 01:07:22 - person_summary            - INFO - 30.666s - Chunk 141 processed successfully. Processed 1 person events.
2025-05-25 01:07:22 - opinion_scoring           - INFO - N/A - (Stage 3) Opinion scoring for chunk 141 started
2025-05-25 01:07:27 - sentiment_analysis        - WARNING - N/A - Error while parsing response as float: could not convert string to float: 'I\'m ready to analyze the text. However, I don\'t see any text provided. Please provide the text related to the topic "Green energy", and I\'ll be happy to assist you in calculating the sentiment score.'
2025-05-25 01:07:27 - sentiment_analysis        - WARNING - 56.892s - Retry 1/3 due to invalid output: could not convert string to float: 'I\'m ready to analyze the text. However, I don\'t see any text provided. Please provide the text related to the topic "Green energy", and I\'ll be happy to assist you in calculating the sentiment score.'
2025-05-25 01:07:34 - person_summary            - INFO - 24.674s - Successfully got comment
2025-05-25 01:07:34 - person_summary            - INFO - 24.675s - Chunk 142 processed successfully. Processed 1 person events.
2025-05-25 01:07:34 - opinion_scoring           - INFO - N/A - (Stage 3) Opinion scoring for chunk 142 started
2025-05-25 01:07:39 - opinion_scoring           - INFO - 20.859s - Successfully calculated opinion scores
2025-05-25 01:07:39 - opinion_scoring           - INFO - 20.859s - Chunk 140 processed successfully. Processed 1 person events.
2025-05-25 01:07:39 - write_node                - ERROR - N/A - Event scores not saved correctly: Expected 1.0, 1.0, 0.8, 0.9299999999999999 but got 1.0, 1.0, 0.8, 0.93
2025-05-25 01:07:39 - write_node                - INFO - N/A - (Stage 3) Scores without inconsistency case
2025-05-25 01:07:39 - write_node                - INFO - N/A - (Stage 2.1) Summary/attitude full case
2025-05-25 01:07:39 - write_node                - ERROR - N/A - Error processing person event: add_attitude_full() got an unexpected keyword argument 'is_expert_flag'
2025-05-25 01:07:39 - write_node                - INFO - N/A - Chunk 140 marked as processed
2025-05-25 01:07:40 - event_classifier          - INFO - N/A - (Stage 0) Processing chunk 139 started
2025-05-25 01:07:42 - opinion_scoring           - INFO - 19.909s - Successfully calculated opinion scores
2025-05-25 01:07:42 - opinion_scoring           - INFO - 19.909s - Chunk 141 processed successfully. Processed 1 person events.
2025-05-25 01:07:42 - write_node                - INFO - N/A - (Stage 3) Scores without inconsistency case
2025-05-25 01:07:43 - write_node                - INFO - N/A - (Stage 2.1) Summary/attitude full case
2025-05-25 01:07:43 - write_node                - ERROR - N/A - Error processing person event: add_attitude_full() got an unexpected keyword argument 'is_expert_flag'
2025-05-25 01:07:43 - write_node                - INFO - N/A - Chunk 141 marked as processed
2025-05-25 01:07:43 - event_classifier          - INFO - N/A - (Stage 0) Processing chunk 136 started
2025-05-25 01:07:47 - sentiment_analysis        - WARNING - N/A - Error while parsing response as float: could not convert string to float: 'I\'m ready to analyze the text. However, I don\'t see any text provided. Please provide the text related to the topic "Green energy", and I\'ll be happy to assist you in calculating the sentiment score.'
2025-05-25 01:07:47 - sentiment_analysis        - WARNING - 76.782s - Retry 2/3 due to invalid output: could not convert string to float: 'I\'m ready to analyze the text. However, I don\'t see any text provided. Please provide the text related to the topic "Green energy", and I\'ll be happy to assist you in calculating the sentiment score.'
2025-05-25 01:07:47 - sentiment_analysis        - ERROR - 76.782s - Skipping analysis after 3 retries.
2025-05-25 01:07:47 - sentiment_analysis        - WARNING - N/A - Failed to get sentiment score for person_event 1.
2025-05-25 01:07:47 - sentiment_analysis        - INFO - 76.782s - Chunk 138 processed successfully. Processed 1 person events.
2025-05-25 01:07:47 - inconsistency_detection   - INFO - N/A - (Stage 2) Inconsistency analysis for chunk 138 started
2025-05-25 01:07:47 - inconsistency_detection   - INFO - 0.013s - Chunk 138 processed successfully. Processed 1 person events.
2025-05-25 01:07:47 - person_summary            - INFO - N/A - (Stage 2.1) Person attitude analysis for chunk 138 started
2025-05-25 01:07:47 - person_summary            - ERROR - N/A - Missing sentiment score for person_event 1 in chunk 138.
2025-05-25 01:07:47 - person_summary            - ERROR - N/A - Error processing person_event 1 for chunk 138: Missing sentiment score for person_event 1 in chunk 138.
2025-05-25 01:07:47 - person_summary            - INFO - 0.000s - Chunk 138 processed successfully. Processed 2 person events.
2025-05-25 01:07:47 - opinion_scoring           - INFO - N/A - (Stage 3) Opinion scoring for chunk 138 started
2025-05-25 01:07:51 - opinion_scoring           - INFO - 16.734s - Successfully calculated opinion scores
2025-05-25 01:07:51 - opinion_scoring           - INFO - 16.734s - Chunk 142 processed successfully. Processed 1 person events.
2025-05-25 01:07:51 - write_node                - INFO - N/A - (Stage 3) Scores without inconsistency case
2025-05-25 01:07:51 - write_node                - INFO - N/A - (Stage 2.1) Summary/attitude full case
2025-05-25 01:07:51 - write_node                - ERROR - N/A - Error processing person event: add_attitude_full() got an unexpected keyword argument 'is_expert_flag'
2025-05-25 01:07:51 - write_node                - INFO - N/A - Chunk 142 marked as processed
2025-05-25 01:07:52 - event_classifier          - INFO - N/A - (Stage 0) Processing chunk 135 started
2025-05-25 01:07:58 - event_classifier          - INFO - 18.278s - Chunk 139 processed, (1) general events, (1) opinions.
2025-05-25 01:07:58 - event_scoring             - INFO - N/A - (Stage 1) Event scoring for chunk 139 started
2025-05-25 01:07:58 - sentiment_analysis        - INFO - N/A - (Stage 1) Sentiment analysis for chunk 139 started
2025-05-25 01:08:11 - event_classifier          - INFO - 27.845s - Chunk 136 processed, (1) general events, (1) opinions.
2025-05-25 01:08:11 - event_scoring             - INFO - N/A - (Stage 1) Event scoring for chunk 136 started
2025-05-25 01:08:11 - sentiment_analysis        - INFO - N/A - (Stage 1) Sentiment analysis for chunk 136 started
2025-05-25 01:08:15 - opinion_scoring           - INFO - 28.459s - Successfully calculated opinion scores
2025-05-25 01:08:15 - opinion_scoring           - INFO - 28.460s - Chunk 138 processed successfully. Processed 1 person events.
2025-05-25 01:08:15 - write_node                - INFO - N/A - (Stage 0) No sentiment case
2025-05-25 01:08:15 - write_node                - INFO - N/A - Chunk 138 marked as processed
2025-05-25 01:08:16 - event_classifier          - INFO - N/A - (Stage 0) Processing chunk 137 started
2025-05-25 01:08:22 - event_classifier          - INFO - 30.064s - Chunk 135 processed, (1) general events, (1) opinions.
2025-05-25 01:08:22 - event_scoring             - INFO - N/A - (Stage 1) Event scoring for chunk 135 started
2025-05-25 01:08:22 - sentiment_analysis        - INFO - N/A - (Stage 1) Sentiment analysis for chunk 135 started
2025-05-25 01:08:27 - event_scoring             - INFO - 28.690s - Successfully calculated event scores
2025-05-25 01:08:27 - event_scoring             - INFO - 28.691s - Chunk 139 processed successfully. Processed 1 general events.
2025-05-25 01:08:31 - sentiment_analysis        - WARNING - N/A - Error while parsing response as float: could not convert string to float: 'I\'m ready to analyze the text. However, you haven\'t provided the text yet. Please provide the text related to the topic "Green energy", and I\'ll be happy to assist you in calculating the sentiment score.'
2025-05-25 01:08:31 - sentiment_analysis        - WARNING - 32.989s - Error during first attempt: could not convert string to float: 'I\'m ready to analyze the text. However, you haven\'t provided the text yet. Please provide the text related to the topic "Green energy", and I\'ll be happy to assist you in calculating the sentiment score.'
2025-05-25 01:08:37 - event_scoring             - INFO - 26.495s - Successfully calculated event scores
2025-05-25 01:08:37 - event_scoring             - INFO - 26.495s - Chunk 136 processed successfully. Processed 1 general events.
2025-05-25 01:08:39 - sentiment_analysis        - INFO - 27.692s - Successfully got sentiment score
2025-05-25 01:08:39 - sentiment_analysis        - INFO - 27.692s - Chunk 136 processed successfully. Processed 1 person events.
2025-05-25 01:08:39 - inconsistency_detection   - INFO - N/A - (Stage 2) Inconsistency analysis for chunk 136 started
2025-05-25 01:08:39 - inconsistency_detection   - INFO - 0.013s - Chunk 136 processed successfully. Processed 1 person events.
2025-05-25 01:08:39 - person_summary            - INFO - N/A - (Stage 2.1) Person attitude analysis for chunk 136 started
2025-05-25 01:08:39 - person_summary            - INFO - N/A - Missing person ID for person_event 1 in chunk 136.
2025-05-25 01:08:39 - person_summary            - INFO - N/A - No sentiment history found for person Leah Stokes in chunk 136, generating new.
2025-05-25 01:08:47 - event_classifier          - INFO - 31.060s - Chunk 137 processed, (1) general events, (1) opinions.
2025-05-25 01:08:47 - event_scoring             - INFO - N/A - (Stage 1) Event scoring for chunk 137 started
2025-05-25 01:08:47 - sentiment_analysis        - INFO - N/A - (Stage 1) Sentiment analysis for chunk 137 started
2025-05-25 01:08:52 - event_scoring             - INFO - 29.590s - Successfully calculated event scores
2025-05-25 01:08:52 - event_scoring             - INFO - 29.591s - Chunk 135 processed successfully. Processed 1 general events.
2025-05-25 01:08:56 - sentiment_analysis        - WARNING - N/A - Error while parsing response as float: could not convert string to float: 'I\'m ready to analyze the text. However, I don\'t see any text provided. Please provide the text related to the topic "Green energy", and I\'ll be happy to assist you in calculating the sentiment score.'
2025-05-25 01:08:56 - sentiment_analysis        - WARNING - 33.902s - Error during first attempt: could not convert string to float: 'I\'m ready to analyze the text. However, I don\'t see any text provided. Please provide the text related to the topic "Green energy", and I\'ll be happy to assist you in calculating the sentiment score.'
2025-05-25 01:09:00 - sentiment_analysis        - WARNING - N/A - Error while parsing response as float: could not convert string to float: 'I\'m ready to analyze the text. However, I don\'t see any text provided. Please provide the text related to the topic "Green energy", and I\'ll be happy to assist you in calculating the sentiment score.'
2025-05-25 01:09:00 - sentiment_analysis        - WARNING - 61.562s - Retry 1/3 due to invalid output: could not convert string to float: 'I\'m ready to analyze the text. However, I don\'t see any text provided. Please provide the text related to the topic "Green energy", and I\'ll be happy to assist you in calculating the sentiment score.'
2025-05-25 01:09:07 - person_summary            - INFO - 28.800s - Successfully got comment
2025-05-25 01:09:07 - person_summary            - INFO - 28.800s - Chunk 136 processed successfully. Processed 1 person events.
2025-05-25 01:09:07 - opinion_scoring           - INFO - N/A - (Stage 3) Opinion scoring for chunk 136 started
2025-05-25 01:09:13 - event_scoring             - INFO - 26.304s - Successfully calculated event scores
2025-05-25 01:09:13 - event_scoring             - INFO - 26.304s - Chunk 137 processed successfully. Processed 1 general events.
2025-05-25 01:09:17 - sentiment_analysis        - WARNING - N/A - Error while parsing response as float: could not convert string to float: 'I\'m ready to analyze the text. However, I don\'t see any text provided. Please provide the text related to the topic "Green energy", and I\'ll be happy to assist you in calculating the sentiment score.'
2025-05-25 01:09:17 - sentiment_analysis        - WARNING - 30.592s - Error during first attempt: could not convert string to float: 'I\'m ready to analyze the text. However, I don\'t see any text provided. Please provide the text related to the topic "Green energy", and I\'ll be happy to assist you in calculating the sentiment score.'
2025-05-25 01:09:21 - sentiment_analysis        - WARNING - N/A - Error while parsing response as float: could not convert string to float: 'I\'m ready to analyze the text. However, I don\'t see any text provided. Please provide the text related to the topic "Green energy", and I\'ll be happy to assist you in calculating the sentiment score.'
2025-05-25 01:09:21 - sentiment_analysis        - WARNING - 59.320s - Retry 1/3 due to invalid output: could not convert string to float: 'I\'m ready to analyze the text. However, I don\'t see any text provided. Please provide the text related to the topic "Green energy", and I\'ll be happy to assist you in calculating the sentiment score.'
2025-05-25 01:09:25 - sentiment_analysis        - WARNING - N/A - Error while parsing response as float: could not convert string to float: 'I\'m ready to analyze the text. However, I don\'t see any text provided. Please provide the text related to the topic "Green energy", and I\'ll be happy to assist you in calculating the sentiment score.'
2025-05-25 01:09:25 - sentiment_analysis        - WARNING - 86.992s - Retry 2/3 due to invalid output: could not convert string to float: 'I\'m ready to analyze the text. However, I don\'t see any text provided. Please provide the text related to the topic "Green energy", and I\'ll be happy to assist you in calculating the sentiment score.'
2025-05-25 01:09:25 - sentiment_analysis        - ERROR - 86.992s - Skipping analysis after 3 retries.
2025-05-25 01:09:25 - sentiment_analysis        - WARNING - N/A - Failed to get sentiment score for person_event 1.
2025-05-25 01:09:25 - sentiment_analysis        - INFO - 86.993s - Chunk 139 processed successfully. Processed 1 person events.
2025-05-25 01:09:25 - inconsistency_detection   - INFO - N/A - (Stage 2) Inconsistency analysis for chunk 139 started
2025-05-25 01:09:25 - inconsistency_detection   - ERROR - N/A - Missing sentiment score for person_event 1 in chunk 139.
2025-05-25 01:09:25 - inconsistency_detection   - ERROR - N/A - Error processing person_event 1 for chunk 139: Missing sentiment score for person_event 1 in chunk 139.
2025-05-25 01:09:25 - inconsistency_detection   - INFO - 0.012s - Chunk 139 processed successfully. Processed 2 person events.
2025-05-25 01:09:25 - person_summary            - INFO - N/A - (Stage 2.1) Person attitude analysis for chunk 139 started
2025-05-25 01:09:25 - person_summary            - ERROR - N/A - Missing sentiment score for person_event 1 in chunk 139.
2025-05-25 01:09:25 - person_summary            - ERROR - N/A - Error processing person_event 1 for chunk 139: Missing sentiment score for person_event 1 in chunk 139.
2025-05-25 01:09:25 - person_summary            - INFO - 0.000s - Chunk 139 processed successfully. Processed 2 person events.
2025-05-25 01:09:25 - opinion_scoring           - INFO - N/A - (Stage 3) Opinion scoring for chunk 139 started
2025-05-25 01:09:29 - opinion_scoring           - INFO - 22.023s - Successfully calculated opinion scores
2025-05-25 01:09:29 - opinion_scoring           - INFO - 22.023s - Chunk 136 processed successfully. Processed 1 person events.
2025-05-25 01:09:30 - write_node                - INFO - N/A - (Stage 3) Scores without inconsistency case
2025-05-25 01:09:30 - write_node                - INFO - N/A - (Stage 2.1) Summary/attitude full case
2025-05-25 01:09:30 - write_node                - ERROR - N/A - Error processing person event: add_attitude_full() got an unexpected keyword argument 'is_expert_flag'
2025-05-25 01:09:30 - write_node                - INFO - N/A - Chunk 136 marked as processed
2025-05-25 01:09:30 - event_classifier          - INFO - N/A - (Stage 0) Processing chunk 134 started
2025-05-25 01:09:35 - sentiment_analysis        - WARNING - N/A - Error while parsing response as float: could not convert string to float: 'I\'m ready to analyze the sentiment of the text regarding "Green energy". However, you haven\'t provided the text.\n\nPlease provide the text, and I\'ll return a floating-point number between -1.0 and +1.0 indicating the positive or negative commitment to the topic "Green energy".'
2025-05-25 01:09:35 - sentiment_analysis        - WARNING - 48.172s - Retry 1/3 due to invalid output: could not convert string to float: 'I\'m ready to analyze the sentiment of the text regarding "Green energy". However, you haven\'t provided the text.\n\nPlease provide the text, and I\'ll return a floating-point number between -1.0 and +1.0 indicating the positive or negative commitment to the topic "Green energy".'
2025-05-25 01:09:39 - sentiment_analysis        - WARNING - N/A - Error while parsing response as float: could not convert string to float: 'I\'m ready to analyze the text. However, I don\'t see any text provided. Please provide the text related to the topic "Green energy", and I\'ll be happy to assist you in calculating the sentiment score.'
2025-05-25 01:09:39 - sentiment_analysis        - WARNING - 76.913s - Retry 2/3 due to invalid output: could not convert string to float: 'I\'m ready to analyze the text. However, I don\'t see any text provided. Please provide the text related to the topic "Green energy", and I\'ll be happy to assist you in calculating the sentiment score.'
2025-05-25 01:09:39 - sentiment_analysis        - ERROR - 76.914s - Skipping analysis after 3 retries.
2025-05-25 01:09:39 - sentiment_analysis        - WARNING - N/A - Failed to get sentiment score for person_event 1.
2025-05-25 01:09:39 - sentiment_analysis        - INFO - 76.914s - Chunk 135 processed successfully. Processed 1 person events.
2025-05-25 01:09:39 - inconsistency_detection   - INFO - N/A - (Stage 2) Inconsistency analysis for chunk 135 started
2025-05-25 01:09:39 - inconsistency_detection   - ERROR - N/A - Missing sentiment score for person_event 1 in chunk 135.
2025-05-25 01:09:39 - inconsistency_detection   - ERROR - N/A - Error processing person_event 1 for chunk 135: Missing sentiment score for person_event 1 in chunk 135.
2025-05-25 01:09:39 - inconsistency_detection   - INFO - 0.012s - Chunk 135 processed successfully. Processed 2 person events.
2025-05-25 01:09:39 - person_summary            - INFO - N/A - (Stage 2.1) Person attitude analysis for chunk 135 started
2025-05-25 01:09:39 - person_summary            - ERROR - N/A - Missing sentiment score for person_event 1 in chunk 135.
2025-05-25 01:09:39 - person_summary            - ERROR - N/A - Error processing person_event 1 for chunk 135: Missing sentiment score for person_event 1 in chunk 135.
2025-05-25 01:09:39 - person_summary            - INFO - 0.001s - Chunk 135 processed successfully. Processed 2 person events.
2025-05-25 01:09:39 - opinion_scoring           - INFO - N/A - (Stage 3) Opinion scoring for chunk 135 started
2025-05-25 01:09:43 - opinion_scoring           - INFO - 18.118s - Successfully calculated opinion scores
2025-05-25 01:09:43 - opinion_scoring           - INFO - 18.118s - Chunk 139 processed successfully. Processed 1 person events.
2025-05-25 01:09:43 - write_node                - INFO - N/A - (Stage 0) No sentiment case
2025-05-25 01:09:43 - write_node                - INFO - N/A - Chunk 139 marked as processed
2025-05-25 01:09:44 - event_classifier          - INFO - N/A - (Stage 0) Processing chunk 133 started
2025-05-25 01:09:53 - event_classifier          - INFO - 22.398s - Chunk 134 processed, (1) general events, (1) opinions.
2025-05-25 01:09:53 - event_scoring             - INFO - N/A - (Stage 1) Event scoring for chunk 134 started
2025-05-25 01:09:53 - sentiment_analysis        - INFO - N/A - (Stage 1) Sentiment analysis for chunk 134 started
2025-05-25 01:09:57 - sentiment_analysis        - WARNING - N/A - Error while parsing response as float: could not convert string to float: 'I\'m ready to analyze the text. However, you haven\'t provided the text. Please provide the text related to the topic "Green energy", and I\'ll return a sentiment score between -1.0 and +1.0.'
2025-05-25 01:09:57 - sentiment_analysis        - WARNING - 70.213s - Retry 2/3 due to invalid output: could not convert string to float: 'I\'m ready to analyze the text. However, you haven\'t provided the text. Please provide the text related to the topic "Green energy", and I\'ll return a sentiment score between -1.0 and +1.0.'
2025-05-25 01:09:57 - sentiment_analysis        - ERROR - 70.214s - Skipping analysis after 3 retries.
2025-05-25 01:09:57 - sentiment_analysis        - WARNING - N/A - Failed to get sentiment score for person_event 1.
2025-05-25 01:09:57 - sentiment_analysis        - INFO - 70.214s - Chunk 137 processed successfully. Processed 1 person events.
2025-05-25 01:09:57 - inconsistency_detection   - INFO - N/A - (Stage 2) Inconsistency analysis for chunk 137 started
2025-05-25 01:09:57 - inconsistency_detection   - INFO - 0.012s - Chunk 137 processed successfully. Processed 1 person events.
2025-05-25 01:09:57 - person_summary            - INFO - N/A - (Stage 2.1) Person attitude analysis for chunk 137 started
2025-05-25 01:09:57 - person_summary            - ERROR - N/A - Missing sentiment score for person_event 1 in chunk 137.
2025-05-25 01:09:57 - person_summary            - ERROR - N/A - Error processing person_event 1 for chunk 137: Missing sentiment score for person_event 1 in chunk 137.
2025-05-25 01:09:57 - person_summary            - INFO - 0.000s - Chunk 137 processed successfully. Processed 2 person events.
2025-05-25 01:09:57 - opinion_scoring           - INFO - N/A - (Stage 3) Opinion scoring for chunk 137 started
2025-05-25 01:10:01 - opinion_scoring           - INFO - 22.427s - Successfully calculated opinion scores
2025-05-25 01:10:01 - opinion_scoring           - INFO - 22.428s - Chunk 135 processed successfully. Processed 1 person events.
2025-05-25 01:10:01 - write_node                - ERROR - N/A - Event scores not saved correctly: Expected 1.0, 1.0, 0.8, 0.9299999999999999 but got 1.0, 1.0, 0.8, 0.93
2025-05-25 01:10:01 - write_node                - INFO - N/A - (Stage 0) No sentiment case
2025-05-25 01:10:01 - write_node                - INFO - N/A - Chunk 135 marked as processed
2025-05-25 01:10:02 - event_classifier          - INFO - N/A - (Stage 0) Processing chunk 128 started
2025-05-25 01:10:12 - event_classifier          - INFO - 27.879s - Chunk 133 processed, (1) general events, (1) opinions.
2025-05-25 01:10:12 - event_scoring             - INFO - N/A - (Stage 1) Event scoring for chunk 133 started
2025-05-25 01:10:12 - sentiment_analysis        - INFO - N/A - (Stage 1) Sentiment analysis for chunk 133 started
2025-05-25 01:10:18 - event_scoring             - INFO - 25.389s - Successfully calculated event scores
2025-05-25 01:10:18 - event_scoring             - INFO - 25.389s - Chunk 134 processed successfully. Processed 1 general events.
2025-05-25 01:10:19 - sentiment_analysis        - INFO - 26.338s - Successfully got sentiment score
2025-05-25 01:10:19 - sentiment_analysis        - INFO - 26.338s - Chunk 134 processed successfully. Processed 1 person events.
2025-05-25 01:10:19 - inconsistency_detection   - INFO - N/A - (Stage 2) Inconsistency analysis for chunk 134 started
2025-05-25 01:10:19 - inconsistency_detection   - INFO - 0.010s - Chunk 134 processed successfully. Processed 1 person events.
2025-05-25 01:10:19 - person_summary            - INFO - N/A - (Stage 2.1) Person attitude analysis for chunk 134 started
2025-05-25 01:10:19 - person_summary            - INFO - N/A - Missing person ID for person_event 1 in chunk 134.
2025-05-25 01:10:19 - person_summary            - INFO - N/A - No sentiment history found for person Dr. Wayne Martindale in chunk 134, generating new.
2025-05-25 01:10:23 - opinion_scoring           - INFO - 26.016s - Successfully calculated opinion scores
2025-05-25 01:10:23 - opinion_scoring           - INFO - 26.016s - Chunk 137 processed successfully. Processed 1 person events.
2025-05-25 01:10:23 - write_node                - INFO - N/A - (Stage 0) No sentiment case
2025-05-25 01:10:23 - write_node                - INFO - N/A - Chunk 137 marked as processed
2025-05-25 01:10:24 - event_classifier          - INFO - N/A - (Stage 0) Processing chunk 129 started
2025-05-25 01:10:31 - event_classifier          - INFO - 29.150s - Chunk 128 processed, (1) general events, (1) opinions.
2025-05-25 01:10:31 - event_scoring             - INFO - N/A - (Stage 1) Event scoring for chunk 128 started
2025-05-25 01:10:31 - sentiment_analysis        - INFO - N/A - (Stage 1) Sentiment analysis for chunk 128 started
2025-05-25 01:10:38 - event_scoring             - INFO - 25.902s - Successfully calculated event scores
2025-05-25 01:10:38 - event_scoring             - INFO - 25.902s - Chunk 133 processed successfully. Processed 1 general events.
2025-05-25 01:10:39 - sentiment_analysis        - INFO - 27.100s - Successfully got sentiment score
2025-05-25 01:10:39 - sentiment_analysis        - INFO - 27.101s - Chunk 133 processed successfully. Processed 1 person events.
2025-05-25 01:10:39 - inconsistency_detection   - INFO - N/A - (Stage 2) Inconsistency analysis for chunk 133 started
2025-05-25 01:10:39 - inconsistency_detection   - INFO - 0.012s - Chunk 133 processed successfully. Processed 1 person events.
2025-05-25 01:10:39 - person_summary            - INFO - N/A - (Stage 2.1) Person attitude analysis for chunk 133 started
2025-05-25 01:10:39 - person_summary            - INFO - N/A - Missing person ID for person_event 1 in chunk 133.
2025-05-25 01:10:39 - person_summary            - INFO - N/A - No sentiment history found for person Arina Shokouhi in chunk 133, generating new.
2025-05-25 01:10:47 - person_summary            - INFO - 27.609s - Successfully got comment
2025-05-25 01:10:47 - person_summary            - INFO - 27.610s - Chunk 134 processed successfully. Processed 1 person events.
2025-05-25 01:10:47 - opinion_scoring           - INFO - N/A - (Stage 3) Opinion scoring for chunk 134 started
2025-05-25 01:10:56 - event_classifier          - INFO - 31.935s - Chunk 129 processed, (1) general events, (1) opinions.
2025-05-25 01:10:56 - event_scoring             - INFO - N/A - (Stage 1) Event scoring for chunk 129 started
2025-05-25 01:10:56 - sentiment_analysis        - INFO - N/A - (Stage 1) Sentiment analysis for chunk 129 started
2025-05-25 01:11:02 - event_scoring             - INFO - 30.604s - Successfully calculated event scores
2025-05-25 01:11:02 - event_scoring             - INFO - 30.605s - Chunk 128 processed successfully. Processed 1 general events.
2025-05-25 01:11:06 - sentiment_analysis        - WARNING - N/A - Error while parsing response as float: could not convert string to float: 'I\'m ready to analyze the text. However, I don\'t see any text provided. Please provide the text related to the topic "Green energy", and I\'ll be happy to assist you in calculating the sentiment score.'
2025-05-25 01:11:06 - sentiment_analysis        - WARNING - 34.905s - Error during first attempt: could not convert string to float: 'I\'m ready to analyze the text. However, I don\'t see any text provided. Please provide the text related to the topic "Green energy", and I\'ll be happy to assist you in calculating the sentiment score.'
2025-05-25 01:11:13 - person_summary            - INFO - 34.129s - Successfully got comment
2025-05-25 01:11:13 - person_summary            - INFO - 34.131s - Chunk 133 processed successfully. Processed 1 person events.
2025-05-25 01:11:13 - opinion_scoring           - INFO - N/A - (Stage 3) Opinion scoring for chunk 133 started
2025-05-25 01:11:18 - opinion_scoring           - INFO - 30.963s - Successfully calculated opinion scores
2025-05-25 01:11:18 - opinion_scoring           - INFO - 30.964s - Chunk 134 processed successfully. Processed 1 person events.
2025-05-25 01:11:18 - write_node                - INFO - N/A - (Stage 3) Scores without inconsistency case
2025-05-25 01:11:18 - write_node                - INFO - N/A - (Stage 2.1) Summary/attitude full case
2025-05-25 01:11:18 - write_node                - ERROR - N/A - Error processing person event: add_attitude_full() got an unexpected keyword argument 'is_expert_flag'
2025-05-25 01:11:18 - write_node                - INFO - N/A - Chunk 134 marked as processed
2025-05-25 01:11:18 - event_classifier          - INFO - N/A - (Stage 0) Processing chunk 130 started
2025-05-25 01:11:24 - event_scoring             - INFO - 28.027s - Successfully calculated event scores
2025-05-25 01:11:24 - event_scoring             - INFO - 28.028s - Chunk 129 processed successfully. Processed 1 general events.
2025-05-25 01:11:25 - sentiment_analysis        - INFO - 28.967s - Successfully got sentiment score
2025-05-25 01:11:25 - sentiment_analysis        - INFO - 28.967s - Chunk 129 processed successfully. Processed 1 person events.
2025-05-25 01:11:25 - inconsistency_detection   - INFO - N/A - (Stage 2) Inconsistency analysis for chunk 129 started
2025-05-25 01:11:25 - inconsistency_detection   - INFO - 0.012s - Chunk 129 processed successfully. Processed 1 person events.
2025-05-25 01:11:25 - person_summary            - INFO - N/A - (Stage 2.1) Person attitude analysis for chunk 129 started
2025-05-25 01:11:25 - person_summary            - INFO - N/A - Missing person ID for person_event 1 in chunk 129.
2025-05-25 01:11:25 - person_summary            - INFO - N/A - No sentiment history found for person Dr. Loren R. Oki in chunk 129, generating new.
2025-05-25 01:11:29 - sentiment_analysis        - WARNING - N/A - Error while parsing response as float: could not convert string to float: 'I\'m ready to analyze the text. However, I don\'t see any text provided. Please provide the text related to the topic "Green energy", and I\'ll be happy to assist you in calculating the sentiment score.'
2025-05-25 01:11:29 - sentiment_analysis        - WARNING - 57.408s - Retry 1/3 due to invalid output: could not convert string to float: 'I\'m ready to analyze the text. However, I don\'t see any text provided. Please provide the text related to the topic "Green energy", and I\'ll be happy to assist you in calculating the sentiment score.'
2025-05-25 01:11:33 - opinion_scoring           - INFO - 20.074s - Successfully calculated opinion scores
2025-05-25 01:11:33 - opinion_scoring           - INFO - 20.075s - Chunk 133 processed successfully. Processed 1 person events.
2025-05-25 01:11:33 - write_node                - ERROR - N/A - Event scores not saved correctly: Expected 0.8, 0.4, 1.0, 0.6699999999999999 but got 0.8, 0.4, 1.0, 0.67
2025-05-25 01:11:33 - write_node                - INFO - N/A - (Stage 3) Scores without inconsistency case
2025-05-25 01:11:33 - write_node                - INFO - N/A - (Stage 2.1) Summary/attitude full case
2025-05-25 01:11:33 - write_node                - ERROR - N/A - Error processing person event: add_attitude_full() got an unexpected keyword argument 'is_expert_flag'
2025-05-25 01:11:33 - write_node                - INFO - N/A - Chunk 133 marked as processed
2025-05-25 01:11:34 - event_classifier          - INFO - N/A - (Stage 0) Processing chunk 131 started
2025-05-25 01:11:43 - event_classifier          - INFO - 25.216s - Chunk 130 processed, (1) general events, (1) opinions.
2025-05-25 01:11:43 - event_scoring             - INFO - N/A - (Stage 1) Event scoring for chunk 130 started
2025-05-25 01:11:43 - sentiment_analysis        - INFO - N/A - (Stage 1) Sentiment analysis for chunk 130 started
2025-05-25 01:11:51 - person_summary            - INFO - 26.306s - Successfully got comment
2025-05-25 01:11:51 - person_summary            - INFO - 26.307s - Chunk 129 processed successfully. Processed 1 person events.
2025-05-25 01:11:51 - opinion_scoring           - INFO - N/A - (Stage 3) Opinion scoring for chunk 129 started
2025-05-25 01:11:55 - sentiment_analysis        - WARNING - N/A - Error while parsing response as float: could not convert string to float: 'I\'m ready to analyze the text. However, you haven\'t provided the text yet. Please provide the text related to the topic "Green energy", and I\'ll be happy to assist you in calculating the sentiment score.'
2025-05-25 01:11:55 - sentiment_analysis        - WARNING - 84.183s - Retry 2/3 due to invalid output: could not convert string to float: 'I\'m ready to analyze the text. However, you haven\'t provided the text yet. Please provide the text related to the topic "Green energy", and I\'ll be happy to assist you in calculating the sentiment score.'
2025-05-25 01:11:55 - sentiment_analysis        - ERROR - 84.183s - Skipping analysis after 3 retries.
2025-05-25 01:11:55 - sentiment_analysis        - WARNING - N/A - Failed to get sentiment score for person_event 1.
2025-05-25 01:11:55 - sentiment_analysis        - INFO - 84.184s - Chunk 128 processed successfully. Processed 1 person events.
2025-05-25 01:11:55 - inconsistency_detection   - INFO - N/A - (Stage 2) Inconsistency analysis for chunk 128 started
2025-05-25 01:11:55 - inconsistency_detection   - ERROR - N/A - Missing sentiment score for person_event 1 in chunk 128.
2025-05-25 01:11:55 - inconsistency_detection   - ERROR - N/A - Error processing person_event 1 for chunk 128: Missing sentiment score for person_event 1 in chunk 128.
2025-05-25 01:11:55 - inconsistency_detection   - INFO - 0.012s - Chunk 128 processed successfully. Processed 2 person events.
2025-05-25 01:11:55 - person_summary            - INFO - N/A - (Stage 2.1) Person attitude analysis for chunk 128 started
2025-05-25 01:11:55 - person_summary            - ERROR - N/A - Missing sentiment score for person_event 1 in chunk 128.
2025-05-25 01:11:55 - person_summary            - ERROR - N/A - Error processing person_event 1 for chunk 128: Missing sentiment score for person_event 1 in chunk 128.
2025-05-25 01:11:55 - person_summary            - INFO - 0.001s - Chunk 128 processed successfully. Processed 2 person events.
2025-05-25 01:11:55 - opinion_scoring           - INFO - N/A - (Stage 3) Opinion scoring for chunk 128 started
2025-05-25 01:12:02 - event_classifier          - INFO - 28.489s - Chunk 131 processed, (1) general events, (1) opinions.
2025-05-25 01:12:02 - event_scoring             - INFO - N/A - (Stage 1) Event scoring for chunk 131 started
2025-05-25 01:12:02 - sentiment_analysis        - INFO - N/A - (Stage 1) Sentiment analysis for chunk 131 started
2025-05-25 01:12:09 - event_scoring             - INFO - 25.349s - Successfully calculated event scores
2025-05-25 01:12:09 - event_scoring             - INFO - 25.350s - Chunk 130 processed successfully. Processed 1 general events.
2025-05-25 01:12:10 - sentiment_analysis        - INFO - 26.293s - Successfully got sentiment score
2025-05-25 01:12:10 - sentiment_analysis        - INFO - 26.293s - Chunk 130 processed successfully. Processed 1 person events.
2025-05-25 01:12:10 - inconsistency_detection   - INFO - N/A - (Stage 2) Inconsistency analysis for chunk 130 started
2025-05-25 01:12:10 - inconsistency_detection   - INFO - 0.013s - Chunk 130 processed successfully. Processed 1 person events.
2025-05-25 01:12:10 - person_summary            - INFO - N/A - (Stage 2.1) Person attitude analysis for chunk 130 started
2025-05-25 01:12:10 - person_summary            - INFO - N/A - Missing person ID for person_event 1 in chunk 130.
2025-05-25 01:12:10 - person_summary            - INFO - N/A - No sentiment history found for person Andreas Szankay in chunk 130, generating new.
2025-05-25 01:12:14 - opinion_scoring           - INFO - 23.184s - Successfully calculated opinion scores
2025-05-25 01:12:14 - opinion_scoring           - INFO - 23.184s - Chunk 129 processed successfully. Processed 1 person events.
2025-05-25 01:12:14 - write_node                - INFO - N/A - (Stage 3) Scores without inconsistency case
2025-05-25 01:12:14 - write_node                - INFO - N/A - (Stage 2.1) Summary/attitude full case
2025-05-25 01:12:14 - write_node                - ERROR - N/A - Error processing person event: add_attitude_full() got an unexpected keyword argument 'is_expert_flag'
2025-05-25 01:12:14 - write_node                - INFO - N/A - Chunk 129 marked as processed
2025-05-25 01:12:15 - event_classifier          - INFO - N/A - (Stage 0) Processing chunk 132 started
2025-05-25 01:12:17 - opinion_scoring           - INFO - 22.136s - Successfully calculated opinion scores
2025-05-25 01:12:17 - opinion_scoring           - INFO - 22.136s - Chunk 128 processed successfully. Processed 1 person events.
2025-05-25 01:12:18 - write_node                - ERROR - N/A - Event scores not saved correctly: Expected 0.8, 1.0, 0.5, 0.7949999999999999 but got 0.8, 1.0, 0.5, 0.795
2025-05-25 01:12:18 - write_node                - INFO - N/A - (Stage 0) No sentiment case
2025-05-25 01:12:18 - write_node                - INFO - N/A - Chunk 128 marked as processed
2025-05-25 01:12:18 - event_classifier          - INFO - N/A - (Stage 0) Processing chunk 127 started
2025-05-25 01:12:22 - event_scoring             - INFO - 19.706s - Successfully calculated event scores
2025-05-25 01:12:22 - event_scoring             - INFO - 19.706s - Chunk 131 processed successfully. Processed 1 general events.
2025-05-25 01:12:23 - sentiment_analysis        - INFO - 20.648s - Successfully got sentiment score
2025-05-25 01:12:23 - sentiment_analysis        - INFO - 20.648s - Chunk 131 processed successfully. Processed 1 person events.
2025-05-25 01:12:23 - inconsistency_detection   - INFO - N/A - (Stage 2) Inconsistency analysis for chunk 131 started
2025-05-25 01:12:23 - inconsistency_detection   - INFO - 0.012s - Chunk 131 processed successfully. Processed 1 person events.
2025-05-25 01:12:23 - person_summary            - INFO - N/A - (Stage 2.1) Person attitude analysis for chunk 131 started
2025-05-25 01:12:23 - person_summary            - INFO - N/A - Missing person ID for person_event 1 in chunk 131.
2025-05-25 01:12:23 - person_summary            - INFO - N/A - No sentiment history found for person Bidwell in chunk 131, generating new.
2025-05-25 01:12:31 - person_summary            - ERROR - N/A - Error in refinement process: 'max_length'. Falling back to truncation.
2025-05-25 01:12:31 - person_summary            - INFO - 21.563s - Successfully got comment
2025-05-25 01:12:31 - person_summary            - INFO - 21.563s - Chunk 130 processed successfully. Processed 1 person events.
2025-05-25 01:12:31 - opinion_scoring           - INFO - N/A - (Stage 3) Opinion scoring for chunk 130 started
2025-05-25 01:12:40 - event_classifier          - INFO - 25.372s - Chunk 132 processed, (1) general events, (1) opinions.
2025-05-25 01:12:40 - event_scoring             - INFO - N/A - (Stage 1) Event scoring for chunk 132 started
2025-05-25 01:12:40 - sentiment_analysis        - INFO - N/A - (Stage 1) Sentiment analysis for chunk 132 started
2025-05-25 01:12:45 - event_classifier          - INFO - 27.090s - Chunk 127 processed, (1) general events, (1) opinions.
2025-05-25 01:12:45 - event_scoring             - INFO - N/A - (Stage 1) Event scoring for chunk 127 started
2025-05-25 01:12:45 - sentiment_analysis        - INFO - N/A - (Stage 1) Sentiment analysis for chunk 127 started
2025-05-25 01:12:51 - person_summary            - INFO - 27.685s - Successfully got comment
2025-05-25 01:12:51 - person_summary            - INFO - 27.686s - Chunk 131 processed successfully. Processed 1 person events.
2025-05-25 01:12:51 - opinion_scoring           - INFO - N/A - (Stage 3) Opinion scoring for chunk 131 started
2025-05-25 01:12:55 - opinion_scoring           - INFO - 23.802s - Successfully calculated opinion scores
2025-05-25 01:12:55 - opinion_scoring           - INFO - 23.803s - Chunk 130 processed successfully. Processed 1 person events.
2025-05-25 01:12:55 - write_node                - ERROR - N/A - Event scores not saved correctly: Expected 0.8, 0.4, 1.0, 0.6699999999999999 but got 0.8, 0.4, 1.0, 0.67
2025-05-25 01:12:55 - write_node                - INFO - N/A - (Stage 3) Scores without inconsistency case
2025-05-25 01:12:55 - write_node                - ERROR - N/A - Opinion scores not saved correctly for ID 11: hotness: expected 0.5249999999999999, got 0.525
2025-05-25 01:12:55 - write_node                - INFO - N/A - (Stage 2.1) Summary/attitude full case
2025-05-25 01:12:55 - write_node                - ERROR - N/A - Error processing person event: add_attitude_full() got an unexpected keyword argument 'is_expert_flag'
2025-05-25 01:12:55 - write_node                - INFO - N/A - Chunk 130 marked as processed
2025-05-25 01:12:56 - event_classifier          - INFO - N/A - (Stage 0) Processing chunk 126 started
2025-05-25 01:13:01 - event_scoring             - INFO - 21.098s - Successfully calculated event scores
2025-05-25 01:13:01 - event_scoring             - INFO - 21.098s - Chunk 132 processed successfully. Processed 1 general events.
2025-05-25 01:13:02 - sentiment_analysis        - INFO - 22.040s - Successfully got sentiment score
2025-05-25 01:13:02 - sentiment_analysis        - INFO - 22.040s - Chunk 132 processed successfully. Processed 1 person events.
2025-05-25 01:13:02 - inconsistency_detection   - INFO - N/A - (Stage 2) Inconsistency analysis for chunk 132 started
2025-05-25 01:13:02 - inconsistency_detection   - INFO - 0.009s - Chunk 132 processed successfully. Processed 1 person events.
2025-05-25 01:13:02 - person_summary            - INFO - N/A - (Stage 2.1) Person attitude analysis for chunk 132 started
2025-05-25 01:13:02 - person_summary            - INFO - N/A - Missing person ID for person_event 1 in chunk 132.
2025-05-25 01:13:02 - person_summary            - INFO - N/A - No sentiment history found for person Bidwell in chunk 132, generating new.
2025-05-25 01:13:07 - event_scoring             - INFO - 21.595s - Successfully calculated event scores
2025-05-25 01:13:07 - event_scoring             - INFO - 21.595s - Chunk 127 processed successfully. Processed 1 general events.
2025-05-25 01:13:11 - sentiment_analysis        - WARNING - N/A - Error while parsing response as float: could not convert string to float: 'I\'m ready to analyze the text. However, I don\'t see any text provided. Please provide the text related to the topic "Green energy", and I\'ll be happy to assist you in calculating the sentiment score.'
2025-05-25 01:13:11 - sentiment_analysis        - WARNING - 25.847s - Error during first attempt: could not convert string to float: 'I\'m ready to analyze the text. However, I don\'t see any text provided. Please provide the text related to the topic "Green energy", and I\'ll be happy to assist you in calculating the sentiment score.'
2025-05-25 01:13:16 - opinion_scoring           - INFO - 25.045s - Successfully calculated opinion scores
2025-05-25 01:13:16 - opinion_scoring           - INFO - 25.046s - Chunk 131 processed successfully. Processed 1 person events.
2025-05-25 01:13:16 - write_node                - INFO - N/A - (Stage 3) Scores without inconsistency case
2025-05-25 01:13:16 - write_node                - INFO - N/A - (Stage 2.1) Summary/attitude full case
2025-05-25 01:13:16 - write_node                - ERROR - N/A - Error processing person event: add_attitude_full() got an unexpected keyword argument 'is_expert_flag'
2025-05-25 01:13:16 - write_node                - INFO - N/A - Chunk 131 marked as processed
2025-05-25 01:13:16 - event_classifier          - INFO - N/A - (Stage 0) Processing chunk 125 started
2025-05-25 01:13:25 - event_classifier          - INFO - 28.915s - Chunk 126 processed, (1) general events, (1) opinions.
2025-05-25 01:13:25 - event_scoring             - INFO - N/A - (Stage 1) Event scoring for chunk 126 started
2025-05-25 01:13:25 - sentiment_analysis        - INFO - N/A - (Stage 1) Sentiment analysis for chunk 126 started
2025-05-25 01:13:32 - person_summary            - INFO - 29.375s - Successfully got comment
2025-05-25 01:13:32 - person_summary            - INFO - 29.375s - Chunk 132 processed successfully. Processed 1 person events.
2025-05-25 01:13:32 - opinion_scoring           - INFO - N/A - (Stage 3) Opinion scoring for chunk 132 started
2025-05-25 01:13:36 - sentiment_analysis        - WARNING - N/A - Error while parsing response as float: could not convert string to float: 'I\'m ready to analyze the text. However, I don\'t see any text provided. Please provide the text related to the topic "Green energy", and I\'ll be happy to assist you in calculating the sentiment score.'
2025-05-25 01:13:36 - sentiment_analysis        - WARNING - 50.768s - Retry 1/3 due to invalid output: could not convert string to float: 'I\'m ready to analyze the text. However, I don\'t see any text provided. Please provide the text related to the topic "Green energy", and I\'ll be happy to assist you in calculating the sentiment score.'
2025-05-25 01:13:47 - event_classifier          - INFO - 30.634s - Chunk 125 processed, (1) general events, (1) opinions.
2025-05-25 01:13:47 - event_scoring             - INFO - N/A - (Stage 1) Event scoring for chunk 125 started
2025-05-25 01:13:47 - sentiment_analysis        - INFO - N/A - (Stage 1) Sentiment analysis for chunk 125 started
2025-05-25 01:13:53 - event_scoring             - INFO - 28.535s - Successfully calculated event scores
2025-05-25 01:13:53 - event_scoring             - INFO - 28.535s - Chunk 126 processed successfully. Processed 1 general events.
2025-05-25 01:13:54 - sentiment_analysis        - INFO - 29.467s - Successfully got sentiment score
2025-05-25 01:13:54 - sentiment_analysis        - INFO - 29.467s - Chunk 126 processed successfully. Processed 1 person events.
2025-05-25 01:13:54 - inconsistency_detection   - INFO - N/A - (Stage 2) Inconsistency analysis for chunk 126 started
2025-05-25 01:13:54 - inconsistency_detection   - INFO - 0.009s - Chunk 126 processed successfully. Processed 1 person events.
2025-05-25 01:13:54 - person_summary            - INFO - N/A - (Stage 2.1) Person attitude analysis for chunk 126 started
2025-05-25 01:13:54 - person_summary            - INFO - N/A - Missing person ID for person_event 1 in chunk 126.
2025-05-25 01:13:54 - person_summary            - INFO - N/A - No sentiment history found for person Geingos in chunk 126, generating new.
2025-05-25 01:13:59 - opinion_scoring           - INFO - 27.010s - Successfully calculated opinion scores
2025-05-25 01:13:59 - opinion_scoring           - INFO - 27.010s - Chunk 132 processed successfully. Processed 1 person events.
2025-05-25 01:13:59 - write_node                - ERROR - N/A - Event scores not saved correctly: Expected 0.2, 0.1, 0.1, 0.11499999999999999 but got 0.2, 0.1, 0.1, 0.115
2025-05-25 01:13:59 - write_node                - INFO - N/A - (Stage 3) Scores without inconsistency case
2025-05-25 01:13:59 - write_node                - INFO - N/A - (Stage 2.1) Summary/attitude full case
2025-05-25 01:13:59 - write_node                - ERROR - N/A - Error processing person event: add_attitude_full() got an unexpected keyword argument 'is_expert_flag'
2025-05-25 01:13:59 - write_node                - INFO - N/A - Chunk 132 marked as processed
2025-05-25 01:13:59 - event_classifier          - INFO - N/A - (Stage 0) Processing chunk 124 started
2025-05-25 01:14:03 - sentiment_analysis        - WARNING - N/A - Error while parsing response as float: could not convert string to float: 'I\'m ready to analyze the text. However, you haven\'t provided the text yet. Please provide the text related to the topic "Green energy", and I\'ll be happy to assist you in calculating the sentiment score.'
2025-05-25 01:14:03 - sentiment_analysis        - WARNING - 77.767s - Retry 2/3 due to invalid output: could not convert string to float: 'I\'m ready to analyze the text. However, you haven\'t provided the text yet. Please provide the text related to the topic "Green energy", and I\'ll be happy to assist you in calculating the sentiment score.'
2025-05-25 01:14:03 - sentiment_analysis        - ERROR - 77.767s - Skipping analysis after 3 retries.
2025-05-25 01:14:03 - sentiment_analysis        - WARNING - N/A - Failed to get sentiment score for person_event 1.
2025-05-25 01:14:03 - sentiment_analysis        - INFO - 77.768s - Chunk 127 processed successfully. Processed 1 person events.
2025-05-25 01:14:03 - inconsistency_detection   - INFO - N/A - (Stage 2) Inconsistency analysis for chunk 127 started
2025-05-25 01:14:03 - inconsistency_detection   - ERROR - N/A - Missing sentiment score for person_event 1 in chunk 127.
2025-05-25 01:14:03 - inconsistency_detection   - ERROR - N/A - Error processing person_event 1 for chunk 127: Missing sentiment score for person_event 1 in chunk 127.
2025-05-25 01:14:03 - inconsistency_detection   - INFO - 0.013s - Chunk 127 processed successfully. Processed 2 person events.
2025-05-25 01:14:03 - person_summary            - INFO - N/A - (Stage 2.1) Person attitude analysis for chunk 127 started
2025-05-25 01:14:03 - person_summary            - ERROR - N/A - Missing sentiment score for person_event 1 in chunk 127.
2025-05-25 01:14:03 - person_summary            - ERROR - N/A - Error processing person_event 1 for chunk 127: Missing sentiment score for person_event 1 in chunk 127.
2025-05-25 01:14:03 - person_summary            - INFO - 0.001s - Chunk 127 processed successfully. Processed 2 person events.
2025-05-25 01:14:03 - opinion_scoring           - INFO - N/A - (Stage 3) Opinion scoring for chunk 127 started
2025-05-25 01:14:09 - event_scoring             - INFO - 21.795s - Successfully calculated event scores
2025-05-25 01:14:09 - event_scoring             - INFO - 21.796s - Chunk 125 processed successfully. Processed 1 general events.
2025-05-25 01:14:10 - sentiment_analysis        - INFO - 22.987s - Successfully got sentiment score
2025-05-25 01:14:10 - sentiment_analysis        - INFO - 22.987s - Chunk 125 processed successfully. Processed 1 person events.
2025-05-25 01:14:10 - inconsistency_detection   - INFO - N/A - (Stage 2) Inconsistency analysis for chunk 125 started
2025-05-25 01:14:10 - inconsistency_detection   - INFO - 0.010s - Chunk 125 processed successfully. Processed 1 person events.
2025-05-25 01:14:10 - person_summary            - INFO - N/A - (Stage 2.1) Person attitude analysis for chunk 125 started
2025-05-25 01:14:10 - person_summary            - INFO - N/A - Missing person ID for person_event 1 in chunk 125.
2025-05-25 01:14:10 - person_summary            - INFO - N/A - No sentiment history found for person Monica Geingos in chunk 125, generating new.
2025-05-25 01:14:18 - person_summary            - ERROR - N/A - Error in refinement process: 'max_length'. Falling back to truncation.
2025-05-25 01:14:18 - person_summary            - INFO - 23.943s - Successfully got comment
2025-05-25 01:14:18 - person_summary            - INFO - 23.944s - Chunk 126 processed successfully. Processed 1 person events.
2025-05-25 01:14:18 - opinion_scoring           - INFO - N/A - (Stage 3) Opinion scoring for chunk 126 started
2025-05-25 01:14:26 - event_classifier          - INFO - 26.965s - Chunk 124 processed, (1) general events, (1) opinions.
2025-05-25 01:14:26 - event_scoring             - INFO - N/A - (Stage 1) Event scoring for chunk 124 started
2025-05-25 01:14:26 - sentiment_analysis        - INFO - N/A - (Stage 1) Sentiment analysis for chunk 124 started
2025-05-25 01:14:31 - opinion_scoring           - INFO - 27.624s - Successfully calculated opinion scores
2025-05-25 01:14:31 - opinion_scoring           - INFO - 27.624s - Chunk 127 processed successfully. Processed 1 person events.
2025-05-25 01:14:31 - write_node                - ERROR - N/A - Event scores not saved correctly: Expected 0.2, 0.1, 0.1, 0.11499999999999999 but got 0.2, 0.1, 0.1, 0.115
2025-05-25 01:14:31 - write_node                - INFO - N/A - (Stage 0) No sentiment case
2025-05-25 01:14:31 - write_node                - INFO - N/A - Chunk 127 marked as processed
2025-05-25 01:14:31 - event_classifier          - INFO - N/A - (Stage 0) Processing chunk 123 started
2025-05-25 01:14:37 - person_summary            - INFO - 27.401s - Successfully got comment
2025-05-25 01:14:37 - person_summary            - INFO - 27.401s - Chunk 125 processed successfully. Processed 1 person events.
2025-05-25 01:14:37 - opinion_scoring           - INFO - N/A - (Stage 3) Opinion scoring for chunk 125 started
2025-05-25 01:14:42 - opinion_scoring           - INFO - 23.777s - Successfully calculated opinion scores
2025-05-25 01:14:42 - opinion_scoring           - INFO - 23.777s - Chunk 126 processed successfully. Processed 1 person events.
2025-05-25 01:14:42 - write_node                - INFO - N/A - (Stage 3) Scores without inconsistency case
2025-05-25 01:14:42 - write_node                - INFO - N/A - (Stage 2.1) Summary/attitude full case
2025-05-25 01:14:42 - write_node                - ERROR - N/A - Error processing person event: add_attitude_full() got an unexpected keyword argument 'is_expert_flag'
2025-05-25 01:14:42 - write_node                - INFO - N/A - Chunk 126 marked as processed
2025-05-25 01:14:43 - event_classifier          - INFO - N/A - (Stage 0) Processing chunk 122 started
2025-05-25 01:14:47 - event_scoring             - INFO - 20.577s - Successfully calculated event scores
2025-05-25 01:14:47 - event_scoring             - INFO - 20.578s - Chunk 124 processed successfully. Processed 1 general events.
2025-05-25 01:14:51 - sentiment_analysis        - WARNING - N/A - Error while parsing response as float: could not convert string to float: 'I\'m ready to analyze the text. However, I don\'t see any text provided. Please provide the text related to the topic "Green energy", and I\'ll be happy to assist you in calculating the sentiment score.'
2025-05-25 01:14:51 - sentiment_analysis        - WARNING - 24.845s - Error during first attempt: could not convert string to float: 'I\'m ready to analyze the text. However, I don\'t see any text provided. Please provide the text related to the topic "Green energy", and I\'ll be happy to assist you in calculating the sentiment score.'
2025-05-25 01:15:02 - event_classifier          - INFO - 30.725s - Chunk 123 processed, (1) general events, (1) opinions.
2025-05-25 01:15:02 - event_scoring             - INFO - N/A - (Stage 1) Event scoring for chunk 123 started
2025-05-25 01:15:02 - sentiment_analysis        - INFO - N/A - (Stage 1) Sentiment analysis for chunk 123 started
2025-05-25 01:15:07 - opinion_scoring           - INFO - 29.154s - Successfully calculated opinion scores
2025-05-25 01:15:07 - opinion_scoring           - INFO - 29.154s - Chunk 125 processed successfully. Processed 1 person events.
2025-05-25 01:15:07 - write_node                - INFO - N/A - (Stage 3) Scores without inconsistency case
2025-05-25 01:15:07 - write_node                - ERROR - N/A - Opinion scores not saved correctly for ID 16: hotness: expected 0.5249999999999999, got 0.525
2025-05-25 01:15:07 - write_node                - INFO - N/A - (Stage 2.1) Summary/attitude full case
2025-05-25 01:15:07 - write_node                - ERROR - N/A - Error processing person event: add_attitude_full() got an unexpected keyword argument 'is_expert_flag'
2025-05-25 01:15:07 - write_node                - INFO - N/A - Chunk 125 marked as processed
2025-05-25 01:15:07 - event_classifier          - INFO - N/A - (Stage 0) Processing chunk 121 started
2025-05-25 01:15:14 - event_classifier          - INFO - 30.985s - Chunk 122 processed, (1) general events, (1) opinions.
2025-05-25 01:15:14 - event_scoring             - INFO - N/A - (Stage 1) Event scoring for chunk 122 started
2025-05-25 01:15:14 - sentiment_analysis        - INFO - N/A - (Stage 1) Sentiment analysis for chunk 122 started
2025-05-25 01:15:18 - sentiment_analysis        - WARNING - N/A - Error while parsing response as float: could not convert string to float: 'I\'m ready to analyze the text. However, you haven\'t provided the text yet. Please provide the text related to the topic "Green energy", and I\'ll be happy to assist you in calculating the sentiment score.'
2025-05-25 01:15:18 - sentiment_analysis        - WARNING - 51.429s - Retry 1/3 due to invalid output: could not convert string to float: 'I\'m ready to analyze the text. However, you haven\'t provided the text yet. Please provide the text related to the topic "Green energy", and I\'ll be happy to assist you in calculating the sentiment score.'
2025-05-25 01:15:24 - event_scoring             - INFO - 22.339s - Successfully calculated event scores
2025-05-25 01:15:24 - event_scoring             - INFO - 22.339s - Chunk 123 processed successfully. Processed 1 general events.
2025-05-25 01:15:26 - sentiment_analysis        - INFO - 23.522s - Successfully got sentiment score
2025-05-25 01:15:26 - sentiment_analysis        - INFO - 23.522s - Chunk 123 processed successfully. Processed 1 person events.
2025-05-25 01:15:26 - inconsistency_detection   - INFO - N/A - (Stage 2) Inconsistency analysis for chunk 123 started
2025-05-25 01:15:26 - inconsistency_detection   - INFO - 0.011s - Chunk 123 processed successfully. Processed 1 person events.
2025-05-25 01:15:26 - person_summary            - INFO - N/A - (Stage 2.1) Person attitude analysis for chunk 123 started
2025-05-25 01:15:26 - person_summary            - INFO - N/A - Missing person ID for person_event 1 in chunk 123.
2025-05-25 01:15:26 - person_summary            - INFO - N/A - No sentiment history found for person Chris Rosslowe in chunk 123, generating new.
2025-05-25 01:15:35 - event_classifier          - INFO - 27.858s - Chunk 121 processed, (1) general events, (1) opinions.
2025-05-25 01:15:35 - event_scoring             - INFO - N/A - (Stage 1) Event scoring for chunk 121 started
2025-05-25 01:15:35 - sentiment_analysis        - INFO - N/A - (Stage 1) Sentiment analysis for chunk 121 started
2025-05-25 01:15:40 - event_scoring             - INFO - 26.512s - Successfully calculated event scores
2025-05-25 01:15:40 - event_scoring             - INFO - 26.512s - Chunk 122 processed successfully. Processed 1 general events.
2025-05-25 01:15:44 - sentiment_analysis        - WARNING - N/A - Error while parsing response as float: could not convert string to float: 'I\'m ready to analyze the text. However, I don\'t see any text provided. Please provide the text related to the topic "Green energy", and I\'ll be happy to assist you in calculating the sentiment score.'
2025-05-25 01:15:44 - sentiment_analysis        - WARNING - 30.805s - Error during first attempt: could not convert string to float: 'I\'m ready to analyze the text. However, I don\'t see any text provided. Please provide the text related to the topic "Green energy", and I\'ll be happy to assist you in calculating the sentiment score.'
2025-05-25 01:15:48 - sentiment_analysis        - WARNING - N/A - Error while parsing response as float: could not convert string to float: 'I\'m ready to analyze the text. However, I don\'t see any text provided. Please provide the text related to the topic "Green energy", and I\'ll be happy to assist you in calculating the sentiment score.'
2025-05-25 01:15:48 - sentiment_analysis        - WARNING - 81.658s - Retry 2/3 due to invalid output: could not convert string to float: 'I\'m ready to analyze the text. However, I don\'t see any text provided. Please provide the text related to the topic "Green energy", and I\'ll be happy to assist you in calculating the sentiment score.'
2025-05-25 01:15:48 - sentiment_analysis        - ERROR - 81.659s - Skipping analysis after 3 retries.
2025-05-25 01:15:48 - sentiment_analysis        - WARNING - N/A - Failed to get sentiment score for person_event 1.
2025-05-25 01:15:48 - sentiment_analysis        - INFO - 81.659s - Chunk 124 processed successfully. Processed 1 person events.
2025-05-25 01:15:48 - inconsistency_detection   - INFO - N/A - (Stage 2) Inconsistency analysis for chunk 124 started
2025-05-25 01:15:48 - inconsistency_detection   - ERROR - N/A - Missing sentiment score for person_event 1 in chunk 124.
2025-05-25 01:15:48 - inconsistency_detection   - ERROR - N/A - Error processing person_event 1 for chunk 124: Missing sentiment score for person_event 1 in chunk 124.
2025-05-25 01:15:48 - inconsistency_detection   - INFO - 0.013s - Chunk 124 processed successfully. Processed 2 person events.
2025-05-25 01:15:48 - person_summary            - INFO - N/A - (Stage 2.1) Person attitude analysis for chunk 124 started
2025-05-25 01:15:48 - person_summary            - ERROR - N/A - Missing sentiment score for person_event 1 in chunk 124.
2025-05-25 01:15:48 - person_summary            - ERROR - N/A - Error processing person_event 1 for chunk 124: Missing sentiment score for person_event 1 in chunk 124.
2025-05-25 01:15:48 - person_summary            - INFO - 0.001s - Chunk 124 processed successfully. Processed 2 person events.
2025-05-25 01:15:48 - opinion_scoring           - INFO - N/A - (Stage 3) Opinion scoring for chunk 124 started
2025-05-25 01:15:57 - person_summary            - INFO - 31.221s - Successfully got comment
2025-05-25 01:15:57 - person_summary            - INFO - 31.222s - Chunk 123 processed successfully. Processed 1 person events.
2025-05-25 01:15:57 - opinion_scoring           - INFO - N/A - (Stage 3) Opinion scoring for chunk 123 started
2025-05-25 01:16:03 - event_scoring             - INFO - 27.725s - Successfully calculated event scores
2025-05-25 01:16:03 - event_scoring             - INFO - 27.726s - Chunk 121 processed successfully. Processed 1 general events.
2025-05-25 01:16:04 - sentiment_analysis        - INFO - 28.653s - Successfully got sentiment score
2025-05-25 01:16:04 - sentiment_analysis        - INFO - 28.653s - Chunk 121 processed successfully. Processed 1 person events.
2025-05-25 01:16:04 - inconsistency_detection   - INFO - N/A - (Stage 2) Inconsistency analysis for chunk 121 started
2025-05-25 01:16:04 - inconsistency_detection   - INFO - 0.009s - Chunk 121 processed successfully. Processed 1 person events.
2025-05-25 01:16:04 - person_summary            - INFO - N/A - (Stage 2.1) Person attitude analysis for chunk 121 started
2025-05-25 01:16:04 - person_summary            - INFO - N/A - Missing person ID for person_event 1 in chunk 121.
2025-05-25 01:16:04 - person_summary            - INFO - N/A - No sentiment history found for person Fatih Birol in chunk 121, generating new.
2025-05-25 01:16:08 - sentiment_analysis        - WARNING - N/A - Error while parsing response as float: could not convert string to float: 'I\'m ready to analyze the text. However, I don\'t see any text provided. Please provide the text related to the topic "Green energy", and I\'ll be happy to assist you in calculating the sentiment score.'
2025-05-25 01:16:08 - sentiment_analysis        - WARNING - 54.012s - Retry 1/3 due to invalid output: could not convert string to float: 'I\'m ready to analyze the text. However, I don\'t see any text provided. Please provide the text related to the topic "Green energy", and I\'ll be happy to assist you in calculating the sentiment score.'
2025-05-25 01:16:12 - opinion_scoring           - INFO - 23.739s - Successfully calculated opinion scores
2025-05-25 01:16:12 - opinion_scoring           - INFO - 23.739s - Chunk 124 processed successfully. Processed 1 person events.
2025-05-25 01:16:12 - write_node                - ERROR - N/A - Event scores not saved correctly: Expected 1.0, 0.8, 0.5, 0.7250000000000001 but got 1.0, 0.8, 0.5, 0.725
2025-05-25 01:16:12 - write_node                - INFO - N/A - (Stage 0) No sentiment case
2025-05-25 01:16:12 - write_node                - INFO - N/A - Chunk 124 marked as processed
2025-05-25 01:16:13 - event_classifier          - INFO - N/A - (Stage 0) Processing chunk 120 started
2025-05-25 01:16:16 - opinion_scoring           - INFO - 18.731s - Successfully calculated opinion scores
2025-05-25 01:16:16 - opinion_scoring           - INFO - 18.731s - Chunk 123 processed successfully. Processed 1 person events.
2025-05-25 01:16:16 - write_node                - INFO - N/A - (Stage 3) Scores without inconsistency case
2025-05-25 01:16:16 - write_node                - ERROR - N/A - Opinion scores not saved correctly for ID 18: hotness: expected 0.6100000000000001, got 0.61
2025-05-25 01:16:16 - write_node                - INFO - N/A - (Stage 2.1) Summary/attitude full case
2025-05-25 01:16:16 - write_node                - ERROR - N/A - Error processing person event: add_attitude_full() got an unexpected keyword argument 'is_expert_flag'
2025-05-25 01:16:16 - write_node                - INFO - N/A - Chunk 123 marked as processed
2025-05-25 01:16:16 - event_classifier          - INFO - N/A - (Stage 0) Processing chunk 117 started
2025-05-25 01:16:23 - person_summary            - INFO - 19.639s - Successfully got comment
2025-05-25 01:16:23 - person_summary            - INFO - 19.639s - Chunk 121 processed successfully. Processed 1 person events.
2025-05-25 01:16:23 - opinion_scoring           - INFO - N/A - (Stage 3) Opinion scoring for chunk 121 started
2025-05-25 01:16:29 - sentiment_analysis        - WARNING - N/A - Error while parsing response as float: could not convert string to float: 'I\'m ready to analyze the text. However, I don\'t see any text provided. Please provide the text related to the topic "Green energy", and I\'ll be happy to assist you in calculating the sentiment score.'
2025-05-25 01:16:29 - sentiment_analysis        - WARNING - 75.760s - Retry 2/3 due to invalid output: could not convert string to float: 'I\'m ready to analyze the text. However, I don\'t see any text provided. Please provide the text related to the topic "Green energy", and I\'ll be happy to assist you in calculating the sentiment score.'
2025-05-25 01:16:29 - sentiment_analysis        - ERROR - 75.760s - Skipping analysis after 3 retries.
2025-05-25 01:16:29 - sentiment_analysis        - WARNING - N/A - Failed to get sentiment score for person_event 1.
2025-05-25 01:16:29 - sentiment_analysis        - INFO - 75.760s - Chunk 122 processed successfully. Processed 1 person events.
2025-05-25 01:16:29 - inconsistency_detection   - INFO - N/A - (Stage 2) Inconsistency analysis for chunk 122 started
2025-05-25 01:16:29 - inconsistency_detection   - ERROR - N/A - Missing sentiment score for person_event 1 in chunk 122.
2025-05-25 01:16:29 - inconsistency_detection   - ERROR - N/A - Error processing person_event 1 for chunk 122: Missing sentiment score for person_event 1 in chunk 122.
2025-05-25 01:16:29 - inconsistency_detection   - INFO - 0.013s - Chunk 122 processed successfully. Processed 2 person events.
2025-05-25 01:16:29 - person_summary            - INFO - N/A - (Stage 2.1) Person attitude analysis for chunk 122 started
2025-05-25 01:16:29 - person_summary            - ERROR - N/A - Missing sentiment score for person_event 1 in chunk 122.
2025-05-25 01:16:29 - person_summary            - ERROR - N/A - Error processing person_event 1 for chunk 122: Missing sentiment score for person_event 1 in chunk 122.
2025-05-25 01:16:29 - person_summary            - INFO - 0.000s - Chunk 122 processed successfully. Processed 2 person events.
2025-05-25 01:16:29 - opinion_scoring           - INFO - N/A - (Stage 3) Opinion scoring for chunk 122 started
2025-05-25 01:16:37 - event_classifier          - WARNING - N/A - Received invalid JSON response: Expecting ',' delimiter: line 9 column 2 (char 235). Attempting to fix...
2025-05-25 01:16:37 - event_classifier          - INFO - N/A - Successfully reconstructed JSON with regex field extraction
2025-05-25 01:16:37 - event_classifier          - INFO - 24.292s - Chunk 120 processed, (1) general events, (1) opinions.
2025-05-25 01:16:37 - event_scoring             - INFO - N/A - (Stage 1) Event scoring for chunk 120 started
2025-05-25 01:16:37 - sentiment_analysis        - INFO - N/A - (Stage 1) Sentiment analysis for chunk 120 started
2025-05-25 01:16:44 - event_classifier          - INFO - 28.080s - Chunk 117 processed, (1) general events, (1) opinions.
2025-05-25 01:16:44 - event_scoring             - INFO - N/A - (Stage 1) Event scoring for chunk 117 started
2025-05-25 01:16:44 - sentiment_analysis        - INFO - N/A - (Stage 1) Sentiment analysis for chunk 117 started
2025-05-25 01:16:49 - opinion_scoring           - INFO - 25.389s - Successfully calculated opinion scores
2025-05-25 01:16:49 - opinion_scoring           - INFO - 25.389s - Chunk 121 processed successfully. Processed 1 person events.
2025-05-25 01:16:49 - write_node                - INFO - N/A - (Stage 3) Scores without inconsistency case
2025-05-25 01:16:49 - write_node                - INFO - N/A - (Stage 2.1) Summary/attitude full case
2025-05-25 01:16:49 - write_node                - ERROR - N/A - Error processing person event: add_attitude_full() got an unexpected keyword argument 'is_expert_flag'
2025-05-25 01:16:49 - write_node                - INFO - N/A - Chunk 121 marked as processed
2025-05-25 01:16:50 - event_classifier          - INFO - N/A - (Stage 0) Processing chunk 118 started
2025-05-25 01:16:52 - opinion_scoring           - INFO - 23.116s - Successfully calculated opinion scores
2025-05-25 01:16:52 - opinion_scoring           - INFO - 23.116s - Chunk 122 processed successfully. Processed 1 person events.
2025-05-25 01:16:53 - write_node                - INFO - N/A - (Stage 0) No sentiment case
2025-05-25 01:16:53 - write_node                - INFO - N/A - Chunk 122 marked as processed
2025-05-25 01:16:53 - event_classifier          - INFO - N/A - (Stage 0) Processing chunk 119 started
2025-05-25 01:16:58 - event_scoring             - INFO - 20.752s - Successfully calculated event scores
2025-05-25 01:16:58 - event_scoring             - INFO - 20.752s - Chunk 120 processed successfully. Processed 1 general events.
2025-05-25 01:17:00 - sentiment_analysis        - INFO - 23.576s - Successfully got sentiment score
2025-05-25 01:17:00 - sentiment_analysis        - INFO - 23.576s - Chunk 120 processed successfully. Processed 1 person events.
2025-05-25 01:17:00 - inconsistency_detection   - INFO - N/A - (Stage 2) Inconsistency analysis for chunk 120 started
2025-05-25 01:17:00 - inconsistency_detection   - INFO - 0.075s - Chunk 120 processed successfully. Processed 1 person events.
2025-05-25 01:17:00 - person_summary            - INFO - N/A - (Stage 2.1) Person attitude analysis for chunk 120 started
2025-05-25 01:17:01 - person_summary            - INFO - N/A - Sentiment history found for person Unspecified in chunk 120.
2025-05-25 01:17:06 - event_scoring             - INFO - 21.524s - Successfully calculated event scores
2025-05-25 01:17:06 - event_scoring             - INFO - 21.525s - Chunk 117 processed successfully. Processed 1 general events.
2025-05-25 01:17:07 - sentiment_analysis        - INFO - 22.462s - Successfully got sentiment score
2025-05-25 01:17:07 - sentiment_analysis        - INFO - 22.462s - Chunk 117 processed successfully. Processed 1 person events.
2025-05-25 01:17:07 - inconsistency_detection   - INFO - N/A - (Stage 2) Inconsistency analysis for chunk 117 started
2025-05-25 01:17:07 - inconsistency_detection   - INFO - 0.012s - Chunk 117 processed successfully. Processed 1 person events.
2025-05-25 01:17:07 - person_summary            - INFO - N/A - (Stage 2.1) Person attitude analysis for chunk 117 started
2025-05-25 01:17:07 - person_summary            - INFO - N/A - Missing person ID for person_event 1 in chunk 117.
2025-05-25 01:17:07 - person_summary            - INFO - N/A - No sentiment history found for person Verner Ayukegba in chunk 117, generating new.
2025-05-25 01:17:16 - event_classifier          - INFO - 26.778s - Chunk 118 processed, (1) general events, (1) opinions.
2025-05-25 01:17:16 - event_scoring             - INFO - N/A - (Stage 1) Event scoring for chunk 118 started
2025-05-25 01:17:16 - sentiment_analysis        - INFO - N/A - (Stage 1) Sentiment analysis for chunk 118 started
2025-05-25 01:17:24 - event_classifier          - INFO - 31.310s - Chunk 119 processed, (1) general events, (1) opinions.
2025-05-25 01:17:24 - event_scoring             - INFO - N/A - (Stage 1) Event scoring for chunk 119 started
2025-05-25 01:17:24 - sentiment_analysis        - INFO - N/A - (Stage 1) Sentiment analysis for chunk 119 started
2025-05-25 01:17:32 - person_summary            - ERROR - N/A - Error in refinement process: 'max_length'. Falling back to truncation.
2025-05-25 01:17:32 - person_summary            - INFO - 31.026s - Successfully got comment
2025-05-25 01:17:32 - person_summary            - INFO - 31.060s - Chunk 120 processed successfully. Processed 1 person events.
2025-05-25 01:17:32 - opinion_scoring           - INFO - N/A - (Stage 3) Opinion scoring for chunk 120 started
2025-05-25 01:17:37 - person_summary            - INFO - 30.320s - Successfully got comment
2025-05-25 01:17:37 - person_summary            - INFO - 30.321s - Chunk 117 processed successfully. Processed 1 person events.
2025-05-25 01:17:37 - opinion_scoring           - INFO - N/A - (Stage 3) Opinion scoring for chunk 117 started
2025-05-25 01:17:43 - event_scoring             - INFO - 26.849s - Successfully calculated event scores
2025-05-25 01:17:43 - event_scoring             - INFO - 26.849s - Chunk 118 processed successfully. Processed 1 general events.
2025-05-25 01:17:44 - sentiment_analysis        - INFO - 27.797s - Successfully got sentiment score
2025-05-25 01:17:44 - sentiment_analysis        - INFO - 27.797s - Chunk 118 processed successfully. Processed 1 person events.
2025-05-25 01:17:44 - inconsistency_detection   - INFO - N/A - (Stage 2) Inconsistency analysis for chunk 118 started
2025-05-25 01:17:44 - inconsistency_detection   - INFO - 0.011s - Chunk 118 processed successfully. Processed 1 person events.
2025-05-25 01:17:44 - person_summary            - INFO - N/A - (Stage 2.1) Person attitude analysis for chunk 118 started
2025-05-25 01:17:44 - person_summary            - INFO - N/A - Missing person ID for person_event 1 in chunk 118.
2025-05-25 01:17:44 - person_summary            - INFO - N/A - No sentiment history found for person Ayukegba in chunk 118, generating new.
2025-05-25 01:17:50 - event_scoring             - INFO - 25.389s - Successfully calculated event scores
2025-05-25 01:17:50 - event_scoring             - INFO - 25.389s - Chunk 119 processed successfully. Processed 1 general events.
2025-05-25 01:17:51 - sentiment_analysis        - INFO - 26.582s - Successfully got sentiment score
2025-05-25 01:17:51 - sentiment_analysis        - INFO - 26.582s - Chunk 119 processed successfully. Processed 1 person events.
2025-05-25 01:17:51 - inconsistency_detection   - INFO - N/A - (Stage 2) Inconsistency analysis for chunk 119 started
2025-05-25 01:17:51 - inconsistency_detection   - INFO - 0.013s - Chunk 119 processed successfully. Processed 1 person events.
2025-05-25 01:17:51 - person_summary            - INFO - N/A - (Stage 2.1) Person attitude analysis for chunk 119 started
2025-05-25 01:17:51 - person_summary            - INFO - N/A - Missing person ID for person_event 1 in chunk 119.
2025-05-25 01:17:51 - person_summary            - INFO - N/A - No sentiment history found for person Ayukegba in chunk 119, generating new.
2025-05-25 01:17:56 - opinion_scoring           - INFO - 24.051s - Successfully calculated opinion scores
2025-05-25 01:17:56 - opinion_scoring           - INFO - 24.052s - Chunk 120 processed successfully. Processed 1 person events.
2025-05-25 01:17:56 - write_node                - INFO - N/A - (Stage 3) Scored case
2025-05-25 01:17:56 - write_node                - INFO - N/A - (Stage 2.1) Summary/attitude full case
2025-05-25 01:17:56 - write_node                - ERROR - N/A - Error processing person event: add_attitude_full() got an unexpected keyword argument 'is_expert_flag'
2025-05-25 01:17:56 - write_node                - INFO - N/A - Chunk 120 marked as processed
2025-05-25 01:17:56 - event_classifier          - INFO - N/A - (Stage 0) Processing chunk 115 started
2025-05-25 01:17:59 - opinion_scoring           - INFO - 21.969s - Successfully calculated opinion scores
2025-05-25 01:17:59 - opinion_scoring           - INFO - 21.969s - Chunk 117 processed successfully. Processed 1 person events.
2025-05-25 01:17:59 - write_node                - ERROR - N/A - Event scores not saved correctly: Expected 1.0, 0.8, 0.5, 0.7250000000000001 but got 1.0, 0.8, 0.5, 0.725
2025-05-25 01:17:59 - write_node                - INFO - N/A - (Stage 3) Scores without inconsistency case
2025-05-25 01:17:59 - write_node                - INFO - N/A - (Stage 2.1) Summary/attitude full case
2025-05-25 01:17:59 - write_node                - ERROR - N/A - Error processing person event: add_attitude_full() got an unexpected keyword argument 'is_expert_flag'
2025-05-25 01:17:59 - write_node                - INFO - N/A - Chunk 117 marked as processed
2025-05-25 01:18:00 - event_classifier          - INFO - N/A - (Stage 0) Processing chunk 116 started
2025-05-25 01:18:08 - person_summary            - ERROR - N/A - Error in refinement process: 'max_length'. Falling back to truncation.
2025-05-25 01:18:08 - person_summary            - INFO - 23.736s - Successfully got comment
2025-05-25 01:18:08 - person_summary            - INFO - 23.736s - Chunk 118 processed successfully. Processed 1 person events.
2025-05-25 01:18:08 - opinion_scoring           - INFO - N/A - (Stage 3) Opinion scoring for chunk 118 started
2025-05-25 01:18:12 - person_summary            - INFO - 21.138s - Successfully got comment
2025-05-25 01:18:12 - person_summary            - INFO - 21.138s - Chunk 119 processed successfully. Processed 1 person events.
2025-05-25 01:18:12 - opinion_scoring           - INFO - N/A - (Stage 3) Opinion scoring for chunk 119 started
2025-05-25 01:18:22 - event_classifier          - INFO - 25.821s - Chunk 115 processed, (1) general events, (1) opinions.
2025-05-25 01:18:22 - event_scoring             - INFO - N/A - (Stage 1) Event scoring for chunk 115 started
2025-05-25 01:18:22 - sentiment_analysis        - INFO - N/A - (Stage 1) Sentiment analysis for chunk 115 started
2025-05-25 01:18:29 - event_classifier          - INFO - 29.594s - Chunk 116 processed, (1) general events, (1) opinions.
2025-05-25 01:18:29 - event_scoring             - INFO - N/A - (Stage 1) Event scoring for chunk 116 started
2025-05-25 01:18:29 - sentiment_analysis        - INFO - N/A - (Stage 1) Sentiment analysis for chunk 116 started
2025-05-25 01:18:34 - opinion_scoring           - INFO - 26.033s - Successfully calculated opinion scores
2025-05-25 01:18:34 - opinion_scoring           - INFO - 26.033s - Chunk 118 processed successfully. Processed 1 person events.
2025-05-25 01:18:34 - write_node                - INFO - N/A - (Stage 3) Scores without inconsistency case
2025-05-25 01:18:34 - write_node                - ERROR - N/A - Opinion scores not saved correctly for ID 23: hotness: expected 0.6100000000000001, got 0.61
2025-05-25 01:18:34 - write_node                - INFO - N/A - (Stage 2.1) Summary/attitude full case
2025-05-25 01:18:34 - write_node                - ERROR - N/A - Error processing person event: add_attitude_full() got an unexpected keyword argument 'is_expert_flag'
2025-05-25 01:18:34 - write_node                - INFO - N/A - Chunk 118 marked as processed
2025-05-25 01:18:35 - event_classifier          - INFO - N/A - (Stage 0) Processing chunk 113 started
2025-05-25 01:18:37 - opinion_scoring           - INFO - 25.166s - Successfully calculated opinion scores
2025-05-25 01:18:37 - opinion_scoring           - INFO - 25.166s - Chunk 119 processed successfully. Processed 1 person events.
2025-05-25 01:18:37 - write_node                - INFO - N/A - (Stage 3) Scores without inconsistency case
2025-05-25 01:18:37 - write_node                - ERROR - N/A - Opinion scores not saved correctly for ID 24: hotness: expected 0.6100000000000001, got 0.61
2025-05-25 01:18:37 - write_node                - INFO - N/A - (Stage 2.1) Summary/attitude full case
2025-05-25 01:18:37 - write_node                - ERROR - N/A - Error processing person event: add_attitude_full() got an unexpected keyword argument 'is_expert_flag'
2025-05-25 01:18:38 - write_node                - INFO - N/A - Chunk 119 marked as processed
2025-05-25 01:18:38 - event_classifier          - INFO - N/A - (Stage 0) Processing chunk 114 started
2025-05-25 01:18:44 - event_scoring             - INFO - 21.579s - Successfully calculated event scores
2025-05-25 01:18:44 - event_scoring             - INFO - 21.579s - Chunk 115 processed successfully. Processed 1 general events.
2025-05-25 01:18:45 - sentiment_analysis        - INFO - 22.512s - Successfully got sentiment score
2025-05-25 01:18:45 - sentiment_analysis        - INFO - 22.512s - Chunk 115 processed successfully. Processed 1 person events.
2025-05-25 01:18:45 - inconsistency_detection   - INFO - N/A - (Stage 2) Inconsistency analysis for chunk 115 started
2025-05-25 01:18:45 - inconsistency_detection   - INFO - 0.013s - Chunk 115 processed successfully. Processed 1 person events.
2025-05-25 01:18:45 - person_summary            - INFO - N/A - (Stage 2.1) Person attitude analysis for chunk 115 started
2025-05-25 01:18:45 - person_summary            - INFO - N/A - Missing person ID for person_event 1 in chunk 115.
2025-05-25 01:18:45 - person_summary            - INFO - N/A - No sentiment history found for person Donnel Baird in chunk 115, generating new.
2025-05-25 01:18:51 - event_scoring             - INFO - 21.291s - Successfully calculated event scores
2025-05-25 01:18:51 - event_scoring             - INFO - 21.291s - Chunk 116 processed successfully. Processed 1 general events.
2025-05-25 01:18:52 - sentiment_analysis        - INFO - 22.223s - Successfully got sentiment score
2025-05-25 01:18:52 - sentiment_analysis        - INFO - 22.223s - Chunk 116 processed successfully. Processed 1 person events.
2025-05-25 01:18:52 - inconsistency_detection   - INFO - N/A - (Stage 2) Inconsistency analysis for chunk 116 started
2025-05-25 01:18:52 - inconsistency_detection   - INFO - 0.011s - Chunk 116 processed successfully. Processed 1 person events.
2025-05-25 01:18:52 - person_summary            - INFO - N/A - (Stage 2.1) Person attitude analysis for chunk 116 started
2025-05-25 01:18:52 - person_summary            - INFO - N/A - Missing person ID for person_event 1 in chunk 116.
2025-05-25 01:18:52 - person_summary            - INFO - N/A - No sentiment history found for person Baird in chunk 116, generating new.
2025-05-25 01:19:01 - event_classifier          - INFO - 26.035s - Chunk 113 processed, (1) general events, (1) opinions.
2025-05-25 01:19:01 - event_scoring             - INFO - N/A - (Stage 1) Event scoring for chunk 113 started
2025-05-25 01:19:01 - sentiment_analysis        - INFO - N/A - (Stage 1) Sentiment analysis for chunk 113 started
2025-05-25 01:19:09 - event_classifier          - INFO - 31.005s - Chunk 114 processed, (1) general events, (1) opinions.
2025-05-25 01:19:09 - event_scoring             - INFO - N/A - (Stage 1) Event scoring for chunk 114 started
2025-05-25 01:19:09 - sentiment_analysis        - INFO - N/A - (Stage 1) Sentiment analysis for chunk 114 started
2025-05-25 01:19:16 - person_summary            - INFO - 31.827s - Successfully got comment
2025-05-25 01:19:16 - person_summary            - INFO - 31.827s - Chunk 115 processed successfully. Processed 1 person events.
2025-05-25 01:19:16 - opinion_scoring           - INFO - N/A - (Stage 3) Opinion scoring for chunk 115 started
2025-05-25 01:19:24 - person_summary            - INFO - 32.082s - Successfully got comment
2025-05-25 01:19:24 - person_summary            - INFO - 32.084s - Chunk 116 processed successfully. Processed 1 person events.
2025-05-25 01:19:24 - opinion_scoring           - INFO - N/A - (Stage 3) Opinion scoring for chunk 116 started
2025-05-25 01:19:29 - event_scoring             - INFO - 28.339s - Successfully calculated event scores
2025-05-25 01:19:29 - event_scoring             - INFO - 28.340s - Chunk 113 processed successfully. Processed 1 general events.
2025-05-25 01:19:30 - sentiment_analysis        - INFO - 29.277s - Successfully got sentiment score
2025-05-25 01:19:30 - sentiment_analysis        - INFO - 29.278s - Chunk 113 processed successfully. Processed 1 person events.
2025-05-25 01:19:30 - inconsistency_detection   - INFO - N/A - (Stage 2) Inconsistency analysis for chunk 113 started
2025-05-25 01:19:30 - inconsistency_detection   - INFO - 0.025s - Chunk 113 processed successfully. Processed 1 person events.
2025-05-25 01:19:30 - person_summary            - INFO - N/A - (Stage 2.1) Person attitude analysis for chunk 113 started
2025-05-25 01:19:30 - person_summary            - INFO - N/A - Sentiment history found for person Fatih Birol in chunk 113.
2025-05-25 01:19:36 - event_scoring             - INFO - 26.676s - Successfully calculated event scores
2025-05-25 01:19:36 - event_scoring             - INFO - 26.676s - Chunk 114 processed successfully. Processed 1 general events.
2025-05-25 01:19:37 - sentiment_analysis        - INFO - 27.610s - Successfully got sentiment score
2025-05-25 01:19:37 - sentiment_analysis        - INFO - 27.610s - Chunk 114 processed successfully. Processed 1 person events.
2025-05-25 01:19:37 - inconsistency_detection   - INFO - N/A - (Stage 2) Inconsistency analysis for chunk 114 started
2025-05-25 01:19:37 - inconsistency_detection   - INFO - 0.012s - Chunk 114 processed successfully. Processed 1 person events.
2025-05-25 01:19:37 - person_summary            - INFO - N/A - (Stage 2.1) Person attitude analysis for chunk 114 started
2025-05-25 01:19:37 - person_summary            - INFO - N/A - Missing person ID for person_event 1 in chunk 114.
2025-05-25 01:19:37 - person_summary            - INFO - N/A - No sentiment history found for person Julia Horowitz in chunk 114, generating new.
2025-05-25 01:19:41 - opinion_scoring           - INFO - 24.760s - Successfully calculated opinion scores
2025-05-25 01:19:41 - opinion_scoring           - INFO - 24.761s - Chunk 115 processed successfully. Processed 1 person events.
2025-05-25 01:19:41 - write_node                - INFO - N/A - (Stage 3) Scores without inconsistency case
2025-05-25 01:19:41 - write_node                - INFO - N/A - (Stage 2.1) Summary/attitude full case
2025-05-25 01:19:41 - write_node                - ERROR - N/A - Error processing person event: add_attitude_full() got an unexpected keyword argument 'is_expert_flag'
2025-05-25 01:19:41 - write_node                - INFO - N/A - Chunk 115 marked as processed
2025-05-25 01:19:42 - event_classifier          - INFO - N/A - (Stage 0) Processing chunk 111 started
2025-05-25 01:19:45 - opinion_scoring           - INFO - 21.010s - Successfully calculated opinion scores
2025-05-25 01:19:45 - opinion_scoring           - INFO - 21.010s - Chunk 116 processed successfully. Processed 1 person events.
2025-05-25 01:19:45 - write_node                - INFO - N/A - (Stage 3) Scores without inconsistency case
2025-05-25 01:19:45 - write_node                - ERROR - N/A - Opinion scores not saved correctly for ID 26: hotness: expected 0.6100000000000001, got 0.61
2025-05-25 01:19:45 - write_node                - INFO - N/A - (Stage 2.1) Summary/attitude full case
2025-05-25 01:19:45 - write_node                - ERROR - N/A - Error processing person event: add_attitude_full() got an unexpected keyword argument 'is_expert_flag'
2025-05-25 01:19:45 - write_node                - INFO - N/A - Chunk 116 marked as processed
2025-05-25 01:19:45 - event_classifier          - INFO - N/A - (Stage 0) Processing chunk 112 started
2025-05-25 01:19:51 - person_summary            - INFO - 21.068s - Successfully got comment
2025-05-25 01:19:51 - person_summary            - INFO - 21.097s - Chunk 113 processed successfully. Processed 1 person events.
2025-05-25 01:19:51 - opinion_scoring           - INFO - N/A - (Stage 3) Opinion scoring for chunk 113 started
2025-05-25 01:19:58 - person_summary            - INFO - 21.774s - Successfully got comment
2025-05-25 01:19:58 - person_summary            - INFO - 21.776s - Chunk 114 processed successfully. Processed 1 person events.
2025-05-25 01:19:58 - opinion_scoring           - INFO - N/A - (Stage 3) Opinion scoring for chunk 114 started
2025-05-25 01:20:10 - event_classifier          - INFO - 27.686s - Chunk 111 processed, (1) general events, (1) opinions.
2025-05-25 01:20:10 - event_scoring             - INFO - N/A - (Stage 1) Event scoring for chunk 111 started
2025-05-25 01:20:10 - sentiment_analysis        - INFO - N/A - (Stage 1) Sentiment analysis for chunk 111 started
2025-05-25 01:20:21 - event_classifier          - INFO - 35.449s - Chunk 112 processed, (1) general events, (1) opinions.
2025-05-25 01:20:21 - event_scoring             - INFO - N/A - (Stage 1) Event scoring for chunk 112 started
2025-05-25 01:20:21 - sentiment_analysis        - INFO - N/A - (Stage 1) Sentiment analysis for chunk 112 started
2025-05-25 01:20:25 - opinion_scoring           - INFO - 34.328s - Successfully calculated opinion scores
2025-05-25 01:20:25 - opinion_scoring           - INFO - 34.328s - Chunk 113 processed successfully. Processed 1 person events.
2025-05-25 01:20:25 - write_node                - INFO - N/A - (Stage 3) Scored case
2025-05-25 01:20:26 - write_node                - INFO - N/A - (Stage 2.1) Summary/attitude full case
2025-05-25 01:20:26 - write_node                - ERROR - N/A - Error processing person event: add_attitude_full() got an unexpected keyword argument 'is_expert_flag'
2025-05-25 01:20:26 - write_node                - INFO - N/A - Chunk 113 marked as processed
2025-05-25 01:20:26 - event_classifier          - INFO - N/A - (Stage 0) Processing chunk 110 started
2025-05-25 01:20:29 - opinion_scoring           - INFO - 30.533s - Successfully calculated opinion scores
2025-05-25 01:20:29 - opinion_scoring           - INFO - 30.533s - Chunk 114 processed successfully. Processed 1 person events.
2025-05-25 01:20:29 - write_node                - INFO - N/A - (Stage 3) Scores without inconsistency case
2025-05-25 01:20:29 - write_node                - INFO - N/A - (Stage 2.1) Summary/attitude full case
2025-05-25 01:20:29 - write_node                - ERROR - N/A - Error processing person event: add_attitude_full() got an unexpected keyword argument 'is_expert_flag'
2025-05-25 01:20:29 - write_node                - INFO - N/A - Chunk 114 marked as processed
2025-05-25 01:20:30 - event_classifier          - INFO - N/A - (Stage 0) Processing chunk 109 started
2025-05-25 01:20:37 - event_scoring             - INFO - 27.648s - Successfully calculated event scores
2025-05-25 01:20:37 - event_scoring             - INFO - 27.648s - Chunk 111 processed successfully. Processed 1 general events.
2025-05-25 01:20:41 - sentiment_analysis        - INFO - 31.156s - Successfully got sentiment score
2025-05-25 01:20:41 - sentiment_analysis        - INFO - 31.156s - Chunk 111 processed successfully. Processed 1 person events.
2025-05-25 01:20:41 - inconsistency_detection   - INFO - N/A - (Stage 2) Inconsistency analysis for chunk 111 started
2025-05-25 01:20:41 - inconsistency_detection   - INFO - 0.011s - Chunk 111 processed successfully. Processed 1 person events.
2025-05-25 01:20:41 - person_summary            - INFO - N/A - (Stage 2.1) Person attitude analysis for chunk 111 started
2025-05-25 01:20:41 - person_summary            - INFO - N/A - Missing person ID for person_event 1 in chunk 111.
2025-05-25 01:20:41 - person_summary            - INFO - N/A - No sentiment history found for person AlQubaisi in chunk 111, generating new.
2025-05-25 01:20:48 - event_scoring             - INFO - 26.747s - Successfully calculated event scores
2025-05-25 01:20:48 - event_scoring             - INFO - 26.747s - Chunk 112 processed successfully. Processed 1 general events.
2025-05-25 01:20:51 - sentiment_analysis        - INFO - 30.286s - Successfully got sentiment score
2025-05-25 01:20:51 - sentiment_analysis        - INFO - 30.286s - Chunk 112 processed successfully. Processed 1 person events.
2025-05-25 01:20:51 - inconsistency_detection   - INFO - N/A - (Stage 2) Inconsistency analysis for chunk 112 started
2025-05-25 01:20:51 - inconsistency_detection   - INFO - 0.011s - Chunk 112 processed successfully. Processed 1 person events.
2025-05-25 01:20:51 - person_summary            - INFO - N/A - (Stage 2.1) Person attitude analysis for chunk 112 started
2025-05-25 01:20:51 - person_summary            - INFO - N/A - Missing person ID for person_event 1 in chunk 112.
2025-05-25 01:20:51 - person_summary            - INFO - N/A - No sentiment history found for person AlQubaisi in chunk 112, generating new.
2025-05-25 01:21:02 - event_classifier          - INFO - 36.014s - Chunk 110 processed, (1) general events, (1) opinions.
2025-05-25 01:21:02 - event_scoring             - INFO - N/A - (Stage 1) Event scoring for chunk 110 started
2025-05-25 01:21:02 - sentiment_analysis        - INFO - N/A - (Stage 1) Sentiment analysis for chunk 110 started
2025-05-25 01:21:09 - event_classifier          - INFO - 39.590s - Chunk 109 processed, (1) general events, (1) opinions.
2025-05-25 01:21:09 - event_scoring             - INFO - N/A - (Stage 1) Event scoring for chunk 109 started
2025-05-25 01:21:09 - sentiment_analysis        - INFO - N/A - (Stage 1) Sentiment analysis for chunk 109 started
2025-05-25 01:21:18 - person_summary            - INFO - 36.717s - Successfully got comment
2025-05-25 01:21:18 - person_summary            - INFO - 36.718s - Chunk 111 processed successfully. Processed 1 person events.
2025-05-25 01:21:18 - opinion_scoring           - INFO - N/A - (Stage 3) Opinion scoring for chunk 111 started
2025-05-25 01:21:26 - person_summary            - ERROR - N/A - Error in refinement process: 'max_length'. Falling back to truncation.
2025-05-25 01:21:26 - person_summary            - INFO - 34.542s - Successfully got comment
2025-05-25 01:21:26 - person_summary            - INFO - 34.542s - Chunk 112 processed successfully. Processed 1 person events.
2025-05-25 01:21:26 - opinion_scoring           - INFO - N/A - (Stage 3) Opinion scoring for chunk 112 started
2025-05-25 01:21:32 - event_scoring             - INFO - 30.178s - Successfully calculated event scores
2025-05-25 01:21:32 - event_scoring             - INFO - 30.178s - Chunk 110 processed successfully. Processed 1 general events.
2025-05-25 01:21:33 - sentiment_analysis        - INFO - 31.371s - Successfully got sentiment score
2025-05-25 01:21:33 - sentiment_analysis        - INFO - 31.371s - Chunk 110 processed successfully. Processed 1 person events.
2025-05-25 01:21:33 - inconsistency_detection   - INFO - N/A - (Stage 2) Inconsistency analysis for chunk 110 started
2025-05-25 01:21:33 - inconsistency_detection   - INFO - 0.012s - Chunk 110 processed successfully. Processed 1 person events.
2025-05-25 01:21:33 - person_summary            - INFO - N/A - (Stage 2.1) Person attitude analysis for chunk 110 started
2025-05-25 01:21:33 - person_summary            - INFO - N/A - Missing person ID for person_event 1 in chunk 110.
2025-05-25 01:21:33 - person_summary            - INFO - N/A - No sentiment history found for person Mariam AlQubaisi in chunk 110, generating new.
2025-05-25 01:21:39 - event_scoring             - INFO - 29.241s - Successfully calculated event scores
2025-05-25 01:21:39 - event_scoring             - INFO - 29.242s - Chunk 109 processed successfully. Processed 1 general events.
2025-05-25 01:21:39 - sentiment_analysis        - INFO - 30.190s - Successfully got sentiment score
2025-05-25 01:21:39 - sentiment_analysis        - INFO - 30.191s - Chunk 109 processed successfully. Processed 1 person events.
2025-05-25 01:21:39 - inconsistency_detection   - INFO - N/A - (Stage 2) Inconsistency analysis for chunk 109 started
2025-05-25 01:21:39 - inconsistency_detection   - INFO - 0.027s - Chunk 109 processed successfully. Processed 1 person events.
2025-05-25 01:21:39 - person_summary            - INFO - N/A - (Stage 2.1) Person attitude analysis for chunk 109 started
2025-05-25 01:21:40 - person_summary            - INFO - N/A - Sentiment history found for person Julia Horowitz in chunk 109.
2025-05-25 01:21:44 - opinion_scoring           - INFO - 26.491s - Successfully calculated opinion scores
2025-05-25 01:21:44 - opinion_scoring           - INFO - 26.491s - Chunk 111 processed successfully. Processed 1 person events.
2025-05-25 01:21:44 - write_node                - INFO - N/A - (Stage 3) Scores without inconsistency case
2025-05-25 01:21:44 - write_node                - INFO - N/A - (Stage 2.1) Summary/attitude full case
2025-05-25 01:21:44 - write_node                - ERROR - N/A - Error processing person event: add_attitude_full() got an unexpected keyword argument 'is_expert_flag'
2025-05-25 01:21:44 - write_node                - INFO - N/A - Chunk 111 marked as processed
2025-05-25 01:21:45 - event_classifier          - INFO - N/A - (Stage 0) Processing chunk 108 started
2025-05-25 01:21:48 - opinion_scoring           - INFO - 21.939s - Successfully calculated opinion scores
2025-05-25 01:21:48 - opinion_scoring           - INFO - 21.939s - Chunk 112 processed successfully. Processed 1 person events.
2025-05-25 01:21:48 - write_node                - INFO - N/A - (Stage 3) Scores without inconsistency case
2025-05-25 01:21:48 - write_node                - INFO - N/A - (Stage 2.1) Summary/attitude full case
2025-05-25 01:21:48 - write_node                - ERROR - N/A - Error processing person event: add_attitude_full() got an unexpected keyword argument 'is_expert_flag'
2025-05-25 01:21:48 - write_node                - INFO - N/A - Chunk 112 marked as processed
2025-05-25 01:21:48 - event_classifier          - INFO - N/A - (Stage 0) Processing chunk 106 started
2025-05-25 01:21:56 - person_summary            - INFO - 22.504s - Successfully got comment
2025-05-25 01:21:56 - person_summary            - INFO - 22.505s - Chunk 110 processed successfully. Processed 1 person events.
2025-05-25 01:21:56 - opinion_scoring           - INFO - N/A - (Stage 3) Opinion scoring for chunk 110 started
2025-05-25 01:22:05 - person_summary            - ERROR - N/A - Error in refinement process: 'max_length'. Falling back to truncation.
2025-05-25 01:22:05 - person_summary            - INFO - 25.903s - Successfully got comment
2025-05-25 01:22:05 - person_summary            - INFO - 25.930s - Chunk 109 processed successfully. Processed 1 person events.
2025-05-25 01:22:05 - opinion_scoring           - INFO - N/A - (Stage 3) Opinion scoring for chunk 109 started
2025-05-25 01:22:16 - event_classifier          - INFO - 31.476s - Chunk 108 processed, (1) general events, (1) opinions.
2025-05-25 01:22:16 - event_scoring             - INFO - N/A - (Stage 1) Event scoring for chunk 108 started
2025-05-25 01:22:16 - sentiment_analysis        - INFO - N/A - (Stage 1) Sentiment analysis for chunk 108 started
2025-05-25 01:22:26 - event_classifier          - INFO - 37.981s - Chunk 106 processed, (1) general events, (1) opinions.
2025-05-25 01:22:26 - event_scoring             - INFO - N/A - (Stage 1) Event scoring for chunk 106 started
2025-05-25 01:22:26 - sentiment_analysis        - INFO - N/A - (Stage 1) Sentiment analysis for chunk 106 started
2025-05-25 01:22:31 - opinion_scoring           - INFO - 34.872s - Successfully calculated opinion scores
2025-05-25 01:22:31 - opinion_scoring           - INFO - 34.873s - Chunk 110 processed successfully. Processed 1 person events.
2025-05-25 01:22:31 - write_node                - ERROR - N/A - Event scores not saved correctly: Expected 0.8, 0.9, 0.7, 0.8150000000000001 but got 0.8, 0.9, 0.7, 0.815
2025-05-25 01:22:31 - write_node                - INFO - N/A - (Stage 3) Scores without inconsistency case
2025-05-25 01:22:31 - write_node                - INFO - N/A - (Stage 2.1) Summary/attitude full case
2025-05-25 01:22:31 - write_node                - ERROR - N/A - Error processing person event: add_attitude_full() got an unexpected keyword argument 'is_expert_flag'
2025-05-25 01:22:31 - write_node                - INFO - N/A - Chunk 110 marked as processed
2025-05-25 01:22:32 - event_classifier          - INFO - N/A - (Stage 0) Processing chunk 107 started
2025-05-25 01:22:34 - opinion_scoring           - INFO - 28.918s - Successfully calculated opinion scores
2025-05-25 01:22:34 - opinion_scoring           - INFO - 28.918s - Chunk 109 processed successfully. Processed 1 person events.
2025-05-25 01:22:34 - write_node                - INFO - N/A - (Stage 3) Scored case
2025-05-25 01:22:34 - write_node                - INFO - N/A - (Stage 2.1) Summary/attitude full case
2025-05-25 01:22:34 - write_node                - ERROR - N/A - Error processing person event: add_attitude_full() got an unexpected keyword argument 'is_expert_flag'
2025-05-25 01:22:34 - write_node                - INFO - N/A - Chunk 109 marked as processed
2025-05-25 01:22:35 - event_classifier          - INFO - N/A - (Stage 0) Processing chunk 105 started
2025-05-25 01:22:40 - event_scoring             - INFO - 24.153s - Successfully calculated event scores
2025-05-25 01:22:40 - event_scoring             - INFO - 24.153s - Chunk 108 processed successfully. Processed 1 general events.
2025-05-25 01:22:41 - sentiment_analysis        - INFO - 25.089s - Successfully got sentiment score
2025-05-25 01:22:41 - sentiment_analysis        - INFO - 25.089s - Chunk 108 processed successfully. Processed 1 person events.
2025-05-25 01:22:41 - inconsistency_detection   - INFO - N/A - (Stage 2) Inconsistency analysis for chunk 108 started
2025-05-25 01:22:41 - inconsistency_detection   - INFO - 0.011s - Chunk 108 processed successfully. Processed 1 person events.
2025-05-25 01:22:41 - person_summary            - INFO - N/A - (Stage 2.1) Person attitude analysis for chunk 108 started
2025-05-25 01:22:41 - person_summary            - INFO - N/A - Missing person ID for person_event 1 in chunk 108.
2025-05-25 01:22:41 - person_summary            - INFO - N/A - No sentiment history found for person Ursula von der Leyen in chunk 108, generating new.
2025-05-25 01:22:47 - event_scoring             - INFO - 21.038s - Successfully calculated event scores
2025-05-25 01:22:47 - event_scoring             - INFO - 21.039s - Chunk 106 processed successfully. Processed 1 general events.
2025-05-25 01:22:57 - sentiment_analysis        - WARNING - N/A - Error while parsing response as float: could not convert string to float: 'I must point out that the provided text does not mention "Green energy" at all, let alone express a sentiment about it.\n\nHowever, since I need to return a value based on your request, I\'ll assume you meant to provide a different text or topic related to Green energy. Unfortunately, without any additional information, I\'m unable to analyze the sentiment of a non-existent text.\n\nIf you could provide the actual text and topic related to "Green energy", I\'d be happy to assist you with the analysis.'
2025-05-25 01:22:57 - sentiment_analysis        - WARNING - 30.395s - Error during first attempt: could not convert string to float: 'I must point out that the provided text does not mention "Green energy" at all, let alone express a sentiment about it.\n\nHowever, since I need to return a value based on your request, I\'ll assume you meant to provide a different text or topic related to Green energy. Unfortunately, without any additional information, I\'m unable to analyze the sentiment of a non-existent text.\n\nIf you could provide the actual text and topic related to "Green energy", I\'d be happy to assist you with the analysis.'
2025-05-25 01:23:04 - event_classifier          - INFO - 32.860s - Chunk 107 processed, (1) general events, (1) opinions.
2025-05-25 01:23:04 - event_scoring             - INFO - N/A - (Stage 1) Event scoring for chunk 107 started
2025-05-25 01:23:04 - sentiment_analysis        - INFO - N/A - (Stage 1) Sentiment analysis for chunk 107 started
2025-05-25 01:23:10 - event_classifier          - INFO - 35.337s - Chunk 105 processed, (1) general events, (1) opinions.
2025-05-25 01:23:10 - event_scoring             - INFO - N/A - (Stage 1) Event scoring for chunk 105 started
2025-05-25 01:23:10 - sentiment_analysis        - INFO - N/A - (Stage 1) Sentiment analysis for chunk 105 started
2025-05-25 01:23:19 - person_summary            - ERROR - N/A - Error in refinement process: 'max_length'. Falling back to truncation.
2025-05-25 01:23:19 - person_summary            - INFO - 37.450s - Successfully got comment
2025-05-25 01:23:19 - person_summary            - INFO - 37.451s - Chunk 108 processed successfully. Processed 1 person events.
2025-05-25 01:23:19 - opinion_scoring           - INFO - N/A - (Stage 3) Opinion scoring for chunk 108 started
2025-05-25 01:23:25 - sentiment_analysis        - WARNING - N/A - Error while parsing response as float: could not convert string to float: 'I must point out that the provided text does not mention "Green energy" at all, let alone express a sentiment about it.\n\nHowever, since I need to provide a response in the requested format, I\'ll have to return 0.0 as there is no sentiment expressed towards the topic of Green energy in the given text.'
2025-05-25 01:23:25 - sentiment_analysis        - WARNING - 58.805s - Retry 1/3 due to invalid output: could not convert string to float: 'I must point out that the provided text does not mention "Green energy" at all, let alone express a sentiment about it.\n\nHowever, since I need to provide a response in the requested format, I\'ll have to return 0.0 as there is no sentiment expressed towards the topic of Green energy in the given text.'
2025-05-25 01:23:31 - event_scoring             - INFO - 26.455s - Successfully calculated event scores
2025-05-25 01:23:31 - event_scoring             - INFO - 26.455s - Chunk 107 processed successfully. Processed 1 general events.
2025-05-25 01:23:35 - sentiment_analysis        - WARNING - N/A - Error while parsing response as float: could not convert string to float: 'I\'m ready to analyze the text. However, I don\'t see any text provided. Please provide the text related to the topic "Green energy", and I\'ll be happy to assist you in calculating the sentiment score.'
2025-05-25 01:23:35 - sentiment_analysis        - WARNING - 30.758s - Error during first attempt: could not convert string to float: 'I\'m ready to analyze the text. However, I don\'t see any text provided. Please provide the text related to the topic "Green energy", and I\'ll be happy to assist you in calculating the sentiment score.'
2025-05-25 01:23:40 - event_scoring             - INFO - 29.558s - Successfully calculated event scores
2025-05-25 01:23:40 - event_scoring             - INFO - 29.558s - Chunk 105 processed successfully. Processed 1 general events.
2025-05-25 01:23:44 - sentiment_analysis        - WARNING - N/A - Error while parsing response as float: could not convert string to float: 'I\'m ready to analyze the text. However, I don\'t see any text provided. Please provide the text related to the topic "Green energy", and I\'ll be happy to assist you in calculating the sentiment score.'
2025-05-25 01:23:44 - sentiment_analysis        - WARNING - 33.819s - Error during first attempt: could not convert string to float: 'I\'m ready to analyze the text. However, I don\'t see any text provided. Please provide the text related to the topic "Green energy", and I\'ll be happy to assist you in calculating the sentiment score.'
2025-05-25 01:23:49 - opinion_scoring           - INFO - 29.945s - Successfully calculated opinion scores
2025-05-25 01:23:49 - opinion_scoring           - INFO - 29.945s - Chunk 108 processed successfully. Processed 1 person events.
2025-05-25 01:23:49 - write_node                - INFO - N/A - (Stage 3) Scores without inconsistency case
2025-05-25 01:23:49 - write_node                - INFO - N/A - (Stage 2.1) Summary/attitude full case
2025-05-25 01:23:49 - write_node                - ERROR - N/A - Error processing person event: add_attitude_full() got an unexpected keyword argument 'is_expert_flag'
2025-05-25 01:23:49 - write_node                - INFO - N/A - Chunk 108 marked as processed
2025-05-25 01:23:49 - event_classifier          - INFO - N/A - (Stage 0) Processing chunk 104 started
2025-05-25 01:23:55 - sentiment_analysis        - WARNING - N/A - Error while parsing response as float: could not convert string to float: 'I must point out that the provided text does not mention "Green energy" at all, let alone express a sentiment about it.\n\nHowever, since I need to provide a response in the requested format, I\'ll have to return 0.0 as there is no sentiment expressed towards the topic of Green energy in the given text.'
2025-05-25 01:23:55 - sentiment_analysis        - WARNING - 88.753s - Retry 2/3 due to invalid output: could not convert string to float: 'I must point out that the provided text does not mention "Green energy" at all, let alone express a sentiment about it.\n\nHowever, since I need to provide a response in the requested format, I\'ll have to return 0.0 as there is no sentiment expressed towards the topic of Green energy in the given text.'
2025-05-25 01:23:55 - sentiment_analysis        - ERROR - 88.753s - Skipping analysis after 3 retries.
2025-05-25 01:23:55 - sentiment_analysis        - WARNING - N/A - Failed to get sentiment score for person_event 1.
2025-05-25 01:23:55 - sentiment_analysis        - INFO - 88.753s - Chunk 106 processed successfully. Processed 1 person events.
2025-05-25 01:23:55 - inconsistency_detection   - INFO - N/A - (Stage 2) Inconsistency analysis for chunk 106 started
2025-05-25 01:23:55 - inconsistency_detection   - INFO - 0.012s - Chunk 106 processed successfully. Processed 1 person events.
2025-05-25 01:23:55 - person_summary            - INFO - N/A - (Stage 2.1) Person attitude analysis for chunk 106 started
2025-05-25 01:23:55 - person_summary            - ERROR - N/A - Missing sentiment score for person_event 1 in chunk 106.
2025-05-25 01:23:55 - person_summary            - ERROR - N/A - Error processing person_event 1 for chunk 106: Missing sentiment score for person_event 1 in chunk 106.
2025-05-25 01:23:55 - person_summary            - INFO - 0.001s - Chunk 106 processed successfully. Processed 2 person events.
2025-05-25 01:23:55 - opinion_scoring           - INFO - N/A - (Stage 3) Opinion scoring for chunk 106 started
2025-05-25 01:23:59 - sentiment_analysis        - WARNING - N/A - Error while parsing response as float: could not convert string to float: 'I\'m ready to analyze the text. However, you haven\'t provided the text yet. Please provide the text related to the topic "Green energy", and I\'ll be happy to assist you in calculating the sentiment score.'
2025-05-25 01:23:59 - sentiment_analysis        - WARNING - 54.453s - Retry 1/3 due to invalid output: could not convert string to float: 'I\'m ready to analyze the text. However, you haven\'t provided the text yet. Please provide the text related to the topic "Green energy", and I\'ll be happy to assist you in calculating the sentiment score.'
2025-05-25 01:24:03 - sentiment_analysis        - WARNING - N/A - Error while parsing response as float: could not convert string to float: 'I\'m ready to analyze the text. However, I don\'t see any text provided. Please provide the text related to the topic "Green energy", and I\'ll be happy to assist you in calculating the sentiment score.'
2025-05-25 01:24:03 - sentiment_analysis        - WARNING - 52.202s - Retry 1/3 due to invalid output: could not convert string to float: 'I\'m ready to analyze the text. However, I don\'t see any text provided. Please provide the text related to the topic "Green energy", and I\'ll be happy to assist you in calculating the sentiment score.'
2025-05-25 01:24:12 - event_classifier          - INFO - 22.238s - Chunk 104 processed, (1) general events, (1) opinions.
2025-05-25 01:24:12 - event_scoring             - INFO - N/A - (Stage 1) Event scoring for chunk 104 started
2025-05-25 01:24:12 - sentiment_analysis        - INFO - N/A - (Stage 1) Sentiment analysis for chunk 104 started
2025-05-25 01:24:16 - opinion_scoring           - INFO - 20.764s - Successfully calculated opinion scores
2025-05-25 01:24:16 - opinion_scoring           - INFO - 20.764s - Chunk 106 processed successfully. Processed 1 person events.
2025-05-25 01:24:16 - write_node                - INFO - N/A - (Stage 0) No sentiment case
2025-05-25 01:24:16 - write_node                - INFO - N/A - Chunk 106 marked as processed
2025-05-25 01:24:17 - event_classifier          - INFO - N/A - (Stage 0) Processing chunk 99 started
2025-05-25 01:24:20 - sentiment_analysis        - WARNING - N/A - Error while parsing response as float: could not convert string to float: 'I\'m ready to analyze the text. However, I don\'t see any text provided. Please provide the text related to the topic "Green energy", and I\'ll be happy to assist you in calculating the sentiment score.'
2025-05-25 01:24:20 - sentiment_analysis        - WARNING - 75.710s - Retry 2/3 due to invalid output: could not convert string to float: 'I\'m ready to analyze the text. However, I don\'t see any text provided. Please provide the text related to the topic "Green energy", and I\'ll be happy to assist you in calculating the sentiment score.'
2025-05-25 01:24:20 - sentiment_analysis        - ERROR - 75.710s - Skipping analysis after 3 retries.
2025-05-25 01:24:20 - sentiment_analysis        - WARNING - N/A - Failed to get sentiment score for person_event 1.
2025-05-25 01:24:20 - sentiment_analysis        - INFO - 75.710s - Chunk 107 processed successfully. Processed 1 person events.
2025-05-25 01:24:20 - inconsistency_detection   - INFO - N/A - (Stage 2) Inconsistency analysis for chunk 107 started
2025-05-25 01:24:20 - inconsistency_detection   - ERROR - N/A - Missing sentiment score for person_event 1 in chunk 107.
2025-05-25 01:24:20 - inconsistency_detection   - ERROR - N/A - Error processing person_event 1 for chunk 107: Missing sentiment score for person_event 1 in chunk 107.
2025-05-25 01:24:20 - inconsistency_detection   - INFO - 0.012s - Chunk 107 processed successfully. Processed 2 person events.
2025-05-25 01:24:20 - person_summary            - INFO - N/A - (Stage 2.1) Person attitude analysis for chunk 107 started
2025-05-25 01:24:20 - person_summary            - ERROR - N/A - Missing sentiment score for person_event 1 in chunk 107.
2025-05-25 01:24:20 - person_summary            - ERROR - N/A - Error processing person_event 1 for chunk 107: Missing sentiment score for person_event 1 in chunk 107.
2025-05-25 01:24:20 - person_summary            - INFO - 0.001s - Chunk 107 processed successfully. Processed 2 person events.
2025-05-25 01:24:20 - opinion_scoring           - INFO - N/A - (Stage 3) Opinion scoring for chunk 107 started
2025-05-25 01:24:24 - sentiment_analysis        - WARNING - N/A - Error while parsing response as float: could not convert string to float: 'I\'m ready to analyze the text. However, I don\'t see any text provided. Please provide the text related to the topic "Green energy", and I\'ll be happy to assist you in calculating the sentiment score.'
2025-05-25 01:24:24 - sentiment_analysis        - WARNING - 73.447s - Retry 2/3 due to invalid output: could not convert string to float: 'I\'m ready to analyze the text. However, I don\'t see any text provided. Please provide the text related to the topic "Green energy", and I\'ll be happy to assist you in calculating the sentiment score.'
2025-05-25 01:24:24 - sentiment_analysis        - ERROR - 73.447s - Skipping analysis after 3 retries.
2025-05-25 01:24:24 - sentiment_analysis        - WARNING - N/A - Failed to get sentiment score for person_event 1.
2025-05-25 01:24:24 - sentiment_analysis        - INFO - 73.447s - Chunk 105 processed successfully. Processed 1 person events.
2025-05-25 01:24:24 - inconsistency_detection   - INFO - N/A - (Stage 2) Inconsistency analysis for chunk 105 started
2025-05-25 01:24:24 - inconsistency_detection   - ERROR - N/A - Missing sentiment score for person_event 1 in chunk 105.
2025-05-25 01:24:24 - inconsistency_detection   - ERROR - N/A - Error processing person_event 1 for chunk 105: Missing sentiment score for person_event 1 in chunk 105.
2025-05-25 01:24:24 - inconsistency_detection   - INFO - 0.012s - Chunk 105 processed successfully. Processed 2 person events.
2025-05-25 01:24:24 - person_summary            - INFO - N/A - (Stage 2.1) Person attitude analysis for chunk 105 started
2025-05-25 01:24:24 - person_summary            - ERROR - N/A - Missing sentiment score for person_event 1 in chunk 105.
2025-05-25 01:24:24 - person_summary            - ERROR - N/A - Error processing person_event 1 for chunk 105: Missing sentiment score for person_event 1 in chunk 105.
2025-05-25 01:24:24 - person_summary            - INFO - 0.001s - Chunk 105 processed successfully. Processed 2 person events.
2025-05-25 01:24:24 - opinion_scoring           - INFO - N/A - (Stage 3) Opinion scoring for chunk 105 started
2025-05-25 01:24:30 - event_scoring             - INFO - 18.702s - Successfully calculated event scores
2025-05-25 01:24:30 - event_scoring             - INFO - 18.703s - Chunk 104 processed successfully. Processed 1 general events.
2025-05-25 01:24:35 - sentiment_analysis        - WARNING - N/A - Error while parsing response as float: could not convert string to float: 'I\'m ready to analyze the text. However, I don\'t see any text provided. Please provide the text related to the topic "Green energy", and I\'ll be happy to assist you in calculating the sentiment score.'
2025-05-25 01:24:35 - sentiment_analysis        - WARNING - 22.996s - Error during first attempt: could not convert string to float: 'I\'m ready to analyze the text. However, I don\'t see any text provided. Please provide the text related to the topic "Green energy", and I\'ll be happy to assist you in calculating the sentiment score.'
2025-05-25 01:24:43 - event_classifier          - INFO - 26.691s - Chunk 99 processed, (1) general events, (1) opinions.
2025-05-25 01:24:43 - event_scoring             - INFO - N/A - (Stage 1) Event scoring for chunk 99 started
2025-05-25 01:24:43 - sentiment_analysis        - INFO - N/A - (Stage 1) Sentiment analysis for chunk 99 started
2025-05-25 01:24:47 - opinion_scoring           - INFO - 27.308s - Successfully calculated opinion scores
2025-05-25 01:24:47 - opinion_scoring           - INFO - 27.308s - Chunk 107 processed successfully. Processed 1 person events.
2025-05-25 01:24:48 - write_node                - INFO - N/A - (Stage 0) No sentiment case
2025-05-25 01:24:48 - write_node                - INFO - N/A - Chunk 107 marked as processed
2025-05-25 01:24:48 - event_classifier          - INFO - N/A - (Stage 0) Processing chunk 98 started
2025-05-25 01:24:51 - opinion_scoring           - INFO - 26.739s - Successfully calculated opinion scores
2025-05-25 01:24:51 - opinion_scoring           - INFO - 26.740s - Chunk 105 processed successfully. Processed 1 person events.
2025-05-25 01:24:51 - write_node                - INFO - N/A - (Stage 0) No sentiment case
2025-05-25 01:24:51 - write_node                - INFO - N/A - Chunk 105 marked as processed
2025-05-25 01:24:51 - event_classifier          - INFO - N/A - (Stage 0) Processing chunk 97 started
2025-05-25 01:24:55 - sentiment_analysis        - WARNING - N/A - Error while parsing response as float: could not convert string to float: 'I\'m ready to analyze the text. However, I don\'t see any text provided. Please provide the text related to the topic "Green energy", and I\'ll be happy to assist you in calculating the sentiment score.'
2025-05-25 01:24:55 - sentiment_analysis        - WARNING - 43.152s - Retry 1/3 due to invalid output: could not convert string to float: 'I\'m ready to analyze the text. However, I don\'t see any text provided. Please provide the text related to the topic "Green energy", and I\'ll be happy to assist you in calculating the sentiment score.'
2025-05-25 01:25:03 - event_scoring             - INFO - 19.928s - Successfully calculated event scores
2025-05-25 01:25:03 - event_scoring             - INFO - 19.928s - Chunk 99 processed successfully. Processed 1 general events.
2025-05-25 01:25:07 - sentiment_analysis        - INFO - 23.238s - Successfully got sentiment score
2025-05-25 01:25:07 - sentiment_analysis        - INFO - 23.238s - Chunk 99 processed successfully. Processed 1 person events.
2025-05-25 01:25:07 - inconsistency_detection   - INFO - N/A - (Stage 2) Inconsistency analysis for chunk 99 started
2025-05-25 01:25:07 - inconsistency_detection   - INFO - 0.012s - Chunk 99 processed successfully. Processed 1 person events.
2025-05-25 01:25:07 - person_summary            - INFO - N/A - (Stage 2.1) Person attitude analysis for chunk 99 started
2025-05-25 01:25:07 - person_summary            - INFO - N/A - Missing person ID for person_event 1 in chunk 99.
2025-05-25 01:25:07 - person_summary            - INFO - N/A - No sentiment history found for person Lori Lodes in chunk 99, generating new.
2025-05-25 01:25:17 - event_classifier          - INFO - 28.870s - Chunk 98 processed, (1) general events, (1) opinions.
2025-05-25 01:25:17 - event_scoring             - INFO - N/A - (Stage 1) Event scoring for chunk 98 started
2025-05-25 01:25:17 - sentiment_analysis        - INFO - N/A - (Stage 1) Sentiment analysis for chunk 98 started
2025-05-25 01:25:26 - event_classifier          - INFO - 34.678s - Chunk 97 processed, (1) general events, (1) opinions.
2025-05-25 01:25:26 - event_scoring             - INFO - N/A - (Stage 1) Event scoring for chunk 97 started
2025-05-25 01:25:26 - sentiment_analysis        - INFO - N/A - (Stage 1) Sentiment analysis for chunk 97 started
2025-05-25 01:25:30 - sentiment_analysis        - WARNING - N/A - Error while parsing response as float: could not convert string to float: 'I\'m ready to analyze the text. However, I don\'t see any text provided. Please provide the text related to the topic "Green energy", and I\'ll be happy to assist you in calculating the sentiment score.'
2025-05-25 01:25:30 - sentiment_analysis        - WARNING - 78.529s - Retry 2/3 due to invalid output: could not convert string to float: 'I\'m ready to analyze the text. However, I don\'t see any text provided. Please provide the text related to the topic "Green energy", and I\'ll be happy to assist you in calculating the sentiment score.'
2025-05-25 01:25:30 - sentiment_analysis        - ERROR - 78.529s - Skipping analysis after 3 retries.
2025-05-25 01:25:30 - sentiment_analysis        - WARNING - N/A - Failed to get sentiment score for person_event 1.
2025-05-25 01:25:30 - sentiment_analysis        - INFO - 78.530s - Chunk 104 processed successfully. Processed 1 person events.
2025-05-25 01:25:30 - inconsistency_detection   - INFO - N/A - (Stage 2) Inconsistency analysis for chunk 104 started
2025-05-25 01:25:30 - inconsistency_detection   - ERROR - N/A - Missing sentiment score for person_event 1 in chunk 104.
2025-05-25 01:25:30 - inconsistency_detection   - ERROR - N/A - Error processing person_event 1 for chunk 104: Missing sentiment score for person_event 1 in chunk 104.
2025-05-25 01:25:30 - inconsistency_detection   - INFO - 0.012s - Chunk 104 processed successfully. Processed 2 person events.
2025-05-25 01:25:30 - person_summary            - INFO - N/A - (Stage 2.1) Person attitude analysis for chunk 104 started
2025-05-25 01:25:30 - person_summary            - ERROR - N/A - Missing sentiment score for person_event 1 in chunk 104.
2025-05-25 01:25:30 - person_summary            - ERROR - N/A - Error processing person_event 1 for chunk 104: Missing sentiment score for person_event 1 in chunk 104.
2025-05-25 01:25:30 - person_summary            - INFO - 0.000s - Chunk 104 processed successfully. Processed 2 person events.
2025-05-25 01:25:30 - opinion_scoring           - INFO - N/A - (Stage 3) Opinion scoring for chunk 104 started
2025-05-25 01:25:37 - person_summary            - INFO - 30.374s - Successfully got comment
2025-05-25 01:25:37 - person_summary            - INFO - 30.375s - Chunk 99 processed successfully. Processed 1 person events.
2025-05-25 01:25:37 - opinion_scoring           - INFO - N/A - (Stage 3) Opinion scoring for chunk 99 started
2025-05-25 01:25:43 - event_scoring             - INFO - 26.141s - Successfully calculated event scores
2025-05-25 01:25:43 - event_scoring             - INFO - 26.141s - Chunk 98 processed successfully. Processed 1 general events.
2025-05-25 01:25:44 - sentiment_analysis        - INFO - 27.348s - Successfully got sentiment score
2025-05-25 01:25:44 - sentiment_analysis        - INFO - 27.348s - Chunk 98 processed successfully. Processed 1 person events.
2025-05-25 01:25:44 - inconsistency_detection   - INFO - N/A - (Stage 2) Inconsistency analysis for chunk 98 started
2025-05-25 01:25:44 - inconsistency_detection   - INFO - 0.013s - Chunk 98 processed successfully. Processed 1 person events.
2025-05-25 01:25:44 - person_summary            - INFO - N/A - (Stage 2.1) Person attitude analysis for chunk 98 started
2025-05-25 01:25:44 - person_summary            - INFO - N/A - Missing person ID for person_event 1 in chunk 98.
2025-05-25 01:25:44 - person_summary            - INFO - N/A - No sentiment history found for person Brandon Williams in chunk 98, generating new.
2025-05-25 01:25:51 - event_scoring             - INFO - 24.771s - Successfully calculated event scores
2025-05-25 01:25:51 - event_scoring             - INFO - 24.771s - Chunk 97 processed successfully. Processed 1 general events.
2025-05-25 01:25:52 - sentiment_analysis        - INFO - 25.716s - Successfully got sentiment score
2025-05-25 01:25:52 - sentiment_analysis        - INFO - 25.716s - Chunk 97 processed successfully. Processed 1 person events.
2025-05-25 01:25:52 - inconsistency_detection   - INFO - N/A - (Stage 2) Inconsistency analysis for chunk 97 started
2025-05-25 01:25:52 - inconsistency_detection   - INFO - 0.011s - Chunk 97 processed successfully. Processed 1 person events.
2025-05-25 01:25:52 - person_summary            - INFO - N/A - (Stage 2.1) Person attitude analysis for chunk 97 started
2025-05-25 01:25:52 - person_summary            - INFO - N/A - Missing person ID for person_event 1 in chunk 97.
2025-05-25 01:25:52 - person_summary            - INFO - N/A - No sentiment history found for person Anthony Leiserowitz in chunk 97, generating new.
2025-05-25 01:25:56 - opinion_scoring           - INFO - 25.682s - Successfully calculated opinion scores
2025-05-25 01:25:56 - opinion_scoring           - INFO - 25.682s - Chunk 104 processed successfully. Processed 1 person events.
2025-05-25 01:25:56 - write_node                - INFO - N/A - (Stage 0) No sentiment case
2025-05-25 01:25:56 - write_node                - INFO - N/A - Chunk 104 marked as processed
2025-05-25 01:25:57 - event_classifier          - INFO - N/A - (Stage 0) Processing chunk 96 started
2025-05-25 01:25:59 - opinion_scoring           - INFO - 22.476s - Successfully calculated opinion scores
2025-05-25 01:25:59 - opinion_scoring           - INFO - 22.476s - Chunk 99 processed successfully. Processed 1 person events.
2025-05-25 01:25:59 - write_node                - INFO - N/A - (Stage 3) Scores without inconsistency case
2025-05-25 01:26:00 - write_node                - INFO - N/A - (Stage 2.1) Summary/attitude full case
2025-05-25 01:26:00 - write_node                - ERROR - N/A - Error processing person event: add_attitude_full() got an unexpected keyword argument 'is_expert_flag'
2025-05-25 01:26:00 - write_node                - INFO - N/A - Chunk 99 marked as processed
2025-05-25 01:26:00 - event_classifier          - INFO - N/A - (Stage 0) Processing chunk 100 started
2025-05-25 01:26:06 - person_summary            - INFO - 21.829s - Successfully got comment
2025-05-25 01:26:06 - person_summary            - INFO - 21.830s - Chunk 98 processed successfully. Processed 1 person events.
2025-05-25 01:26:06 - opinion_scoring           - INFO - N/A - (Stage 3) Opinion scoring for chunk 98 started
2025-05-25 01:26:13 - person_summary            - INFO - 21.381s - Successfully got comment
2025-05-25 01:26:13 - person_summary            - INFO - 21.382s - Chunk 97 processed successfully. Processed 1 person events.
2025-05-25 01:26:13 - opinion_scoring           - INFO - N/A - (Stage 3) Opinion scoring for chunk 97 started
2025-05-25 01:26:23 - event_classifier          - INFO - 25.999s - Chunk 96 processed, (1) general events, (1) opinions.
2025-05-25 01:26:23 - event_scoring             - INFO - N/A - (Stage 1) Event scoring for chunk 96 started
2025-05-25 01:26:23 - sentiment_analysis        - INFO - N/A - (Stage 1) Sentiment analysis for chunk 96 started
2025-05-25 01:26:32 - event_classifier          - INFO - 31.528s - Chunk 100 processed, (1) general events, (1) opinions.
2025-05-25 01:26:32 - event_scoring             - INFO - N/A - (Stage 1) Event scoring for chunk 100 started
2025-05-25 01:26:32 - sentiment_analysis        - INFO - N/A - (Stage 1) Sentiment analysis for chunk 100 started
2025-05-25 01:26:36 - opinion_scoring           - INFO - 29.859s - Successfully calculated opinion scores
2025-05-25 01:26:36 - opinion_scoring           - INFO - 29.859s - Chunk 98 processed successfully. Processed 1 person events.
2025-05-25 01:26:36 - write_node                - INFO - N/A - (Stage 3) Scores without inconsistency case
2025-05-25 01:26:36 - write_node                - INFO - N/A - (Stage 2.1) Summary/attitude full case
2025-05-25 01:26:36 - write_node                - ERROR - N/A - Error processing person event: add_attitude_full() got an unexpected keyword argument 'is_expert_flag'
2025-05-25 01:26:36 - write_node                - INFO - N/A - Chunk 98 marked as processed
2025-05-25 01:26:37 - event_classifier          - INFO - N/A - (Stage 0) Processing chunk 101 started
2025-05-25 01:26:40 - opinion_scoring           - INFO - 26.532s - Successfully calculated opinion scores
2025-05-25 01:26:40 - opinion_scoring           - INFO - 26.532s - Chunk 97 processed successfully. Processed 1 person events.
2025-05-25 01:26:40 - write_node                - INFO - N/A - (Stage 3) Scores without inconsistency case
2025-05-25 01:26:40 - write_node                - INFO - N/A - (Stage 2.1) Summary/attitude full case
2025-05-25 01:26:40 - write_node                - ERROR - N/A - Error processing person event: add_attitude_full() got an unexpected keyword argument 'is_expert_flag'
2025-05-25 01:26:40 - write_node                - INFO - N/A - Chunk 97 marked as processed
2025-05-25 01:26:40 - event_classifier          - INFO - N/A - (Stage 0) Processing chunk 102 started
2025-05-25 01:26:46 - event_scoring             - INFO - 23.050s - Successfully calculated event scores
2025-05-25 01:26:46 - event_scoring             - INFO - 23.050s - Chunk 96 processed successfully. Processed 1 general events.
2025-05-25 01:26:47 - sentiment_analysis        - INFO - 23.996s - Successfully got sentiment score
2025-05-25 01:26:47 - sentiment_analysis        - INFO - 23.996s - Chunk 96 processed successfully. Processed 1 person events.
2025-05-25 01:26:47 - inconsistency_detection   - INFO - N/A - (Stage 2) Inconsistency analysis for chunk 96 started
2025-05-25 01:26:53 - event_scoring             - INFO - 21.302s - Successfully calculated event scores
2025-05-25 01:26:53 - event_scoring             - INFO - 21.304s - Chunk 100 processed successfully. Processed 1 general events.
2025-05-25 01:26:54 - sentiment_analysis        - INFO - 22.237s - Successfully got sentiment score
2025-05-25 01:26:54 - sentiment_analysis        - INFO - 22.237s - Chunk 100 processed successfully. Processed 1 person events.
2025-05-25 01:26:54 - inconsistency_detection   - INFO - N/A - (Stage 2) Inconsistency analysis for chunk 100 started
2025-05-25 01:26:54 - inconsistency_detection   - INFO - 0.011s - Chunk 100 processed successfully. Processed 1 person events.
2025-05-25 01:26:54 - person_summary            - INFO - N/A - (Stage 2.1) Person attitude analysis for chunk 100 started
2025-05-25 01:26:54 - person_summary            - INFO - N/A - Missing person ID for person_event 1 in chunk 100.
2025-05-25 01:26:54 - person_summary            - INFO - N/A - No sentiment history found for person Ron DeSantis in chunk 100, generating new.
2025-05-25 01:27:04 - event_classifier          - INFO - 27.716s - Chunk 101 processed, (1) general events, (1) opinions.
2025-05-25 01:27:04 - event_scoring             - INFO - N/A - (Stage 1) Event scoring for chunk 101 started
2025-05-25 01:27:05 - sentiment_analysis        - INFO - N/A - (Stage 1) Sentiment analysis for chunk 101 started
2025-05-25 01:27:14 - event_classifier          - INFO - 33.817s - Chunk 102 processed, (1) general events, (1) opinions.
2025-05-25 01:27:14 - event_scoring             - INFO - N/A - (Stage 1) Event scoring for chunk 102 started
2025-05-25 01:27:14 - sentiment_analysis        - INFO - N/A - (Stage 1) Sentiment analysis for chunk 102 started
2025-05-25 01:27:26 - person_summary            - INFO - 32.035s - Successfully got comment
2025-05-25 01:27:26 - person_summary            - INFO - 32.035s - Chunk 100 processed successfully. Processed 1 person events.
2025-05-25 01:27:26 - opinion_scoring           - INFO - N/A - (Stage 3) Opinion scoring for chunk 100 started
2025-05-25 01:27:32 - event_scoring             - INFO - 27.665s - Successfully calculated event scores
2025-05-25 01:27:32 - event_scoring             - INFO - 27.665s - Chunk 101 processed successfully. Processed 1 general events.
2025-05-25 01:27:33 - sentiment_analysis        - INFO - 28.611s - Successfully got sentiment score
2025-05-25 01:27:33 - sentiment_analysis        - INFO - 28.611s - Chunk 101 processed successfully. Processed 1 person events.
2025-05-25 01:27:33 - inconsistency_detection   - INFO - N/A - (Stage 2) Inconsistency analysis for chunk 101 started
2025-05-25 01:27:33 - inconsistency_detection   - INFO - 0.009s - Chunk 101 processed successfully. Processed 1 person events.
2025-05-25 01:27:33 - person_summary            - INFO - N/A - (Stage 2.1) Person attitude analysis for chunk 101 started
2025-05-25 01:27:33 - person_summary            - INFO - N/A - Missing person ID for person_event 1 in chunk 101.
2025-05-25 01:27:33 - person_summary            - INFO - N/A - No sentiment history found for person Amodei, Shelley in chunk 101, generating new.
2025-05-25 01:27:39 - event_scoring             - INFO - 25.145s - Successfully calculated event scores
2025-05-25 01:27:39 - event_scoring             - INFO - 25.146s - Chunk 102 processed successfully. Processed 1 general events.
2025-05-25 01:27:40 - sentiment_analysis        - INFO - 26.359s - Successfully got sentiment score
2025-05-25 01:27:40 - sentiment_analysis        - INFO - 26.360s - Chunk 102 processed successfully. Processed 1 person events.
2025-05-25 01:27:40 - inconsistency_detection   - INFO - N/A - (Stage 2) Inconsistency analysis for chunk 102 started
2025-05-25 01:27:40 - inconsistency_detection   - INFO - 0.013s - Chunk 102 processed successfully. Processed 1 person events.
2025-05-25 01:27:40 - person_summary            - INFO - N/A - (Stage 2.1) Person attitude analysis for chunk 102 started
2025-05-25 01:27:40 - person_summary            - INFO - N/A - Missing person ID for person_event 1 in chunk 102.
2025-05-25 01:27:40 - person_summary            - INFO - N/A - No sentiment history found for person Leiserowitz in chunk 102, generating new.
2025-05-25 01:27:42 - inconsistency_detection   - INFO - 55.508s - Successfully got comment
2025-05-25 01:27:42 - inconsistency_detection   - INFO - 55.542s - Chunk 96 processed successfully. Processed 1 person events.
2025-05-25 01:27:42 - person_summary            - INFO - N/A - (Stage 2.1) Person attitude analysis for chunk 96 started
2025-05-25 01:27:42 - person_summary            - INFO - N/A - Sentiment history found for person Unspecified in chunk 96.
2025-05-25 01:27:47 - opinion_scoring           - INFO - 20.795s - Successfully calculated opinion scores
2025-05-25 01:27:47 - opinion_scoring           - INFO - 20.795s - Chunk 100 processed successfully. Processed 1 person events.
2025-05-25 01:27:47 - write_node                - ERROR - N/A - Event scores not saved correctly: Expected 0.8, 1.0, 0.5, 0.7949999999999999 but got 0.8, 1.0, 0.5, 0.795
2025-05-25 01:27:47 - write_node                - INFO - N/A - (Stage 3) Scores without inconsistency case
2025-05-25 01:27:47 - write_node                - ERROR - N/A - Opinion scores not saved correctly for ID 40: hotness: expected 0.8049999999999999, got 0.805
2025-05-25 01:27:47 - write_node                - INFO - N/A - (Stage 2.1) Summary/attitude full case
2025-05-25 01:27:47 - write_node                - ERROR - N/A - Error processing person event: add_attitude_full() got an unexpected keyword argument 'is_expert_flag'
2025-05-25 01:27:47 - write_node                - INFO - N/A - Chunk 100 marked as processed
2025-05-25 01:27:47 - event_classifier          - INFO - N/A - (Stage 0) Processing chunk 103 started
2025-05-25 01:27:54 - person_summary            - INFO - 21.033s - Successfully got comment
2025-05-25 01:27:54 - person_summary            - INFO - 21.033s - Chunk 101 processed successfully. Processed 1 person events.
2025-05-25 01:27:54 - opinion_scoring           - INFO - N/A - (Stage 3) Opinion scoring for chunk 101 started
2025-05-25 01:28:04 - person_summary            - ERROR - N/A - Error in refinement process: 'max_length'. Falling back to truncation.
2025-05-25 01:28:04 - person_summary            - INFO - 23.716s - Successfully got comment
2025-05-25 01:28:04 - person_summary            - INFO - 23.717s - Chunk 102 processed successfully. Processed 1 person events.
2025-05-25 01:28:04 - opinion_scoring           - INFO - N/A - (Stage 3) Opinion scoring for chunk 102 started
2025-05-25 01:28:10 - person_summary            - INFO - 27.899s - Successfully got comment
2025-05-25 01:28:10 - person_summary            - INFO - 27.929s - Chunk 96 processed successfully. Processed 1 person events.
2025-05-25 01:28:10 - opinion_scoring           - INFO - N/A - (Stage 3) Opinion scoring for chunk 96 started
2025-05-25 01:28:16 - event_classifier          - INFO - 29.084s - Chunk 103 processed, (1) general events, (1) opinions.
2025-05-25 01:28:16 - event_scoring             - INFO - N/A - (Stage 1) Event scoring for chunk 103 started
2025-05-25 01:28:16 - sentiment_analysis        - INFO - N/A - (Stage 1) Sentiment analysis for chunk 103 started
2025-05-25 01:28:21 - opinion_scoring           - INFO - 26.842s - Successfully calculated opinion scores
2025-05-25 01:28:21 - opinion_scoring           - INFO - 26.842s - Chunk 101 processed successfully. Processed 1 person events.
2025-05-25 01:28:21 - write_node                - INFO - N/A - (Stage 3) Scores without inconsistency case
2025-05-25 01:28:21 - write_node                - ERROR - N/A - Opinion scores not saved correctly for ID 41: hotness: expected 0.8300000000000001, got 0.83
2025-05-25 01:28:21 - write_node                - INFO - N/A - (Stage 2.1) Summary/attitude full case
2025-05-25 01:28:21 - write_node                - ERROR - N/A - Error processing person event: add_attitude_full() got an unexpected keyword argument 'is_expert_flag'
2025-05-25 01:28:21 - write_node                - INFO - N/A - Chunk 101 marked as processed
2025-05-25 01:28:22 - event_classifier          - INFO - N/A - (Stage 0) Processing chunk 95 started
2025-05-25 01:28:24 - opinion_scoring           - INFO - 20.295s - Successfully calculated opinion scores
2025-05-25 01:28:24 - opinion_scoring           - INFO - 20.295s - Chunk 102 processed successfully. Processed 1 person events.
2025-05-25 01:28:25 - write_node                - INFO - N/A - (Stage 3) Scores without inconsistency case
2025-05-25 01:28:25 - write_node                - INFO - N/A - (Stage 2.1) Summary/attitude full case
2025-05-25 01:28:25 - write_node                - ERROR - N/A - Error processing person event: add_attitude_full() got an unexpected keyword argument 'is_expert_flag'
2025-05-25 01:28:25 - write_node                - INFO - N/A - Chunk 102 marked as processed
2025-05-25 01:28:25 - event_classifier          - INFO - N/A - (Stage 0) Processing chunk 94 started
2025-05-25 01:28:28 - opinion_scoring           - INFO - 17.904s - Successfully calculated opinion scores
2025-05-25 01:28:28 - opinion_scoring           - INFO - 17.904s - Chunk 96 processed successfully. Processed 1 person events.
2025-05-25 01:28:28 - write_node                - ERROR - N/A - Event scores not saved correctly: Expected 0.8, 1.0, 0.5, 0.7949999999999999 but got 0.8, 1.0, 0.5, 0.795
2025-05-25 01:28:28 - write_node                - INFO - N/A - (Stage 3) Scored case
2025-05-25 01:28:28 - write_node                - INFO - N/A - (Stage 2.1) Summary/attitude full case
2025-05-25 01:28:28 - write_node                - ERROR - N/A - Error processing person event: add_attitude_full() got an unexpected keyword argument 'is_expert_flag'
2025-05-25 01:28:28 - write_node                - INFO - N/A - Chunk 96 marked as processed
2025-05-25 01:28:29 - event_classifier          - INFO - N/A - (Stage 0) Processing chunk 93 started
2025-05-25 01:28:33 - event_scoring             - INFO - 16.593s - Successfully calculated event scores
2025-05-25 01:28:33 - event_scoring             - INFO - 16.594s - Chunk 103 processed successfully. Processed 1 general events.
2025-05-25 01:28:39 - sentiment_analysis        - WARNING - N/A - Error while parsing response as float: could not convert string to float: 'I\'m ready to analyze the text. However, I don\'t see any text provided. Please provide the text related to the topic "Green energy", and I\'ll be happy to assist you in calculating the sentiment score.'
2025-05-25 01:28:39 - sentiment_analysis        - WARNING - 22.694s - Error during first attempt: could not convert string to float: 'I\'m ready to analyze the text. However, I don\'t see any text provided. Please provide the text related to the topic "Green energy", and I\'ll be happy to assist you in calculating the sentiment score.'
2025-05-25 01:28:48 - event_classifier          - INFO - 26.486s - Chunk 95 processed, (1) general events, (1) opinions.
2025-05-25 01:28:48 - event_scoring             - INFO - N/A - (Stage 1) Event scoring for chunk 95 started
2025-05-25 01:28:48 - sentiment_analysis        - INFO - N/A - (Stage 1) Sentiment analysis for chunk 95 started
2025-05-25 01:28:57 - event_classifier          - INFO - 31.686s - Chunk 94 processed, (1) general events, (1) opinions.
2025-05-25 01:28:57 - event_scoring             - INFO - N/A - (Stage 1) Event scoring for chunk 94 started
2025-05-25 01:28:57 - sentiment_analysis        - INFO - N/A - (Stage 1) Sentiment analysis for chunk 94 started
2025-05-25 01:29:06 - event_classifier          - INFO - 36.978s - Chunk 93 processed, (1) general events, (1) opinions.
2025-05-25 01:29:06 - event_scoring             - INFO - N/A - (Stage 1) Event scoring for chunk 93 started
2025-05-25 01:29:06 - sentiment_analysis        - INFO - N/A - (Stage 1) Sentiment analysis for chunk 93 started
2025-05-25 01:29:10 - sentiment_analysis        - WARNING - N/A - Error while parsing response as float: could not convert string to float: 'I\'m ready to analyze the text. However, I don\'t see any text provided. Please provide the text related to the topic "Green energy", and I\'ll be happy to assist you in calculating the sentiment score.'
2025-05-25 01:29:10 - sentiment_analysis        - WARNING - 53.579s - Retry 1/3 due to invalid output: could not convert string to float: 'I\'m ready to analyze the text. However, I don\'t see any text provided. Please provide the text related to the topic "Green energy", and I\'ll be happy to assist you in calculating the sentiment score.'
2025-05-25 01:29:16 - event_scoring             - INFO - 27.888s - Successfully calculated event scores
2025-05-25 01:29:16 - event_scoring             - INFO - 27.888s - Chunk 95 processed successfully. Processed 1 general events.
2025-05-25 01:29:19 - sentiment_analysis        - INFO - 30.923s - Successfully got sentiment score
2025-05-25 01:29:19 - sentiment_analysis        - INFO - 30.923s - Chunk 95 processed successfully. Processed 1 person events.
2025-05-25 01:29:19 - inconsistency_detection   - INFO - N/A - (Stage 2) Inconsistency analysis for chunk 95 started
2025-05-25 01:29:19 - inconsistency_detection   - INFO - 0.033s - Chunk 95 processed successfully. Processed 1 person events.
2025-05-25 01:29:19 - person_summary            - INFO - N/A - (Stage 2.1) Person attitude analysis for chunk 95 started
2025-05-25 01:29:19 - person_summary            - INFO - N/A - Sentiment history found for person Unspecified in chunk 95.
2025-05-25 01:29:26 - event_scoring             - INFO - 29.461s - Successfully calculated event scores
2025-05-25 01:29:26 - event_scoring             - INFO - 29.461s - Chunk 94 processed successfully. Processed 1 general events.
2025-05-25 01:29:30 - sentiment_analysis        - INFO - 33.008s - Successfully got sentiment score
2025-05-25 01:29:30 - sentiment_analysis        - INFO - 33.008s - Chunk 94 processed successfully. Processed 1 person events.
2025-05-25 01:29:30 - inconsistency_detection   - INFO - N/A - (Stage 2) Inconsistency analysis for chunk 94 started
2025-05-25 01:29:30 - inconsistency_detection   - INFO - 0.011s - Chunk 94 processed successfully. Processed 1 person events.
2025-05-25 01:29:30 - person_summary            - INFO - N/A - (Stage 2.1) Person attitude analysis for chunk 94 started
2025-05-25 01:29:30 - person_summary            - INFO - N/A - Missing person ID for person_event 1 in chunk 94.
2025-05-25 01:29:30 - person_summary            - INFO - N/A - No sentiment history found for person Colin Loubser in chunk 94, generating new.
2025-05-25 01:29:37 - event_scoring             - INFO - 31.598s - Successfully calculated event scores
2025-05-25 01:29:37 - event_scoring             - INFO - 31.598s - Chunk 93 processed successfully. Processed 1 general events.
2025-05-25 01:29:41 - sentiment_analysis        - WARNING - N/A - Error while parsing response as float: could not convert string to float: "I'm ready to analyze the text. Please provide the social media post about green energy. I'll return a sentiment score between -1.0 and +1.0."
2025-05-25 01:29:41 - sentiment_analysis        - WARNING - 35.386s - Error during first attempt: could not convert string to float: "I'm ready to analyze the text. Please provide the social media post about green energy. I'll return a sentiment score between -1.0 and +1.0."
2025-05-25 01:29:45 - sentiment_analysis        - WARNING - N/A - Error while parsing response as float: could not convert string to float: 'I\'m ready to analyze the text. However, you haven\'t provided the text yet. Please provide the text related to the topic "Green energy", and I\'ll be happy to assist you in calculating the sentiment score.'
2025-05-25 01:29:45 - sentiment_analysis        - WARNING - 88.552s - Retry 2/3 due to invalid output: could not convert string to float: 'I\'m ready to analyze the text. However, you haven\'t provided the text yet. Please provide the text related to the topic "Green energy", and I\'ll be happy to assist you in calculating the sentiment score.'
2025-05-25 01:29:45 - sentiment_analysis        - ERROR - 88.552s - Skipping analysis after 3 retries.
2025-05-25 01:29:45 - sentiment_analysis        - WARNING - N/A - Failed to get sentiment score for person_event 1.
2025-05-25 01:29:45 - sentiment_analysis        - INFO - 88.552s - Chunk 103 processed successfully. Processed 1 person events.
2025-05-25 01:29:45 - inconsistency_detection   - INFO - N/A - (Stage 2) Inconsistency analysis for chunk 103 started
2025-05-25 01:29:45 - inconsistency_detection   - ERROR - N/A - Missing sentiment score for person_event 1 in chunk 103.
2025-05-25 01:29:45 - inconsistency_detection   - ERROR - N/A - Error processing person_event 1 for chunk 103: Missing sentiment score for person_event 1 in chunk 103.
2025-05-25 01:29:45 - inconsistency_detection   - INFO - 0.011s - Chunk 103 processed successfully. Processed 2 person events.
2025-05-25 01:29:45 - person_summary            - INFO - N/A - (Stage 2.1) Person attitude analysis for chunk 103 started
2025-05-25 01:29:45 - person_summary            - ERROR - N/A - Missing sentiment score for person_event 1 in chunk 103.
2025-05-25 01:29:45 - person_summary            - ERROR - N/A - Error processing person_event 1 for chunk 103: Missing sentiment score for person_event 1 in chunk 103.
2025-05-25 01:29:45 - person_summary            - INFO - 0.000s - Chunk 103 processed successfully. Processed 2 person events.
2025-05-25 01:29:45 - opinion_scoring           - INFO - N/A - (Stage 3) Opinion scoring for chunk 103 started
2025-05-25 01:29:53 - person_summary            - ERROR - N/A - Error in refinement process: 'max_length'. Falling back to truncation.
2025-05-25 01:29:53 - person_summary            - INFO - 33.514s - Successfully got comment
2025-05-25 01:29:53 - person_summary            - INFO - 33.544s - Chunk 95 processed successfully. Processed 1 person events.
2025-05-25 01:29:53 - opinion_scoring           - INFO - N/A - (Stage 3) Opinion scoring for chunk 95 started
2025-05-25 01:30:01 - person_summary            - ERROR - N/A - Error in refinement process: 'max_length'. Falling back to truncation.
2025-05-25 01:30:01 - person_summary            - INFO - 30.980s - Successfully got comment
2025-05-25 01:30:01 - person_summary            - INFO - 30.981s - Chunk 94 processed successfully. Processed 1 person events.
2025-05-25 01:30:01 - opinion_scoring           - INFO - N/A - (Stage 3) Opinion scoring for chunk 94 started
2025-05-25 01:30:04 - sentiment_analysis        - WARNING - N/A - Error while parsing response as float: could not convert string to float: "I'm ready to analyze the text. Please provide the social media post about green energy. I'll return a sentiment score between -1.0 and +1.0."
2025-05-25 01:30:04 - sentiment_analysis        - WARNING - 58.569s - Retry 1/3 due to invalid output: could not convert string to float: "I'm ready to analyze the text. Please provide the social media post about green energy. I'll return a sentiment score between -1.0 and +1.0."
2025-05-25 01:30:09 - opinion_scoring           - INFO - 23.545s - Successfully calculated opinion scores
2025-05-25 01:30:09 - opinion_scoring           - INFO - 23.545s - Chunk 103 processed successfully. Processed 1 person events.
2025-05-25 01:30:09 - write_node                - ERROR - N/A - Event scores not saved correctly: Expected 0.8, 1.0, 0.5, 0.7949999999999999 but got 0.8, 1.0, 0.5, 0.795
2025-05-25 01:30:09 - write_node                - INFO - N/A - (Stage 0) No sentiment case
2025-05-25 01:30:09 - write_node                - INFO - N/A - Chunk 103 marked as processed
2025-05-25 01:30:09 - event_classifier          - INFO - N/A - (Stage 0) Processing chunk 92 started
2025-05-25 01:30:12 - opinion_scoring           - INFO - 19.338s - Successfully calculated opinion scores
2025-05-25 01:30:12 - opinion_scoring           - INFO - 19.338s - Chunk 95 processed successfully. Processed 1 person events.
2025-05-25 01:30:12 - write_node                - INFO - N/A - (Stage 3) Scored case
2025-05-25 01:30:12 - write_node                - ERROR - N/A - Opinion scores not saved correctly for ID 45: hotness: expected 0.6100000000000001, got 0.61
2025-05-25 01:30:12 - write_node                - INFO - N/A - (Stage 2.1) Summary/attitude full case
2025-05-25 01:30:12 - write_node                - ERROR - N/A - Error processing person event: add_attitude_full() got an unexpected keyword argument 'is_expert_flag'
2025-05-25 01:30:12 - write_node                - INFO - N/A - Chunk 95 marked as processed
2025-05-25 01:30:13 - event_classifier          - INFO - N/A - (Stage 0) Processing chunk 91 started
2025-05-25 01:30:16 - opinion_scoring           - INFO - 14.677s - Successfully calculated opinion scores
2025-05-25 01:30:16 - opinion_scoring           - INFO - 14.677s - Chunk 94 processed successfully. Processed 1 person events.
2025-05-25 01:30:16 - write_node                - INFO - N/A - (Stage 3) Scores without inconsistency case
2025-05-25 01:30:16 - write_node                - INFO - N/A - (Stage 2.1) Summary/attitude full case
2025-05-25 01:30:16 - write_node                - ERROR - N/A - Error processing person event: add_attitude_full() got an unexpected keyword argument 'is_expert_flag'
2025-05-25 01:30:16 - write_node                - INFO - N/A - Chunk 94 marked as processed
2025-05-25 01:30:16 - event_classifier          - INFO - N/A - (Stage 0) Processing chunk 90 started
2025-05-25 01:30:21 - sentiment_analysis        - WARNING - N/A - Error while parsing response as float: could not convert string to float: "I'm ready to analyze the text. Please provide the social media post about green energy. I'll return a sentiment score between -1.0 and +1.0."
2025-05-25 01:30:21 - sentiment_analysis        - WARNING - 75.062s - Retry 2/3 due to invalid output: could not convert string to float: "I'm ready to analyze the text. Please provide the social media post about green energy. I'll return a sentiment score between -1.0 and +1.0."
2025-05-25 01:30:21 - sentiment_analysis        - ERROR - 75.062s - Skipping analysis after 3 retries.
2025-05-25 01:30:21 - sentiment_analysis        - WARNING - N/A - Failed to get sentiment score for person_event 1.
2025-05-25 01:30:21 - sentiment_analysis        - INFO - 75.063s - Chunk 93 processed successfully. Processed 1 person events.
2025-05-25 01:30:21 - inconsistency_detection   - INFO - N/A - (Stage 2) Inconsistency analysis for chunk 93 started
2025-05-25 01:30:21 - inconsistency_detection   - INFO - 0.012s - Chunk 93 processed successfully. Processed 1 person events.
2025-05-25 01:30:21 - person_summary            - INFO - N/A - (Stage 2.1) Person attitude analysis for chunk 93 started
2025-05-25 01:30:21 - person_summary            - ERROR - N/A - Missing sentiment score for person_event 1 in chunk 93.
2025-05-25 01:30:21 - person_summary            - ERROR - N/A - Error processing person_event 1 for chunk 93: Missing sentiment score for person_event 1 in chunk 93.
2025-05-25 01:30:21 - person_summary            - INFO - 0.000s - Chunk 93 processed successfully. Processed 2 person events.
2025-05-25 01:30:21 - opinion_scoring           - INFO - N/A - (Stage 3) Opinion scoring for chunk 93 started
2025-05-25 01:30:31 - event_classifier          - INFO - 21.617s - Chunk 92 processed, (1) general events, (1) opinions.
2025-05-25 01:30:31 - event_scoring             - INFO - N/A - (Stage 1) Event scoring for chunk 92 started
2025-05-25 01:30:31 - sentiment_analysis        - INFO - N/A - (Stage 1) Sentiment analysis for chunk 92 started
2025-05-25 01:30:41 - event_classifier          - INFO - 28.780s - Chunk 91 processed, (1) general events, (1) opinions.
2025-05-25 01:30:42 - event_scoring             - INFO - N/A - (Stage 1) Event scoring for chunk 91 started
2025-05-25 01:30:42 - sentiment_analysis        - INFO - N/A - (Stage 1) Sentiment analysis for chunk 91 started
2025-05-25 01:30:52 - event_classifier          - INFO - 35.388s - Chunk 90 processed, (1) general events, (1) opinions.
2025-05-25 01:30:52 - event_scoring             - INFO - N/A - (Stage 1) Event scoring for chunk 90 started
2025-05-25 01:30:52 - sentiment_analysis        - INFO - N/A - (Stage 1) Sentiment analysis for chunk 90 started
2025-05-25 01:30:56 - opinion_scoring           - INFO - 34.870s - Successfully calculated opinion scores
2025-05-25 01:30:56 - opinion_scoring           - INFO - 34.870s - Chunk 93 processed successfully. Processed 1 person events.
2025-05-25 01:30:56 - write_node                - ERROR - N/A - Event scores not saved correctly: Expected 0.3, 0.2, 0.1, 0.18000000000000002 but got 0.3, 0.2, 0.1, 0.18
2025-05-25 01:30:56 - write_node                - INFO - N/A - (Stage 0) No sentiment case
2025-05-25 01:30:56 - write_node                - INFO - N/A - Chunk 93 marked as processed
2025-05-25 01:30:56 - event_classifier          - INFO - N/A - (Stage 0) Processing chunk 89 started
2025-05-25 01:31:02 - event_scoring             - INFO - 30.894s - Successfully calculated event scores
2025-05-25 01:31:02 - event_scoring             - INFO - 30.894s - Chunk 92 processed successfully. Processed 1 general events.
2025-05-25 01:31:03 - sentiment_analysis        - INFO - 32.093s - Successfully got sentiment score
2025-05-25 01:31:03 - sentiment_analysis        - INFO - 32.093s - Chunk 92 processed successfully. Processed 1 person events.
2025-05-25 01:31:03 - inconsistency_detection   - INFO - N/A - (Stage 2) Inconsistency analysis for chunk 92 started
2025-05-25 01:31:03 - inconsistency_detection   - INFO - 0.011s - Chunk 92 processed successfully. Processed 1 person events.
2025-05-25 01:31:03 - person_summary            - INFO - N/A - (Stage 2.1) Person attitude analysis for chunk 92 started
2025-05-25 01:31:03 - person_summary            - INFO - N/A - Missing person ID for person_event 1 in chunk 92.
2025-05-25 01:31:03 - person_summary            - INFO - N/A - No sentiment history found for person Ben Moussa in chunk 92, generating new.
2025-05-25 01:31:10 - event_scoring             - INFO - 28.038s - Successfully calculated event scores
2025-05-25 01:31:10 - event_scoring             - INFO - 28.038s - Chunk 91 processed successfully. Processed 1 general events.
2025-05-25 01:31:11 - sentiment_analysis        - INFO - 29.238s - Successfully got sentiment score
2025-05-25 01:31:11 - sentiment_analysis        - INFO - 29.238s - Chunk 91 processed successfully. Processed 1 person events.
2025-05-25 01:31:11 - inconsistency_detection   - INFO - N/A - (Stage 2) Inconsistency analysis for chunk 91 started
2025-05-25 01:31:11 - inconsistency_detection   - INFO - 0.015s - Chunk 91 processed successfully. Processed 1 person events.
2025-05-25 01:31:11 - person_summary            - INFO - N/A - (Stage 2.1) Person attitude analysis for chunk 91 started
2025-05-25 01:31:11 - person_summary            - INFO - N/A - Missing person ID for person_event 1 in chunk 91.
2025-05-25 01:31:11 - person_summary            - INFO - N/A - No sentiment history found for person Wissal Ben Moussa in chunk 91, generating new.
2025-05-25 01:31:17 - event_scoring             - INFO - 25.754s - Successfully calculated event scores
2025-05-25 01:31:17 - event_scoring             - INFO - 25.754s - Chunk 90 processed successfully. Processed 1 general events.
2025-05-25 01:31:19 - sentiment_analysis        - INFO - 26.957s - Successfully got sentiment score
2025-05-25 01:31:19 - sentiment_analysis        - INFO - 26.957s - Chunk 90 processed successfully. Processed 1 person events.
2025-05-25 01:31:19 - inconsistency_detection   - INFO - N/A - (Stage 2) Inconsistency analysis for chunk 90 started
2025-05-25 01:31:19 - inconsistency_detection   - INFO - 0.012s - Chunk 90 processed successfully. Processed 1 person events.
2025-05-25 01:31:19 - person_summary            - INFO - N/A - (Stage 2.1) Person attitude analysis for chunk 90 started
2025-05-25 01:31:19 - person_summary            - INFO - N/A - Missing person ID for person_event 1 in chunk 90.
2025-05-25 01:31:19 - person_summary            - INFO - N/A - No sentiment history found for person O'Donnell in chunk 90, generating new.
2025-05-25 01:31:28 - event_classifier          - INFO - 31.350s - Chunk 89 processed, (1) general events, (1) opinions.
2025-05-25 01:31:28 - event_scoring             - INFO - N/A - (Stage 1) Event scoring for chunk 89 started
2025-05-25 01:31:28 - sentiment_analysis        - INFO - N/A - (Stage 1) Sentiment analysis for chunk 89 started
2025-05-25 01:31:35 - person_summary            - INFO - 31.937s - Successfully got comment
2025-05-25 01:31:35 - person_summary            - INFO - 31.938s - Chunk 92 processed successfully. Processed 1 person events.
2025-05-25 01:31:35 - opinion_scoring           - INFO - N/A - (Stage 3) Opinion scoring for chunk 92 started
2025-05-25 01:31:42 - person_summary            - INFO - 31.570s - Successfully got comment
2025-05-25 01:31:42 - person_summary            - INFO - 31.572s - Chunk 91 processed successfully. Processed 1 person events.
2025-05-25 01:31:42 - opinion_scoring           - INFO - N/A - (Stage 3) Opinion scoring for chunk 91 started
2025-05-25 01:31:52 - person_summary            - ERROR - N/A - Error in refinement process: 'max_length'. Falling back to truncation.
2025-05-25 01:31:52 - person_summary            - INFO - 33.720s - Successfully got comment
2025-05-25 01:31:52 - person_summary            - INFO - 33.721s - Chunk 90 processed successfully. Processed 1 person events.
2025-05-25 01:31:52 - opinion_scoring           - INFO - N/A - (Stage 3) Opinion scoring for chunk 90 started
2025-05-25 01:31:59 - event_scoring             - INFO - 31.025s - Successfully calculated event scores
2025-05-25 01:31:59 - event_scoring             - INFO - 31.026s - Chunk 89 processed successfully. Processed 1 general events.
2025-05-25 01:32:00 - sentiment_analysis        - INFO - 31.962s - Successfully got sentiment score
2025-05-25 01:32:00 - sentiment_analysis        - INFO - 31.963s - Chunk 89 processed successfully. Processed 1 person events.
2025-05-25 01:32:00 - inconsistency_detection   - INFO - N/A - (Stage 2) Inconsistency analysis for chunk 89 started
2025-05-25 01:32:00 - inconsistency_detection   - INFO - 0.012s - Chunk 89 processed successfully. Processed 1 person events.
2025-05-25 01:32:00 - person_summary            - INFO - N/A - (Stage 2.1) Person attitude analysis for chunk 89 started
2025-05-25 01:32:00 - person_summary            - INFO - N/A - Missing person ID for person_event 1 in chunk 89.
2025-05-25 01:32:00 - person_summary            - INFO - N/A - No sentiment history found for person Bill Gates in chunk 89, generating new.
2025-05-25 01:32:04 - opinion_scoring           - INFO - 29.412s - Successfully calculated opinion scores
2025-05-25 01:32:04 - opinion_scoring           - INFO - 29.412s - Chunk 92 processed successfully. Processed 1 person events.
2025-05-25 01:32:04 - write_node                - INFO - N/A - (Stage 3) Scores without inconsistency case
2025-05-25 01:32:04 - write_node                - INFO - N/A - (Stage 2.1) Summary/attitude full case
2025-05-25 01:32:04 - write_node                - ERROR - N/A - Error processing person event: add_attitude_full() got an unexpected keyword argument 'is_expert_flag'
2025-05-25 01:32:05 - write_node                - INFO - N/A - Chunk 92 marked as processed
2025-05-25 01:32:05 - event_classifier          - INFO - N/A - (Stage 0) Processing chunk 88 started
2025-05-25 01:32:08 - opinion_scoring           - INFO - 25.580s - Successfully calculated opinion scores
2025-05-25 01:32:08 - opinion_scoring           - INFO - 25.580s - Chunk 91 processed successfully. Processed 1 person events.
2025-05-25 01:32:08 - write_node                - ERROR - N/A - Event scores not saved correctly: Expected 1.0, 0.8, 0.5, 0.7250000000000001 but got 1.0, 0.8, 0.5, 0.725
2025-05-25 01:32:08 - write_node                - INFO - N/A - (Stage 3) Scores without inconsistency case
2025-05-25 01:32:08 - write_node                - INFO - N/A - (Stage 2.1) Summary/attitude full case
2025-05-25 01:32:08 - write_node                - ERROR - N/A - Error processing person event: add_attitude_full() got an unexpected keyword argument 'is_expert_flag'
2025-05-25 01:32:08 - write_node                - INFO - N/A - Chunk 91 marked as processed
2025-05-25 01:32:09 - event_classifier          - INFO - N/A - (Stage 0) Processing chunk 87 started
2025-05-25 01:32:13 - opinion_scoring           - INFO - 20.584s - Successfully calculated opinion scores
2025-05-25 01:32:13 - opinion_scoring           - INFO - 20.584s - Chunk 90 processed successfully. Processed 1 person events.
2025-05-25 01:32:13 - write_node                - INFO - N/A - (Stage 3) Scores without inconsistency case
2025-05-25 01:32:13 - write_node                - INFO - N/A - (Stage 2.1) Summary/attitude full case
2025-05-25 01:32:13 - write_node                - ERROR - N/A - Error processing person event: add_attitude_full() got an unexpected keyword argument 'is_expert_flag'
2025-05-25 01:32:13 - write_node                - INFO - N/A - Chunk 90 marked as processed
2025-05-25 01:32:14 - event_classifier          - INFO - N/A - (Stage 0) Processing chunk 86 started
2025-05-25 01:32:22 - person_summary            - INFO - 22.223s - Successfully got comment
2025-05-25 01:32:22 - person_summary            - INFO - 22.224s - Chunk 89 processed successfully. Processed 1 person events.
2025-05-25 01:32:22 - opinion_scoring           - INFO - N/A - (Stage 3) Opinion scoring for chunk 89 started
2025-05-25 01:32:33 - event_classifier          - INFO - 28.124s - Chunk 88 processed, (1) general events, (1) opinions.
2025-05-25 01:32:33 - event_scoring             - INFO - N/A - (Stage 1) Event scoring for chunk 88 started
2025-05-25 01:32:33 - sentiment_analysis        - INFO - N/A - (Stage 1) Sentiment analysis for chunk 88 started
2025-05-25 01:32:42 - event_classifier          - INFO - 32.922s - Chunk 87 processed, (1) general events, (1) opinions.
2025-05-25 01:32:42 - event_scoring             - INFO - N/A - (Stage 1) Event scoring for chunk 87 started
2025-05-25 01:32:42 - sentiment_analysis        - INFO - N/A - (Stage 1) Sentiment analysis for chunk 87 started
2025-05-25 01:32:50 - event_classifier          - INFO - 36.179s - Chunk 86 processed, (1) general events, (1) opinions.
2025-05-25 01:32:50 - event_scoring             - INFO - N/A - (Stage 1) Event scoring for chunk 86 started
2025-05-25 01:32:50 - sentiment_analysis        - INFO - N/A - (Stage 1) Sentiment analysis for chunk 86 started
2025-05-25 01:32:54 - opinion_scoring           - INFO - 32.224s - Successfully calculated opinion scores
2025-05-25 01:32:54 - opinion_scoring           - INFO - 32.224s - Chunk 89 processed successfully. Processed 1 person events.
2025-05-25 01:32:54 - write_node                - INFO - N/A - (Stage 3) Scores without inconsistency case
2025-05-25 01:32:54 - write_node                - INFO - N/A - (Stage 2.1) Summary/attitude full case
2025-05-25 01:32:54 - write_node                - ERROR - N/A - Error processing person event: add_attitude_full() got an unexpected keyword argument 'is_expert_flag'
2025-05-25 01:32:54 - write_node                - INFO - N/A - Chunk 89 marked as processed
2025-05-25 01:32:55 - event_classifier          - INFO - N/A - (Stage 0) Processing chunk 85 started
2025-05-25 01:33:01 - event_scoring             - INFO - 27.413s - Successfully calculated event scores
2025-05-25 01:33:01 - event_scoring             - INFO - 27.413s - Chunk 88 processed successfully. Processed 1 general events.
2025-05-25 01:33:02 - sentiment_analysis        - INFO - 28.612s - Successfully got sentiment score
2025-05-25 01:33:02 - sentiment_analysis        - INFO - 28.613s - Chunk 88 processed successfully. Processed 1 person events.
2025-05-25 01:33:02 - inconsistency_detection   - INFO - N/A - (Stage 2) Inconsistency analysis for chunk 88 started
2025-05-25 01:33:02 - inconsistency_detection   - INFO - 0.013s - Chunk 88 processed successfully. Processed 1 person events.
2025-05-25 01:33:02 - person_summary            - INFO - N/A - (Stage 2.1) Person attitude analysis for chunk 88 started
2025-05-25 01:33:02 - person_summary            - INFO - N/A - Missing person ID for person_event 1 in chunk 88.
2025-05-25 01:33:02 - person_summary            - INFO - N/A - No sentiment history found for person Andrew Ponec in chunk 88, generating new.
2025-05-25 01:33:08 - event_scoring             - INFO - 26.270s - Successfully calculated event scores
2025-05-25 01:33:08 - event_scoring             - INFO - 26.270s - Chunk 87 processed successfully. Processed 1 general events.
2025-05-25 01:33:09 - sentiment_analysis        - INFO - 27.209s - Successfully got sentiment score
2025-05-25 01:33:09 - sentiment_analysis        - INFO - 27.209s - Chunk 87 processed successfully. Processed 1 person events.
2025-05-25 01:33:09 - inconsistency_detection   - INFO - N/A - (Stage 2) Inconsistency analysis for chunk 87 started
2025-05-25 01:33:09 - inconsistency_detection   - INFO - 0.013s - Chunk 87 processed successfully. Processed 1 person events.
2025-05-25 01:33:09 - person_summary            - INFO - N/A - (Stage 2.1) Person attitude analysis for chunk 87 started
2025-05-25 01:33:09 - person_summary            - INFO - N/A - Missing person ID for person_event 1 in chunk 87.
2025-05-25 01:33:09 - person_summary            - INFO - N/A - No sentiment history found for person Katharine Hayhoe in chunk 87, generating new.
2025-05-25 01:33:15 - event_scoring             - INFO - 25.640s - Successfully calculated event scores
2025-05-25 01:33:15 - event_scoring             - INFO - 25.640s - Chunk 86 processed successfully. Processed 1 general events.
2025-05-25 01:33:20 - sentiment_analysis        - WARNING - N/A - Error while parsing response as float: could not convert string to float: 'I\'m ready to analyze the text. However, I don\'t see any text provided. Please provide the text related to the topic "Green energy", and I\'ll be happy to assist you in calculating the sentiment score.'
2025-05-25 01:33:20 - sentiment_analysis        - WARNING - 29.919s - Error during first attempt: could not convert string to float: 'I\'m ready to analyze the text. However, I don\'t see any text provided. Please provide the text related to the topic "Green energy", and I\'ll be happy to assist you in calculating the sentiment score.'
2025-05-25 01:33:29 - event_classifier          - INFO - 33.700s - Chunk 85 processed, (1) general events, (1) opinions.
2025-05-25 01:33:29 - event_scoring             - INFO - N/A - (Stage 1) Event scoring for chunk 85 started
2025-05-25 01:33:29 - sentiment_analysis        - INFO - N/A - (Stage 1) Sentiment analysis for chunk 85 started
2025-05-25 01:33:38 - person_summary            - ERROR - N/A - Error in refinement process: 'max_length'. Falling back to truncation.
2025-05-25 01:33:38 - person_summary            - INFO - 36.537s - Successfully got comment
2025-05-25 01:33:38 - person_summary            - INFO - 36.537s - Chunk 88 processed successfully. Processed 1 person events.
2025-05-25 01:33:38 - opinion_scoring           - INFO - N/A - (Stage 3) Opinion scoring for chunk 88 started
2025-05-25 01:33:45 - person_summary            - ERROR - N/A - Error in refinement process: 'max_length'. Falling back to truncation.
2025-05-25 01:33:45 - person_summary            - INFO - 36.327s - Successfully got comment
2025-05-25 01:33:45 - person_summary            - INFO - 36.328s - Chunk 87 processed successfully. Processed 1 person events.
2025-05-25 01:33:45 - opinion_scoring           - INFO - N/A - (Stage 3) Opinion scoring for chunk 87 started
2025-05-25 01:33:49 - sentiment_analysis        - WARNING - N/A - Error while parsing response as float: could not convert string to float: 'I\'m ready to analyze the text. However, I don\'t see any text provided. Please provide the text related to the topic "Green energy", and I\'ll be happy to assist you in calculating the sentiment score.'
2025-05-25 01:33:49 - sentiment_analysis        - WARNING - 59.664s - Retry 1/3 due to invalid output: could not convert string to float: 'I\'m ready to analyze the text. However, I don\'t see any text provided. Please provide the text related to the topic "Green energy", and I\'ll be happy to assist you in calculating the sentiment score.'
2025-05-25 01:33:54 - event_scoring             - INFO - 25.772s - Successfully calculated event scores
2025-05-25 01:33:54 - event_scoring             - INFO - 25.772s - Chunk 85 processed successfully. Processed 1 general events.
2025-05-25 01:33:56 - sentiment_analysis        - INFO - 26.954s - Successfully got sentiment score
2025-05-25 01:33:56 - sentiment_analysis        - INFO - 26.954s - Chunk 85 processed successfully. Processed 1 person events.
2025-05-25 01:33:56 - inconsistency_detection   - INFO - N/A - (Stage 2) Inconsistency analysis for chunk 85 started
2025-05-25 01:33:56 - inconsistency_detection   - INFO - 0.012s - Chunk 85 processed successfully. Processed 1 person events.
2025-05-25 01:33:56 - person_summary            - INFO - N/A - (Stage 2.1) Person attitude analysis for chunk 85 started
2025-05-25 01:33:56 - person_summary            - INFO - N/A - Missing person ID for person_event 1 in chunk 85.
2025-05-25 01:33:56 - person_summary            - INFO - N/A - No sentiment history found for person Johannsen in chunk 85, generating new.
2025-05-25 01:34:00 - opinion_scoring           - INFO - 21.850s - Successfully calculated opinion scores
2025-05-25 01:34:00 - opinion_scoring           - INFO - 21.852s - Chunk 88 processed successfully. Processed 1 person events.
2025-05-25 01:34:00 - write_node                - INFO - N/A - (Stage 3) Scores without inconsistency case
2025-05-25 01:34:00 - write_node                - INFO - N/A - (Stage 2.1) Summary/attitude full case
2025-05-25 01:34:00 - write_node                - ERROR - N/A - Error processing person event: add_attitude_full() got an unexpected keyword argument 'is_expert_flag'
2025-05-25 01:34:00 - write_node                - INFO - N/A - Chunk 88 marked as processed
2025-05-25 01:34:01 - event_classifier          - INFO - N/A - (Stage 0) Processing chunk 83 started
2025-05-25 01:34:04 - opinion_scoring           - INFO - 18.538s - Successfully calculated opinion scores
2025-05-25 01:34:04 - opinion_scoring           - INFO - 18.538s - Chunk 87 processed successfully. Processed 1 person events.
2025-05-25 01:34:04 - write_node                - INFO - N/A - (Stage 3) Scores without inconsistency case
2025-05-25 01:34:04 - write_node                - INFO - N/A - (Stage 2.1) Summary/attitude full case
2025-05-25 01:34:04 - write_node                - ERROR - N/A - Error processing person event: add_attitude_full() got an unexpected keyword argument 'is_expert_flag'
2025-05-25 01:34:04 - write_node                - INFO - N/A - Chunk 87 marked as processed
2025-05-25 01:34:04 - event_classifier          - INFO - N/A - (Stage 0) Processing chunk 84 started
2025-05-25 01:34:08 - sentiment_analysis        - WARNING - N/A - Error while parsing response as float: could not convert string to float: 'I\'m ready to analyze the text. However, I don\'t see any text provided. Please provide the text related to the topic "Green energy", and I\'ll be happy to assist you in calculating the sentiment score.'
2025-05-25 01:34:08 - sentiment_analysis        - WARNING - 78.180s - Retry 2/3 due to invalid output: could not convert string to float: 'I\'m ready to analyze the text. However, I don\'t see any text provided. Please provide the text related to the topic "Green energy", and I\'ll be happy to assist you in calculating the sentiment score.'
2025-05-25 01:34:08 - sentiment_analysis        - ERROR - 78.180s - Skipping analysis after 3 retries.
2025-05-25 01:34:08 - sentiment_analysis        - WARNING - N/A - Failed to get sentiment score for person_event 1.
2025-05-25 01:34:08 - sentiment_analysis        - INFO - 78.180s - Chunk 86 processed successfully. Processed 1 person events.
2025-05-25 01:34:08 - inconsistency_detection   - INFO - N/A - (Stage 2) Inconsistency analysis for chunk 86 started
2025-05-25 01:34:08 - inconsistency_detection   - ERROR - N/A - Missing sentiment score for person_event 1 in chunk 86.
2025-05-25 01:34:08 - inconsistency_detection   - ERROR - N/A - Error processing person_event 1 for chunk 86: Missing sentiment score for person_event 1 in chunk 86.
2025-05-25 01:34:08 - inconsistency_detection   - INFO - 0.021s - Chunk 86 processed successfully. Processed 2 person events.
2025-05-25 01:34:08 - person_summary            - INFO - N/A - (Stage 2.1) Person attitude analysis for chunk 86 started
2025-05-25 01:34:08 - person_summary            - ERROR - N/A - Missing sentiment score for person_event 1 in chunk 86.
2025-05-25 01:34:08 - person_summary            - ERROR - N/A - Error processing person_event 1 for chunk 86: Missing sentiment score for person_event 1 in chunk 86.
2025-05-25 01:34:08 - person_summary            - INFO - 0.000s - Chunk 86 processed successfully. Processed 2 person events.
2025-05-25 01:34:08 - opinion_scoring           - INFO - N/A - (Stage 3) Opinion scoring for chunk 86 started
2025-05-25 01:34:15 - person_summary            - ERROR - N/A - Error in refinement process: 'max_length'. Falling back to truncation.
2025-05-25 01:34:15 - person_summary            - INFO - 19.728s - Successfully got comment
2025-05-25 01:34:15 - person_summary            - INFO - 19.729s - Chunk 85 processed successfully. Processed 1 person events.
2025-05-25 01:34:15 - opinion_scoring           - INFO - N/A - (Stage 3) Opinion scoring for chunk 85 started
2025-05-25 01:34:24 - event_classifier          - INFO - 23.497s - Chunk 83 processed, (1) general events, (1) opinions.
2025-05-25 01:34:24 - event_scoring             - INFO - N/A - (Stage 1) Event scoring for chunk 83 started
2025-05-25 01:34:24 - sentiment_analysis        - INFO - N/A - (Stage 1) Sentiment analysis for chunk 83 started
2025-05-25 01:34:33 - event_classifier          - INFO - 28.592s - Chunk 84 processed, (1) general events, (1) opinions.
2025-05-25 01:34:33 - event_scoring             - INFO - N/A - (Stage 1) Event scoring for chunk 84 started
2025-05-25 01:34:33 - sentiment_analysis        - INFO - N/A - (Stage 1) Sentiment analysis for chunk 84 started
2025-05-25 01:34:37 - opinion_scoring           - INFO - 29.181s - Successfully calculated opinion scores
2025-05-25 01:34:37 - opinion_scoring           - INFO - 29.181s - Chunk 86 processed successfully. Processed 1 person events.
2025-05-25 01:34:37 - write_node                - INFO - N/A - (Stage 0) No sentiment case
2025-05-25 01:34:37 - write_node                - INFO - N/A - Chunk 86 marked as processed
2025-05-25 01:34:38 - event_classifier          - INFO - N/A - (Stage 0) Processing chunk 82 started
2025-05-25 01:34:41 - opinion_scoring           - INFO - 25.247s - Successfully calculated opinion scores
2025-05-25 01:34:41 - opinion_scoring           - INFO - 25.247s - Chunk 85 processed successfully. Processed 1 person events.
2025-05-25 01:34:41 - write_node                - INFO - N/A - (Stage 3) Scores without inconsistency case
2025-05-25 01:34:41 - write_node                - INFO - N/A - (Stage 2.1) Summary/attitude full case
2025-05-25 01:34:41 - write_node                - ERROR - N/A - Error processing person event: add_attitude_full() got an unexpected keyword argument 'is_expert_flag'
2025-05-25 01:34:41 - write_node                - INFO - N/A - Chunk 85 marked as processed
2025-05-25 01:34:41 - event_classifier          - INFO - N/A - (Stage 0) Processing chunk 81 started
2025-05-25 01:34:48 - event_scoring             - INFO - 24.119s - Successfully calculated event scores
2025-05-25 01:34:48 - event_scoring             - INFO - 24.119s - Chunk 83 processed successfully. Processed 1 general events.
2025-05-25 01:34:52 - sentiment_analysis        - INFO - 27.198s - Successfully got sentiment score
2025-05-25 01:34:52 - sentiment_analysis        - INFO - 27.200s - Chunk 83 processed successfully. Processed 1 person events.
2025-05-25 01:34:52 - inconsistency_detection   - INFO - N/A - (Stage 2) Inconsistency analysis for chunk 83 started
2025-05-25 01:34:52 - inconsistency_detection   - INFO - 0.010s - Chunk 83 processed successfully. Processed 1 person events.
2025-05-25 01:34:52 - person_summary            - INFO - N/A - (Stage 2.1) Person attitude analysis for chunk 83 started
2025-05-25 01:34:52 - person_summary            - INFO - N/A - Missing person ID for person_event 1 in chunk 83.
2025-05-25 01:34:52 - person_summary            - INFO - N/A - No sentiment history found for person Kerri Johannsen in chunk 83, generating new.
2025-05-25 01:35:01 - event_scoring             - INFO - 28.224s - Successfully calculated event scores
2025-05-25 01:35:01 - event_scoring             - INFO - 28.224s - Chunk 84 processed successfully. Processed 1 general events.
2025-05-25 01:35:05 - sentiment_analysis        - INFO - 31.593s - Successfully got sentiment score
2025-05-25 01:35:05 - sentiment_analysis        - INFO - 31.593s - Chunk 84 processed successfully. Processed 1 person events.
2025-05-25 01:35:05 - inconsistency_detection   - INFO - N/A - (Stage 2) Inconsistency analysis for chunk 84 started
2025-05-25 01:35:05 - inconsistency_detection   - INFO - 0.011s - Chunk 84 processed successfully. Processed 1 person events.
2025-05-25 01:35:05 - person_summary            - INFO - N/A - (Stage 2.1) Person attitude analysis for chunk 84 started
2025-05-25 01:35:05 - person_summary            - INFO - N/A - Missing person ID for person_event 1 in chunk 84.
2025-05-25 01:35:05 - person_summary            - INFO - N/A - No sentiment history found for person Peter Thorne in chunk 84, generating new.
2025-05-25 01:35:15 - event_classifier          - INFO - 37.438s - Chunk 82 processed, (1) general events, (1) opinions.
2025-05-25 01:35:15 - event_scoring             - INFO - N/A - (Stage 1) Event scoring for chunk 82 started
2025-05-25 01:35:15 - sentiment_analysis        - INFO - N/A - (Stage 1) Sentiment analysis for chunk 82 started
2025-05-25 01:35:25 - event_classifier          - INFO - 44.150s - Chunk 81 processed, (1) general events, (1) opinions.
2025-05-25 01:35:25 - event_scoring             - INFO - N/A - (Stage 1) Event scoring for chunk 81 started
2025-05-25 01:35:25 - sentiment_analysis        - INFO - N/A - (Stage 1) Sentiment analysis for chunk 81 started
2025-05-25 01:35:35 - person_summary            - INFO - 43.221s - Successfully got comment
2025-05-25 01:35:35 - person_summary            - INFO - 43.222s - Chunk 83 processed successfully. Processed 1 person events.
2025-05-25 01:35:35 - opinion_scoring           - INFO - N/A - (Stage 3) Opinion scoring for chunk 83 started
2025-05-25 01:35:41 - person_summary            - INFO - 36.901s - Successfully got comment
2025-05-25 01:35:41 - person_summary            - INFO - 36.901s - Chunk 84 processed successfully. Processed 1 person events.
2025-05-25 01:35:41 - opinion_scoring           - INFO - N/A - (Stage 3) Opinion scoring for chunk 84 started
2025-05-25 01:35:48 - event_scoring             - INFO - 32.794s - Successfully calculated event scores
2025-05-25 01:35:48 - event_scoring             - INFO - 32.794s - Chunk 82 processed successfully. Processed 1 general events.
2025-05-25 01:35:49 - sentiment_analysis        - INFO - 33.731s - Successfully got sentiment score
2025-05-25 01:35:49 - sentiment_analysis        - INFO - 33.731s - Chunk 82 processed successfully. Processed 1 person events.
2025-05-25 01:35:49 - inconsistency_detection   - INFO - N/A - (Stage 2) Inconsistency analysis for chunk 82 started
2025-05-25 01:35:49 - inconsistency_detection   - INFO - 0.011s - Chunk 82 processed successfully. Processed 1 person events.
2025-05-25 01:35:49 - person_summary            - INFO - N/A - (Stage 2.1) Person attitude analysis for chunk 82 started
2025-05-25 01:35:49 - person_summary            - INFO - N/A - Missing person ID for person_event 1 in chunk 82.
2025-05-25 01:35:49 - person_summary            - INFO - N/A - No sentiment history found for person Will Gardiner in chunk 82, generating new.
2025-05-25 01:35:55 - event_scoring             - INFO - 29.851s - Successfully calculated event scores
2025-05-25 01:35:55 - event_scoring             - INFO - 29.851s - Chunk 81 processed successfully. Processed 1 general events.
2025-05-25 01:35:57 - sentiment_analysis        - INFO - 31.128s - Successfully got sentiment score
2025-05-25 01:35:57 - sentiment_analysis        - INFO - 31.129s - Chunk 81 processed successfully. Processed 1 person events.
2025-05-25 01:35:57 - inconsistency_detection   - INFO - N/A - (Stage 2) Inconsistency analysis for chunk 81 started
2025-05-25 01:35:57 - inconsistency_detection   - INFO - 0.012s - Chunk 81 processed successfully. Processed 1 person events.
2025-05-25 01:35:57 - person_summary            - INFO - N/A - (Stage 2.1) Person attitude analysis for chunk 81 started
2025-05-25 01:35:57 - person_summary            - INFO - N/A - Missing person ID for person_event 1 in chunk 81.
2025-05-25 01:35:57 - person_summary            - INFO - N/A - No sentiment history found for person Tomos Harrison in chunk 81, generating new.
2025-05-25 01:36:01 - opinion_scoring           - INFO - 26.358s - Successfully calculated opinion scores
2025-05-25 01:36:01 - opinion_scoring           - INFO - 26.358s - Chunk 83 processed successfully. Processed 1 person events.
2025-05-25 01:36:01 - write_node                - INFO - N/A - (Stage 3) Scores without inconsistency case
2025-05-25 01:36:01 - write_node                - INFO - N/A - (Stage 2.1) Summary/attitude full case
2025-05-25 01:36:01 - write_node                - ERROR - N/A - Error processing person event: add_attitude_full() got an unexpected keyword argument 'is_expert_flag'
2025-05-25 01:36:01 - write_node                - INFO - N/A - Chunk 83 marked as processed
2025-05-25 01:36:02 - event_classifier          - INFO - N/A - (Stage 0) Processing chunk 80 started
2025-05-25 01:36:05 - opinion_scoring           - INFO - 23.174s - Successfully calculated opinion scores
2025-05-25 01:36:05 - opinion_scoring           - INFO - 23.175s - Chunk 84 processed successfully. Processed 1 person events.
2025-05-25 01:36:05 - write_node                - INFO - N/A - (Stage 3) Scores without inconsistency case
2025-05-25 01:36:05 - write_node                - INFO - N/A - (Stage 2.1) Summary/attitude full case
2025-05-25 01:36:05 - write_node                - ERROR - N/A - Error processing person event: add_attitude_full() got an unexpected keyword argument 'is_expert_flag'
2025-05-25 01:36:05 - write_node                - INFO - N/A - Chunk 84 marked as processed
2025-05-25 01:36:05 - event_classifier          - INFO - N/A - (Stage 0) Processing chunk 79 started
2025-05-25 01:36:15 - person_summary            - ERROR - N/A - Error in refinement process: 'max_length'. Falling back to truncation.
2025-05-25 01:36:15 - person_summary            - INFO - 25.977s - Successfully got comment
2025-05-25 01:36:15 - person_summary            - INFO - 25.978s - Chunk 82 processed successfully. Processed 1 person events.
2025-05-25 01:36:15 - opinion_scoring           - INFO - N/A - (Stage 3) Opinion scoring for chunk 82 started
2025-05-25 01:36:21 - person_summary            - INFO - 24.698s - Successfully got comment
2025-05-25 01:36:21 - person_summary            - INFO - 24.699s - Chunk 81 processed successfully. Processed 1 person events.
2025-05-25 01:36:21 - opinion_scoring           - INFO - N/A - (Stage 3) Opinion scoring for chunk 81 started
2025-05-25 01:36:40 - event_classifier          - INFO - 34.906s - Chunk 79 processed, (1) general events, (1) opinions.
2025-05-25 01:36:40 - event_scoring             - INFO - N/A - (Stage 1) Event scoring for chunk 79 started
2025-05-25 01:36:40 - sentiment_analysis        - INFO - N/A - (Stage 1) Sentiment analysis for chunk 79 started
2025-05-25 01:36:45 - opinion_scoring           - INFO - 29.796s - Successfully calculated opinion scores
2025-05-25 01:36:45 - opinion_scoring           - INFO - 29.796s - Chunk 82 processed successfully. Processed 1 person events.
2025-05-25 01:36:45 - write_node                - INFO - N/A - (Stage 3) Scores without inconsistency case
2025-05-25 01:36:45 - write_node                - ERROR - N/A - Opinion scores not saved correctly for ID 58: hotness: expected 0.6799999999999999, got 0.68
2025-05-25 01:36:45 - write_node                - INFO - N/A - (Stage 2.1) Summary/attitude full case
2025-05-25 01:36:45 - write_node                - ERROR - N/A - Error processing person event: add_attitude_full() got an unexpected keyword argument 'is_expert_flag'
2025-05-25 01:36:45 - write_node                - INFO - N/A - Chunk 82 marked as processed
2025-05-25 01:36:45 - event_classifier          - INFO - N/A - (Stage 0) Processing chunk 78 started
2025-05-25 01:36:49 - opinion_scoring           - INFO - 27.188s - Successfully calculated opinion scores
2025-05-25 01:36:49 - opinion_scoring           - INFO - 27.188s - Chunk 81 processed successfully. Processed 1 person events.
2025-05-25 01:36:49 - write_node                - INFO - N/A - (Stage 3) Scores without inconsistency case
2025-05-25 01:36:49 - write_node                - INFO - N/A - (Stage 2.1) Summary/attitude full case
2025-05-25 01:36:49 - write_node                - ERROR - N/A - Error processing person event: add_attitude_full() got an unexpected keyword argument 'is_expert_flag'
2025-05-25 01:36:49 - write_node                - INFO - N/A - Chunk 81 marked as processed
2025-05-25 01:36:49 - event_classifier          - INFO - N/A - (Stage 0) Processing chunk 75 started
2025-05-25 01:36:51 - event_classifier          - INFO - 49.042s - Chunk 80 processed, (1) general events, (1) opinions.
2025-05-25 01:36:51 - event_scoring             - INFO - N/A - (Stage 1) Event scoring for chunk 80 started
2025-05-25 01:36:51 - sentiment_analysis        - INFO - N/A - (Stage 1) Sentiment analysis for chunk 80 started
2025-05-25 01:37:00 - event_scoring             - INFO - 19.962s - Successfully calculated event scores
2025-05-25 01:37:00 - event_scoring             - INFO - 19.962s - Chunk 79 processed successfully. Processed 1 general events.
2025-05-25 01:37:06 - sentiment_analysis        - WARNING - N/A - Error while parsing response as float: could not convert string to float: 'I must point out that the provided text does not mention "Green energy" at all. The topic is mentioned, but it\'s not present in the given text.\n\nHowever, if you\'d like to provide a new text related to the topic "Green energy", I\'ll be happy to analyze its sentiment for you!'
2025-05-25 01:37:06 - sentiment_analysis        - WARNING - 26.160s - Error during first attempt: could not convert string to float: 'I must point out that the provided text does not mention "Green energy" at all. The topic is mentioned, but it\'s not present in the given text.\n\nHowever, if you\'d like to provide a new text related to the topic "Green energy", I\'ll be happy to analyze its sentiment for you!'
2025-05-25 01:37:16 - event_classifier          - INFO - 30.638s - Chunk 78 processed, (1) general events, (1) opinions.
2025-05-25 01:37:16 - event_scoring             - INFO - N/A - (Stage 1) Event scoring for chunk 78 started
2025-05-25 01:37:16 - sentiment_analysis        - INFO - N/A - (Stage 1) Sentiment analysis for chunk 78 started
2025-05-25 01:37:23 - event_classifier          - INFO - 34.158s - Chunk 75 processed, (1) general events, (1) opinions.
2025-05-25 01:37:23 - event_scoring             - INFO - N/A - (Stage 1) Event scoring for chunk 75 started
2025-05-25 01:37:23 - sentiment_analysis        - INFO - N/A - (Stage 1) Sentiment analysis for chunk 75 started
2025-05-25 01:37:31 - event_scoring             - INFO - 40.085s - Successfully calculated event scores
2025-05-25 01:37:31 - event_scoring             - INFO - 40.085s - Chunk 80 processed successfully. Processed 1 general events.
2025-05-25 01:37:35 - sentiment_analysis        - INFO - 43.894s - Successfully got sentiment score
2025-05-25 01:37:35 - sentiment_analysis        - INFO - 43.894s - Chunk 80 processed successfully. Processed 1 person events.
2025-05-25 01:37:35 - inconsistency_detection   - INFO - N/A - (Stage 2) Inconsistency analysis for chunk 80 started
2025-05-25 01:37:35 - inconsistency_detection   - INFO - 0.012s - Chunk 80 processed successfully. Processed 1 person events.
2025-05-25 01:37:35 - person_summary            - INFO - N/A - (Stage 2.1) Person attitude analysis for chunk 80 started
2025-05-25 01:37:35 - person_summary            - INFO - N/A - Missing person ID for person_event 1 in chunk 80.
2025-05-25 01:37:35 - person_summary            - INFO - N/A - No sentiment history found for person Grant Hill in chunk 80, generating new.
2025-05-25 01:37:42 - sentiment_analysis        - WARNING - N/A - Error while parsing response as float: could not convert string to float: 'I must point out that the provided text does not mention "Green energy" at all. The topic is mentioned, but it\'s not present in the given text.\n\nHowever, if you\'d like to provide a new text related to "Green energy", I\'ll be happy to analyze its sentiment and provide a score between -1.0 and +1.0.\n\nPlease provide the text, and I\'ll get started!'
2025-05-25 01:37:42 - sentiment_analysis        - WARNING - 61.740s - Retry 1/3 due to invalid output: could not convert string to float: 'I must point out that the provided text does not mention "Green energy" at all. The topic is mentioned, but it\'s not present in the given text.\n\nHowever, if you\'d like to provide a new text related to "Green energy", I\'ll be happy to analyze its sentiment and provide a score between -1.0 and +1.0.\n\nPlease provide the text, and I\'ll get started!'
2025-05-25 01:37:48 - event_scoring             - INFO - 31.908s - Successfully calculated event scores
2025-05-25 01:37:48 - event_scoring             - INFO - 31.908s - Chunk 78 processed successfully. Processed 1 general events.
2025-05-25 01:37:49 - sentiment_analysis        - INFO - 33.164s - Successfully got sentiment score
2025-05-25 01:37:49 - sentiment_analysis        - INFO - 33.164s - Chunk 78 processed successfully. Processed 1 person events.
2025-05-25 01:37:49 - inconsistency_detection   - INFO - N/A - (Stage 2) Inconsistency analysis for chunk 78 started
2025-05-25 01:37:49 - inconsistency_detection   - INFO - 0.010s - Chunk 78 processed successfully. Processed 1 person events.
2025-05-25 01:37:49 - person_summary            - INFO - N/A - (Stage 2.1) Person attitude analysis for chunk 78 started
2025-05-25 01:37:49 - person_summary            - INFO - N/A - Missing person ID for person_event 1 in chunk 78.
2025-05-25 01:37:49 - person_summary            - INFO - N/A - No sentiment history found for person Mark Green in chunk 78, generating new.
2025-05-25 01:37:55 - event_scoring             - INFO - 31.326s - Successfully calculated event scores
2025-05-25 01:37:55 - event_scoring             - INFO - 31.326s - Chunk 75 processed successfully. Processed 1 general events.
2025-05-25 01:37:56 - sentiment_analysis        - INFO - 32.260s - Successfully got sentiment score
2025-05-25 01:37:56 - sentiment_analysis        - INFO - 32.261s - Chunk 75 processed successfully. Processed 1 person events.
2025-05-25 01:37:56 - inconsistency_detection   - INFO - N/A - (Stage 2) Inconsistency analysis for chunk 75 started
2025-05-25 01:38:02 - person_summary            - INFO - 27.397s - Successfully got comment
2025-05-25 01:38:02 - person_summary            - INFO - 27.399s - Chunk 80 processed successfully. Processed 1 person events.
2025-05-25 01:38:02 - opinion_scoring           - INFO - N/A - (Stage 3) Opinion scoring for chunk 80 started
2025-05-25 01:38:08 - sentiment_analysis        - WARNING - N/A - Error while parsing response as float: could not convert string to float: 'I must point out that the provided text does not mention "Green energy" at all. The topic is mentioned, but it\'s not present in the given text.\n\nHowever, if you\'d like to provide a new text related to the topic "Green energy", I\'ll be happy to analyze its sentiment for you!'
2025-05-25 01:38:08 - sentiment_analysis        - WARNING - 88.019s - Retry 2/3 due to invalid output: could not convert string to float: 'I must point out that the provided text does not mention "Green energy" at all. The topic is mentioned, but it\'s not present in the given text.\n\nHowever, if you\'d like to provide a new text related to the topic "Green energy", I\'ll be happy to analyze its sentiment for you!'
2025-05-25 01:38:08 - sentiment_analysis        - ERROR - 88.019s - Skipping analysis after 3 retries.
2025-05-25 01:38:08 - sentiment_analysis        - WARNING - N/A - Failed to get sentiment score for person_event 1.
2025-05-25 01:38:08 - sentiment_analysis        - INFO - 88.019s - Chunk 79 processed successfully. Processed 1 person events.
2025-05-25 01:38:08 - inconsistency_detection   - INFO - N/A - (Stage 2) Inconsistency analysis for chunk 79 started
2025-05-25 01:38:08 - inconsistency_detection   - INFO - 0.019s - Chunk 79 processed successfully. Processed 1 person events.
2025-05-25 01:38:08 - person_summary            - INFO - N/A - (Stage 2.1) Person attitude analysis for chunk 79 started
2025-05-25 01:38:08 - person_summary            - ERROR - N/A - Missing sentiment score for person_event 1 in chunk 79.
2025-05-25 01:38:08 - person_summary            - ERROR - N/A - Error processing person_event 1 for chunk 79: Missing sentiment score for person_event 1 in chunk 79.
2025-05-25 01:38:08 - person_summary            - INFO - 0.000s - Chunk 79 processed successfully. Processed 2 person events.
2025-05-25 01:38:08 - opinion_scoring           - INFO - N/A - (Stage 3) Opinion scoring for chunk 79 started
2025-05-25 01:38:16 - person_summary            - ERROR - N/A - Error in refinement process: 'max_length'. Falling back to truncation.
2025-05-25 01:38:16 - person_summary            - INFO - 27.180s - Successfully got comment
2025-05-25 01:38:16 - person_summary            - INFO - 27.180s - Chunk 78 processed successfully. Processed 1 person events.
2025-05-25 01:38:16 - opinion_scoring           - INFO - N/A - (Stage 3) Opinion scoring for chunk 78 started
2025-05-25 01:38:26 - opinion_scoring           - INFO - 23.396s - Successfully calculated opinion scores
2025-05-25 01:38:26 - opinion_scoring           - INFO - 23.396s - Chunk 80 processed successfully. Processed 1 person events.
2025-05-25 01:38:26 - write_node                - INFO - N/A - (Stage 3) Scores without inconsistency case
2025-05-25 01:38:26 - write_node                - ERROR - N/A - Opinion scores not saved correctly for ID 60: hotness: expected 0.6100000000000001, got 0.61
2025-05-25 01:38:26 - write_node                - INFO - N/A - (Stage 2.1) Summary/attitude full case
2025-05-25 01:38:26 - write_node                - ERROR - N/A - Error processing person event: add_attitude_full() got an unexpected keyword argument 'is_expert_flag'
2025-05-25 01:38:26 - write_node                - INFO - N/A - Chunk 80 marked as processed
2025-05-25 01:38:26 - event_classifier          - INFO - N/A - (Stage 0) Processing chunk 77 started
2025-05-25 01:38:29 - opinion_scoring           - INFO - 21.050s - Successfully calculated opinion scores
2025-05-25 01:38:29 - opinion_scoring           - INFO - 21.050s - Chunk 79 processed successfully. Processed 1 person events.
2025-05-25 01:38:29 - write_node                - INFO - N/A - (Stage 0) No sentiment case
2025-05-25 01:38:30 - write_node                - INFO - N/A - Chunk 79 marked as processed
2025-05-25 01:38:30 - event_classifier          - INFO - N/A - (Stage 0) Processing chunk 76 started
2025-05-25 01:38:35 - opinion_scoring           - INFO - 18.896s - Successfully calculated opinion scores
2025-05-25 01:38:35 - opinion_scoring           - INFO - 18.896s - Chunk 78 processed successfully. Processed 1 person events.
2025-05-25 01:38:35 - write_node                - INFO - N/A - (Stage 3) Scores without inconsistency case
2025-05-25 01:38:36 - write_node                - ERROR - N/A - Opinion scores not saved correctly for ID 62: hotness: expected 0.5249999999999999, got 0.525
2025-05-25 01:38:36 - write_node                - INFO - N/A - (Stage 2.1) Summary/attitude full case
2025-05-25 01:38:36 - write_node                - ERROR - N/A - Error processing person event: add_attitude_full() got an unexpected keyword argument 'is_expert_flag'
2025-05-25 01:38:36 - write_node                - INFO - N/A - Chunk 78 marked as processed
2025-05-25 01:38:36 - event_classifier          - INFO - N/A - (Stage 0) Processing chunk 74 started
2025-05-25 01:38:38 - inconsistency_detection   - INFO - 42.599s - Successfully got comment
2025-05-25 01:38:38 - inconsistency_detection   - INFO - 42.628s - Chunk 75 processed successfully. Processed 1 person events.
2025-05-25 01:38:38 - person_summary            - INFO - N/A - (Stage 2.1) Person attitude analysis for chunk 75 started
2025-05-25 01:38:38 - person_summary            - INFO - N/A - Sentiment history found for person Unspecified in chunk 75.
2025-05-25 01:38:46 - event_classifier          - INFO - 20.162s - Chunk 77 processed, (1) general events, (1) opinions.
2025-05-25 01:38:46 - event_scoring             - INFO - N/A - (Stage 1) Event scoring for chunk 77 started
2025-05-25 01:38:46 - sentiment_analysis        - INFO - N/A - (Stage 1) Sentiment analysis for chunk 77 started
2025-05-25 01:38:55 - event_classifier          - INFO - 24.561s - Chunk 76 processed, (1) general events, (1) opinions.
2025-05-25 01:38:55 - event_scoring             - INFO - N/A - (Stage 1) Event scoring for chunk 76 started
2025-05-25 01:38:55 - sentiment_analysis        - INFO - N/A - (Stage 1) Sentiment analysis for chunk 76 started
2025-05-25 01:39:01 - event_classifier          - INFO - 24.477s - Chunk 74 processed, (1) general events, (1) opinions.
2025-05-25 01:39:01 - event_scoring             - INFO - N/A - (Stage 1) Event scoring for chunk 74 started
2025-05-25 01:39:01 - sentiment_analysis        - INFO - N/A - (Stage 1) Sentiment analysis for chunk 74 started
2025-05-25 01:39:08 - person_summary            - INFO - 29.218s - Successfully got comment
2025-05-25 01:39:08 - person_summary            - INFO - 29.247s - Chunk 75 processed successfully. Processed 1 person events.
2025-05-25 01:39:08 - opinion_scoring           - INFO - N/A - (Stage 3) Opinion scoring for chunk 75 started
2025-05-25 01:39:13 - event_scoring             - INFO - 26.076s - Successfully calculated event scores
2025-05-25 01:39:13 - event_scoring             - INFO - 26.076s - Chunk 77 processed successfully. Processed 1 general events.
2025-05-25 01:39:14 - sentiment_analysis        - INFO - 27.046s - Successfully got sentiment score
2025-05-25 01:39:14 - sentiment_analysis        - INFO - 27.046s - Chunk 77 processed successfully. Processed 1 person events.
2025-05-25 01:39:14 - inconsistency_detection   - INFO - N/A - (Stage 2) Inconsistency analysis for chunk 77 started
2025-05-25 01:39:14 - inconsistency_detection   - INFO - 0.012s - Chunk 77 processed successfully. Processed 1 person events.
2025-05-25 01:39:14 - person_summary            - INFO - N/A - (Stage 2.1) Person attitude analysis for chunk 77 started
2025-05-25 01:39:14 - person_summary            - INFO - N/A - Missing person ID for person_event 1 in chunk 77.
2025-05-25 01:39:14 - person_summary            - INFO - N/A - No sentiment history found for person Wu in chunk 77, generating new.
2025-05-25 01:39:19 - event_scoring             - INFO - 24.355s - Successfully calculated event scores
2025-05-25 01:39:19 - event_scoring             - INFO - 24.355s - Chunk 76 processed successfully. Processed 1 general events.
2025-05-25 01:39:20 - sentiment_analysis        - INFO - 25.293s - Successfully got sentiment score
2025-05-25 01:39:20 - sentiment_analysis        - INFO - 25.293s - Chunk 76 processed successfully. Processed 1 person events.
2025-05-25 01:39:20 - inconsistency_detection   - INFO - N/A - (Stage 2) Inconsistency analysis for chunk 76 started
2025-05-25 01:39:20 - inconsistency_detection   - INFO - 0.012s - Chunk 76 processed successfully. Processed 1 person events.
2025-05-25 01:39:20 - person_summary            - INFO - N/A - (Stage 2.1) Person attitude analysis for chunk 76 started
2025-05-25 01:39:20 - person_summary            - INFO - N/A - Missing person ID for person_event 1 in chunk 76.
2025-05-25 01:39:20 - person_summary            - INFO - N/A - No sentiment history found for person Hao Wu in chunk 76, generating new.
2025-05-25 01:39:25 - event_scoring             - INFO - 24.088s - Successfully calculated event scores
2025-05-25 01:39:25 - event_scoring             - INFO - 24.088s - Chunk 74 processed successfully. Processed 1 general events.
2025-05-25 01:39:29 - sentiment_analysis        - WARNING - N/A - Error while parsing response as float: could not convert string to float: 'I\'m ready to analyze the text. However, you haven\'t provided the text yet. Please provide the text related to the topic "Green energy", and I\'ll be happy to assist you in calculating the sentiment score.'
2025-05-25 01:39:29 - sentiment_analysis        - WARNING - 28.369s - Error during first attempt: could not convert string to float: 'I\'m ready to analyze the text. However, you haven\'t provided the text yet. Please provide the text related to the topic "Green energy", and I\'ll be happy to assist you in calculating the sentiment score.'
2025-05-25 01:39:34 - opinion_scoring           - INFO - 26.280s - Successfully calculated opinion scores
2025-05-25 01:39:34 - opinion_scoring           - INFO - 26.280s - Chunk 75 processed successfully. Processed 1 person events.
2025-05-25 01:39:34 - write_node                - INFO - N/A - (Stage 3) Scored case
2025-05-25 01:39:34 - write_node                - INFO - N/A - (Stage 2.1) Summary/attitude full case
2025-05-25 01:39:34 - write_node                - ERROR - N/A - Error processing person event: add_attitude_full() got an unexpected keyword argument 'is_expert_flag'
2025-05-25 01:39:34 - write_node                - INFO - N/A - Chunk 75 marked as processed
2025-05-25 01:39:35 - event_classifier          - INFO - N/A - (Stage 0) Processing chunk 73 started
2025-05-25 01:39:42 - person_summary            - INFO - 28.481s - Successfully got comment
2025-05-25 01:39:42 - person_summary            - INFO - 28.483s - Chunk 77 processed successfully. Processed 1 person events.
2025-05-25 01:39:42 - opinion_scoring           - INFO - N/A - (Stage 3) Opinion scoring for chunk 77 started
2025-05-25 01:39:51 - person_summary            - ERROR - N/A - Error in refinement process: 'max_length'. Falling back to truncation.
2025-05-25 01:39:51 - person_summary            - INFO - 30.903s - Successfully got comment
2025-05-25 01:39:51 - person_summary            - INFO - 30.903s - Chunk 76 processed successfully. Processed 1 person events.
2025-05-25 01:39:51 - opinion_scoring           - INFO - N/A - (Stage 3) Opinion scoring for chunk 76 started
2025-05-25 01:40:00 - sentiment_analysis        - WARNING - N/A - Error while parsing response as float: could not convert string to float: 'I\'m ready to analyze the text. However, I don\'t see any text provided. Please provide the text related to the topic "Green energy", and I\'ll be happy to assist you in calculating the sentiment score.'
2025-05-25 01:40:00 - sentiment_analysis        - WARNING - 59.173s - Retry 1/3 due to invalid output: could not convert string to float: 'I\'m ready to analyze the text. However, I don\'t see any text provided. Please provide the text related to the topic "Green energy", and I\'ll be happy to assist you in calculating the sentiment score.'
2025-05-25 01:40:10 - event_classifier          - INFO - 35.302s - Chunk 73 processed, (1) general events, (1) opinions.
2025-05-25 01:40:10 - event_scoring             - INFO - N/A - (Stage 1) Event scoring for chunk 73 started
2025-05-25 01:40:10 - sentiment_analysis        - INFO - N/A - (Stage 1) Sentiment analysis for chunk 73 started
2025-05-25 01:40:18 - opinion_scoring           - INFO - 36.160s - Successfully calculated opinion scores
2025-05-25 01:40:18 - opinion_scoring           - INFO - 36.161s - Chunk 77 processed successfully. Processed 1 person events.
2025-05-25 01:40:18 - write_node                - INFO - N/A - (Stage 3) Scores without inconsistency case
2025-05-25 01:40:18 - write_node                - ERROR - N/A - Opinion scores not saved correctly for ID 64: hotness: expected 0.5249999999999999, got 0.525
2025-05-25 01:40:18 - write_node                - INFO - N/A - (Stage 2.1) Summary/attitude full case
2025-05-25 01:40:18 - write_node                - ERROR - N/A - Error processing person event: add_attitude_full() got an unexpected keyword argument 'is_expert_flag'
2025-05-25 01:40:18 - write_node                - INFO - N/A - Chunk 77 marked as processed
2025-05-25 01:40:19 - event_classifier          - INFO - N/A - (Stage 0) Processing chunk 72 started
2025-05-25 01:40:23 - opinion_scoring           - INFO - 32.195s - Successfully calculated opinion scores
2025-05-25 01:40:23 - opinion_scoring           - INFO - 32.195s - Chunk 76 processed successfully. Processed 1 person events.
2025-05-25 01:40:23 - write_node                - INFO - N/A - (Stage 3) Scores without inconsistency case
2025-05-25 01:40:23 - write_node                - INFO - N/A - (Stage 2.1) Summary/attitude full case
2025-05-25 01:40:23 - write_node                - ERROR - N/A - Error processing person event: add_attitude_full() got an unexpected keyword argument 'is_expert_flag'
2025-05-25 01:40:23 - write_node                - INFO - N/A - Chunk 76 marked as processed
2025-05-25 01:40:24 - event_classifier          - INFO - N/A - (Stage 0) Processing chunk 71 started
2025-05-25 01:40:28 - sentiment_analysis        - WARNING - N/A - Error while parsing response as float: could not convert string to float: 'I\'m ready to analyze the text. However, I don\'t see any text provided. Please provide the text related to the topic "Green energy", and I\'ll be happy to assist you in calculating the sentiment score.'
2025-05-25 01:40:28 - sentiment_analysis        - WARNING - 87.798s - Retry 2/3 due to invalid output: could not convert string to float: 'I\'m ready to analyze the text. However, I don\'t see any text provided. Please provide the text related to the topic "Green energy", and I\'ll be happy to assist you in calculating the sentiment score.'
2025-05-25 01:40:28 - sentiment_analysis        - ERROR - 87.798s - Skipping analysis after 3 retries.
2025-05-25 01:40:28 - sentiment_analysis        - WARNING - N/A - Failed to get sentiment score for person_event 1.
2025-05-25 01:40:28 - sentiment_analysis        - INFO - 87.799s - Chunk 74 processed successfully. Processed 1 person events.
2025-05-25 01:40:28 - inconsistency_detection   - INFO - N/A - (Stage 2) Inconsistency analysis for chunk 74 started
2025-05-25 01:40:28 - inconsistency_detection   - ERROR - N/A - Missing sentiment score for person_event 1 in chunk 74.
2025-05-25 01:40:28 - inconsistency_detection   - ERROR - N/A - Error processing person_event 1 for chunk 74: Missing sentiment score for person_event 1 in chunk 74.
2025-05-25 01:40:28 - inconsistency_detection   - INFO - 0.013s - Chunk 74 processed successfully. Processed 2 person events.
2025-05-25 01:40:28 - person_summary            - INFO - N/A - (Stage 2.1) Person attitude analysis for chunk 74 started
2025-05-25 01:40:28 - person_summary            - ERROR - N/A - Missing sentiment score for person_event 1 in chunk 74.
2025-05-25 01:40:28 - person_summary            - ERROR - N/A - Error processing person_event 1 for chunk 74: Missing sentiment score for person_event 1 in chunk 74.
2025-05-25 01:40:28 - person_summary            - INFO - 0.000s - Chunk 74 processed successfully. Processed 2 person events.
2025-05-25 01:40:28 - opinion_scoring           - INFO - N/A - (Stage 3) Opinion scoring for chunk 74 started
2025-05-25 01:40:38 - event_scoring             - INFO - 28.505s - Successfully calculated event scores
2025-05-25 01:40:38 - event_scoring             - INFO - 28.505s - Chunk 73 processed successfully. Processed 1 general events.
2025-05-25 01:40:48 - sentiment_analysis        - WARNING - N/A - Error while parsing response as float: could not convert string to float: 'I\'m ready to analyze the text. However, I don\'t see any text provided. Please provide the text related to the topic "Green energy", and I\'ll be happy to assist you in calculating the sentiment score.'
2025-05-25 01:40:48 - sentiment_analysis        - WARNING - 37.962s - Error during first attempt: could not convert string to float: 'I\'m ready to analyze the text. However, I don\'t see any text provided. Please provide the text related to the topic "Green energy", and I\'ll be happy to assist you in calculating the sentiment score.'
2025-05-25 01:40:58 - event_classifier          - INFO - 38.752s - Chunk 72 processed, (1) general events, (1) opinions.
2025-05-25 01:40:58 - event_scoring             - INFO - N/A - (Stage 1) Event scoring for chunk 72 started
2025-05-25 01:40:58 - sentiment_analysis        - INFO - N/A - (Stage 1) Sentiment analysis for chunk 72 started
2025-05-25 01:41:09 - event_classifier          - INFO - 44.876s - Chunk 71 processed, (1) general events, (1) opinions.
2025-05-25 01:41:09 - event_scoring             - INFO - N/A - (Stage 1) Event scoring for chunk 71 started
2025-05-25 01:41:09 - sentiment_analysis        - INFO - N/A - (Stage 1) Sentiment analysis for chunk 71 started
2025-05-25 01:41:19 - opinion_scoring           - INFO - 50.384s - Successfully calculated opinion scores
2025-05-25 01:41:19 - opinion_scoring           - INFO - 50.384s - Chunk 74 processed successfully. Processed 1 person events.
2025-05-25 01:41:19 - write_node                - INFO - N/A - (Stage 0) No sentiment case
2025-05-25 01:41:19 - write_node                - INFO - N/A - Chunk 74 marked as processed
2025-05-25 01:41:19 - event_classifier          - INFO - N/A - (Stage 0) Processing chunk 70 started
2025-05-25 01:41:24 - sentiment_analysis        - WARNING - N/A - Error while parsing response as float: could not convert string to float: 'I\'m ready to analyze the text. However, I don\'t see any text provided. Please provide the text related to the topic "Green energy", and I\'ll be happy to assist you in calculating the sentiment score.'
2025-05-25 01:41:24 - sentiment_analysis        - WARNING - 74.610s - Retry 1/3 due to invalid output: could not convert string to float: 'I\'m ready to analyze the text. However, I don\'t see any text provided. Please provide the text related to the topic "Green energy", and I\'ll be happy to assist you in calculating the sentiment score.'
2025-05-25 01:41:35 - event_scoring             - INFO - 36.984s - Successfully calculated event scores
2025-05-25 01:41:35 - event_scoring             - INFO - 36.984s - Chunk 72 processed successfully. Processed 1 general events.
2025-05-25 01:41:40 - sentiment_analysis        - INFO - 42.183s - Successfully got sentiment score
2025-05-25 01:41:40 - sentiment_analysis        - INFO - 42.183s - Chunk 72 processed successfully. Processed 1 person events.
2025-05-25 01:41:40 - inconsistency_detection   - INFO - N/A - (Stage 2) Inconsistency analysis for chunk 72 started
2025-05-25 01:41:40 - inconsistency_detection   - INFO - 0.012s - Chunk 72 processed successfully. Processed 1 person events.
2025-05-25 01:41:40 - person_summary            - INFO - N/A - (Stage 2.1) Person attitude analysis for chunk 72 started
2025-05-25 01:41:40 - person_summary            - INFO - N/A - Missing person ID for person_event 1 in chunk 72.
2025-05-25 01:41:40 - person_summary            - INFO - N/A - No sentiment history found for person Sant in chunk 72, generating new.
2025-05-25 01:41:49 - event_scoring             - INFO - 40.810s - Successfully calculated event scores
2025-05-25 01:41:49 - event_scoring             - INFO - 40.810s - Chunk 71 processed successfully. Processed 1 general events.
2025-05-25 01:41:54 - sentiment_analysis        - INFO - 45.669s - Successfully got sentiment score
2025-05-25 01:41:54 - sentiment_analysis        - INFO - 45.669s - Chunk 71 processed successfully. Processed 1 person events.
2025-05-25 01:41:54 - inconsistency_detection   - INFO - N/A - (Stage 2) Inconsistency analysis for chunk 71 started
2025-05-25 01:41:54 - inconsistency_detection   - INFO - 0.011s - Chunk 71 processed successfully. Processed 1 person events.
2025-05-25 01:41:54 - person_summary            - INFO - N/A - (Stage 2.1) Person attitude analysis for chunk 71 started
2025-05-25 01:41:54 - person_summary            - INFO - N/A - Missing person ID for person_event 1 in chunk 71.
2025-05-25 01:41:54 - person_summary            - INFO - N/A - No sentiment history found for person Lili Fuhr in chunk 71, generating new.
2025-05-25 01:42:05 - event_classifier          - INFO - 46.046s - Chunk 70 processed, (1) general events, (1) opinions.
2025-05-25 01:42:05 - event_scoring             - INFO - N/A - (Stage 1) Event scoring for chunk 70 started
2025-05-25 01:42:05 - sentiment_analysis        - INFO - N/A - (Stage 1) Sentiment analysis for chunk 70 started
2025-05-25 01:42:11 - sentiment_analysis        - WARNING - N/A - Error while parsing response as float: could not convert string to float: 'I\'m ready to analyze the text. However, I don\'t see any text provided. Please provide the text related to the topic "Green energy", and I\'ll be happy to assist you in calculating the sentiment score.'
2025-05-25 01:42:11 - sentiment_analysis        - WARNING - 121.400s - Retry 2/3 due to invalid output: could not convert string to float: 'I\'m ready to analyze the text. However, I don\'t see any text provided. Please provide the text related to the topic "Green energy", and I\'ll be happy to assist you in calculating the sentiment score.'
2025-05-25 01:42:11 - sentiment_analysis        - ERROR - 121.401s - Skipping analysis after 3 retries.
2025-05-25 01:42:11 - sentiment_analysis        - WARNING - N/A - Failed to get sentiment score for person_event 1.
2025-05-25 01:42:11 - sentiment_analysis        - INFO - 121.401s - Chunk 73 processed successfully. Processed 1 person events.
2025-05-25 01:42:11 - inconsistency_detection   - INFO - N/A - (Stage 2) Inconsistency analysis for chunk 73 started
2025-05-25 01:42:11 - inconsistency_detection   - ERROR - N/A - Missing sentiment score for person_event 1 in chunk 73.
2025-05-25 01:42:11 - inconsistency_detection   - ERROR - N/A - Error processing person_event 1 for chunk 73: Missing sentiment score for person_event 1 in chunk 73.
2025-05-25 01:42:11 - inconsistency_detection   - INFO - 0.012s - Chunk 73 processed successfully. Processed 2 person events.
2025-05-25 01:42:11 - person_summary            - INFO - N/A - (Stage 2.1) Person attitude analysis for chunk 73 started
2025-05-25 01:42:11 - person_summary            - ERROR - N/A - Missing sentiment score for person_event 1 in chunk 73.
2025-05-25 01:42:11 - person_summary            - ERROR - N/A - Error processing person_event 1 for chunk 73: Missing sentiment score for person_event 1 in chunk 73.
2025-05-25 01:42:11 - person_summary            - INFO - 0.000s - Chunk 73 processed successfully. Processed 2 person events.
2025-05-25 01:42:11 - opinion_scoring           - INFO - N/A - (Stage 3) Opinion scoring for chunk 73 started
2025-05-25 01:42:20 - person_summary            - INFO - 40.613s - Successfully got comment
2025-05-25 01:42:20 - person_summary            - INFO - 40.613s - Chunk 72 processed successfully. Processed 1 person events.
2025-05-25 01:42:20 - opinion_scoring           - INFO - N/A - (Stage 3) Opinion scoring for chunk 72 started
2025-05-25 01:42:30 - person_summary            - INFO - 35.574s - Successfully got comment
2025-05-25 01:42:30 - person_summary            - INFO - 35.575s - Chunk 71 processed successfully. Processed 1 person events.
2025-05-25 01:42:30 - opinion_scoring           - INFO - N/A - (Stage 3) Opinion scoring for chunk 71 started
2025-05-25 01:42:40 - event_scoring             - INFO - 34.267s - Successfully calculated event scores
2025-05-25 01:42:40 - event_scoring             - INFO - 34.267s - Chunk 70 processed successfully. Processed 1 general events.
2025-05-25 01:42:45 - sentiment_analysis        - INFO - 39.099s - Successfully got sentiment score
2025-05-25 01:42:45 - sentiment_analysis        - INFO - 39.099s - Chunk 70 processed successfully. Processed 1 person events.
2025-05-25 01:42:45 - inconsistency_detection   - INFO - N/A - (Stage 2) Inconsistency analysis for chunk 70 started
2025-05-25 01:42:45 - inconsistency_detection   - INFO - 0.011s - Chunk 70 processed successfully. Processed 1 person events.
2025-05-25 01:42:45 - person_summary            - INFO - N/A - (Stage 2.1) Person attitude analysis for chunk 70 started
2025-05-25 01:42:45 - person_summary            - INFO - N/A - Missing person ID for person_event 1 in chunk 70.
2025-05-25 01:42:45 - person_summary            - INFO - N/A - No sentiment history found for person Gaurav Sant in chunk 70, generating new.
2025-05-25 01:42:50 - opinion_scoring           - INFO - 38.635s - Successfully calculated opinion scores
2025-05-25 01:42:50 - opinion_scoring           - INFO - 38.635s - Chunk 73 processed successfully. Processed 1 person events.
2025-05-25 01:42:50 - write_node                - INFO - N/A - (Stage 0) No sentiment case
2025-05-25 01:42:50 - write_node                - INFO - N/A - Chunk 73 marked as processed
2025-05-25 01:42:51 - event_classifier          - INFO - N/A - (Stage 0) Processing chunk 69 started
2025-05-25 01:42:55 - opinion_scoring           - INFO - 34.994s - Successfully calculated opinion scores
2025-05-25 01:42:55 - opinion_scoring           - INFO - 34.995s - Chunk 72 processed successfully. Processed 1 person events.
2025-05-25 01:42:56 - write_node                - INFO - N/A - (Stage 3) Scores without inconsistency case
2025-05-25 01:42:56 - write_node                - INFO - N/A - (Stage 2.1) Summary/attitude full case
2025-05-25 01:42:56 - write_node                - ERROR - N/A - Error processing person event: add_attitude_full() got an unexpected keyword argument 'is_expert_flag'
2025-05-25 01:42:56 - write_node                - INFO - N/A - Chunk 72 marked as processed
2025-05-25 01:42:56 - event_classifier          - INFO - N/A - (Stage 0) Processing chunk 67 started
2025-05-25 01:43:00 - opinion_scoring           - INFO - 30.566s - Successfully calculated opinion scores
2025-05-25 01:43:00 - opinion_scoring           - INFO - 30.567s - Chunk 71 processed successfully. Processed 1 person events.
2025-05-25 01:43:01 - write_node                - INFO - N/A - (Stage 3) Scores without inconsistency case
2025-05-25 01:43:01 - write_node                - ERROR - N/A - Opinion scores not saved correctly for ID 68: hotness: expected 0.9100000000000001, got 0.91
2025-05-25 01:43:01 - write_node                - INFO - N/A - (Stage 2.1) Summary/attitude full case
2025-05-25 01:43:01 - write_node                - ERROR - N/A - Error processing person event: add_attitude_full() got an unexpected keyword argument 'is_expert_flag'
2025-05-25 01:43:01 - write_node                - INFO - N/A - Chunk 71 marked as processed
2025-05-25 01:43:01 - event_classifier          - INFO - N/A - (Stage 0) Processing chunk 68 started
2025-05-25 01:43:12 - person_summary            - ERROR - N/A - Error in refinement process: 'max_length'. Falling back to truncation.
2025-05-25 01:43:12 - person_summary            - INFO - 27.215s - Successfully got comment
2025-05-25 01:43:12 - person_summary            - INFO - 27.216s - Chunk 70 processed successfully. Processed 1 person events.
2025-05-25 01:43:12 - opinion_scoring           - INFO - N/A - (Stage 3) Opinion scoring for chunk 70 started
2025-05-25 01:43:24 - event_classifier          - INFO - 33.225s - Chunk 69 processed, (1) general events, (1) opinions.
2025-05-25 01:43:24 - event_scoring             - INFO - N/A - (Stage 1) Event scoring for chunk 69 started
2025-05-25 01:43:24 - sentiment_analysis        - INFO - N/A - (Stage 1) Sentiment analysis for chunk 69 started
2025-05-25 01:43:37 - event_classifier          - INFO - 41.286s - Chunk 67 processed, (1) general events, (1) opinions.
2025-05-25 01:43:37 - event_scoring             - INFO - N/A - (Stage 1) Event scoring for chunk 67 started
2025-05-25 01:43:37 - sentiment_analysis        - INFO - N/A - (Stage 1) Sentiment analysis for chunk 67 started
2025-05-25 01:43:49 - event_classifier          - INFO - 47.613s - Chunk 68 processed, (1) general events, (1) opinions.
2025-05-25 01:43:49 - event_scoring             - INFO - N/A - (Stage 1) Event scoring for chunk 68 started
2025-05-25 01:43:49 - sentiment_analysis        - INFO - N/A - (Stage 1) Sentiment analysis for chunk 68 started
2025-05-25 01:43:56 - opinion_scoring           - INFO - 43.836s - Successfully calculated opinion scores
2025-05-25 01:43:56 - opinion_scoring           - INFO - 43.836s - Chunk 70 processed successfully. Processed 1 person events.
2025-05-25 01:43:56 - write_node                - INFO - N/A - (Stage 3) Scores without inconsistency case
2025-05-25 01:43:56 - write_node                - INFO - N/A - (Stage 2.1) Summary/attitude full case
2025-05-25 01:43:56 - write_node                - ERROR - N/A - Error processing person event: add_attitude_full() got an unexpected keyword argument 'is_expert_flag'
2025-05-25 01:43:56 - write_node                - INFO - N/A - Chunk 70 marked as processed
2025-05-25 01:43:56 - event_classifier          - INFO - N/A - (Stage 0) Processing chunk 66 started
2025-05-25 01:44:09 - event_scoring             - INFO - 45.516s - Successfully calculated event scores
2025-05-25 01:44:09 - event_scoring             - INFO - 45.516s - Chunk 69 processed successfully. Processed 1 general events.
2025-05-25 01:44:17 - sentiment_analysis        - INFO - 53.643s - Successfully got sentiment score
2025-05-25 01:44:17 - sentiment_analysis        - INFO - 53.644s - Chunk 69 processed successfully. Processed 1 person events.
2025-05-25 01:44:17 - inconsistency_detection   - INFO - N/A - (Stage 2) Inconsistency analysis for chunk 69 started
2025-05-25 01:44:17 - inconsistency_detection   - INFO - 0.012s - Chunk 69 processed successfully. Processed 1 person events.
2025-05-25 01:44:17 - person_summary            - INFO - N/A - (Stage 2.1) Person attitude analysis for chunk 69 started
2025-05-25 01:44:17 - person_summary            - INFO - N/A - Missing person ID for person_event 1 in chunk 69.
2025-05-25 01:44:17 - person_summary            - INFO - N/A - No sentiment history found for person Jean-Pierre Gatusso in chunk 69, generating new.
2025-05-25 01:44:32 - event_scoring             - INFO - 54.197s - Successfully calculated event scores
2025-05-25 01:44:32 - event_scoring             - INFO - 54.197s - Chunk 67 processed successfully. Processed 1 general events.
2025-05-25 01:44:38 - sentiment_analysis        - INFO - 60.199s - Successfully got sentiment score
2025-05-25 01:44:38 - sentiment_analysis        - INFO - 60.199s - Chunk 67 processed successfully. Processed 1 person events.
2025-05-25 01:44:38 - inconsistency_detection   - INFO - N/A - (Stage 2) Inconsistency analysis for chunk 67 started
2025-05-25 01:44:38 - inconsistency_detection   - INFO - 0.012s - Chunk 67 processed successfully. Processed 1 person events.
2025-05-25 01:44:38 - person_summary            - INFO - N/A - (Stage 2.1) Person attitude analysis for chunk 67 started
2025-05-25 01:44:38 - person_summary            - INFO - N/A - Missing person ID for person_event 1 in chunk 67.
2025-05-25 01:44:38 - person_summary            - INFO - N/A - No sentiment history found for person Gautam Adani in chunk 67, generating new.
2025-05-25 01:44:44 - event_scoring             - INFO - 55.611s - Successfully calculated event scores
2025-05-25 01:44:44 - event_scoring             - INFO - 55.611s - Chunk 68 processed successfully. Processed 1 general events.
2025-05-25 01:44:52 - sentiment_analysis        - INFO - 62.705s - Successfully got sentiment score
2025-05-25 01:44:52 - sentiment_analysis        - INFO - 62.705s - Chunk 68 processed successfully. Processed 1 person events.
2025-05-25 01:44:52 - inconsistency_detection   - INFO - N/A - (Stage 2) Inconsistency analysis for chunk 68 started
2025-05-25 01:44:52 - inconsistency_detection   - INFO - 0.013s - Chunk 68 processed successfully. Processed 1 person events.
2025-05-25 01:44:52 - person_summary            - INFO - N/A - (Stage 2.1) Person attitude analysis for chunk 68 started
2025-05-25 01:44:52 - person_summary            - INFO - N/A - Missing person ID for person_event 1 in chunk 68.
2025-05-25 01:44:52 - person_summary            - INFO - N/A - No sentiment history found for person Adani in chunk 68, generating new.
2025-05-25 01:45:05 - event_classifier          - INFO - 68.597s - Chunk 66 processed, (1) general events, (1) opinions.
2025-05-25 01:45:05 - event_scoring             - INFO - N/A - (Stage 1) Event scoring for chunk 66 started
2025-05-25 01:45:05 - sentiment_analysis        - INFO - N/A - (Stage 1) Sentiment analysis for chunk 66 started
2025-05-25 01:45:17 - person_summary            - INFO - 59.489s - Successfully got comment
2025-05-25 01:45:17 - person_summary            - INFO - 59.489s - Chunk 69 processed successfully. Processed 1 person events.
2025-05-25 01:45:17 - opinion_scoring           - INFO - N/A - (Stage 3) Opinion scoring for chunk 69 started
2025-05-25 01:45:29 - person_summary            - INFO - 51.187s - Successfully got comment
2025-05-25 01:45:29 - person_summary            - INFO - 51.187s - Chunk 67 processed successfully. Processed 1 person events.
2025-05-25 01:45:29 - opinion_scoring           - INFO - N/A - (Stage 3) Opinion scoring for chunk 67 started
2025-05-25 01:45:40 - person_summary            - ERROR - N/A - Error in refinement process: 'max_length'. Falling back to truncation.
2025-05-25 01:45:40 - person_summary            - INFO - 48.314s - Successfully got comment
2025-05-25 01:45:40 - person_summary            - INFO - 48.314s - Chunk 68 processed successfully. Processed 1 person events.
2025-05-25 01:45:40 - opinion_scoring           - INFO - N/A - (Stage 3) Opinion scoring for chunk 68 started
2025-05-25 01:45:51 - event_scoring             - INFO - 46.339s - Successfully calculated event scores
2025-05-25 01:45:51 - event_scoring             - INFO - 46.339s - Chunk 66 processed successfully. Processed 1 general events.
2025-05-25 01:45:57 - sentiment_analysis        - INFO - 52.519s - Successfully got sentiment score
2025-05-25 01:45:57 - sentiment_analysis        - INFO - 52.520s - Chunk 66 processed successfully. Processed 1 person events.
2025-05-25 01:45:57 - inconsistency_detection   - INFO - N/A - (Stage 2) Inconsistency analysis for chunk 66 started
2025-05-25 01:45:57 - inconsistency_detection   - INFO - 0.011s - Chunk 66 processed successfully. Processed 1 person events.
2025-05-25 01:45:57 - person_summary            - INFO - N/A - (Stage 2.1) Person attitude analysis for chunk 66 started
2025-05-25 01:45:57 - person_summary            - INFO - N/A - Missing person ID for person_event 1 in chunk 66.
2025-05-25 01:45:57 - person_summary            - INFO - N/A - No sentiment history found for person Gautam Adani in chunk 66, generating new.
2025-05-25 01:46:04 - opinion_scoring           - INFO - 47.167s - Successfully calculated opinion scores
2025-05-25 01:46:04 - opinion_scoring           - INFO - 47.167s - Chunk 69 processed successfully. Processed 1 person events.
2025-05-25 01:46:04 - write_node                - INFO - N/A - (Stage 3) Scores without inconsistency case
2025-05-25 01:46:04 - write_node                - INFO - N/A - (Stage 2.1) Summary/attitude full case
2025-05-25 01:46:04 - write_node                - ERROR - N/A - Error processing person event: add_attitude_full() got an unexpected keyword argument 'is_expert_flag'
2025-05-25 01:46:04 - write_node                - INFO - N/A - Chunk 69 marked as processed
2025-05-25 01:46:05 - event_classifier          - INFO - N/A - (Stage 0) Processing chunk 65 started
2025-05-25 01:46:11 - opinion_scoring           - INFO - 42.023s - Successfully calculated opinion scores
2025-05-25 01:46:11 - opinion_scoring           - INFO - 42.024s - Chunk 67 processed successfully. Processed 1 person events.
2025-05-25 01:46:11 - write_node                - INFO - N/A - (Stage 3) Scores without inconsistency case
2025-05-25 01:46:11 - write_node                - INFO - N/A - (Stage 2.1) Summary/attitude full case
2025-05-25 01:46:11 - write_node                - ERROR - N/A - Error processing person event: add_attitude_full() got an unexpected keyword argument 'is_expert_flag'
2025-05-25 01:46:11 - write_node                - INFO - N/A - Chunk 67 marked as processed
2025-05-25 01:46:12 - event_classifier          - INFO - N/A - (Stage 0) Processing chunk 64 started
2025-05-25 01:46:17 - opinion_scoring           - INFO - 37.477s - Successfully calculated opinion scores
2025-05-25 01:46:17 - opinion_scoring           - INFO - 37.478s - Chunk 68 processed successfully. Processed 1 person events.
2025-05-25 01:46:17 - write_node                - INFO - N/A - (Stage 3) Scores without inconsistency case
2025-05-25 01:46:17 - write_node                - INFO - N/A - (Stage 2.1) Summary/attitude full case
2025-05-25 01:46:17 - write_node                - ERROR - N/A - Error processing person event: add_attitude_full() got an unexpected keyword argument 'is_expert_flag'
2025-05-25 01:46:17 - write_node                - INFO - N/A - Chunk 68 marked as processed
2025-05-25 01:46:18 - event_classifier          - INFO - N/A - (Stage 0) Processing chunk 63 started
2025-05-25 01:46:31 - person_summary            - ERROR - N/A - Error in refinement process: 'max_length'. Falling back to truncation.
2025-05-25 01:46:31 - person_summary            - INFO - 33.713s - Successfully got comment
2025-05-25 01:46:31 - person_summary            - INFO - 33.715s - Chunk 66 processed successfully. Processed 1 person events.
2025-05-25 01:46:31 - opinion_scoring           - INFO - N/A - (Stage 3) Opinion scoring for chunk 66 started
2025-05-25 01:46:45 - event_classifier          - INFO - 40.627s - Chunk 65 processed, (1) general events, (1) opinions.
2025-05-25 01:46:45 - event_scoring             - INFO - N/A - (Stage 1) Event scoring for chunk 65 started
2025-05-25 01:46:45 - sentiment_analysis        - INFO - N/A - (Stage 1) Sentiment analysis for chunk 65 started
2025-05-25 01:46:57 - event_classifier          - INFO - 45.512s - Chunk 64 processed, (1) general events, (1) opinions.
2025-05-25 01:46:57 - event_scoring             - INFO - N/A - (Stage 1) Event scoring for chunk 64 started
2025-05-25 01:46:57 - sentiment_analysis        - INFO - N/A - (Stage 1) Sentiment analysis for chunk 64 started
2025-05-25 01:47:10 - event_classifier          - INFO - 51.643s - Chunk 63 processed, (1) general events, (1) opinions.
2025-05-25 01:47:10 - event_scoring             - INFO - N/A - (Stage 1) Event scoring for chunk 63 started
2025-05-25 01:47:10 - sentiment_analysis        - INFO - N/A - (Stage 1) Sentiment analysis for chunk 63 started
2025-05-25 01:47:17 - opinion_scoring           - INFO - 45.931s - Successfully calculated opinion scores
2025-05-25 01:47:17 - opinion_scoring           - INFO - 45.931s - Chunk 66 processed successfully. Processed 1 person events.
2025-05-25 01:47:17 - write_node                - INFO - N/A - (Stage 3) Scores without inconsistency case
2025-05-25 01:47:17 - write_node                - INFO - N/A - (Stage 2.1) Summary/attitude full case
2025-05-25 01:47:17 - write_node                - ERROR - N/A - Error processing person event: add_attitude_full() got an unexpected keyword argument 'is_expert_flag'
2025-05-25 01:47:17 - write_node                - INFO - N/A - Chunk 66 marked as processed
2025-05-25 01:47:18 - event_classifier          - INFO - N/A - (Stage 0) Processing chunk 62 started
2025-05-25 01:47:31 - event_scoring             - INFO - 45.110s - Successfully calculated event scores
2025-05-25 01:47:31 - event_scoring             - INFO - 45.111s - Chunk 65 processed successfully. Processed 1 general events.
2025-05-25 01:47:37 - sentiment_analysis        - WARNING - N/A - Error while parsing response as float: could not convert string to float: 'I\'m ready to analyze the text. However, I don\'t see the text provided. Please paste the CNN interview transcript related to "Green energy", and I\'ll return a sentiment score between -1.0 and +1.0.'
2025-05-25 01:47:37 - sentiment_analysis        - WARNING - 51.464s - Error during first attempt: could not convert string to float: 'I\'m ready to analyze the text. However, I don\'t see the text provided. Please paste the CNN interview transcript related to "Green energy", and I\'ll return a sentiment score between -1.0 and +1.0.'
2025-05-25 01:47:44 - event_scoring             - INFO - 46.530s - Successfully calculated event scores
2025-05-25 01:47:44 - event_scoring             - INFO - 46.530s - Chunk 64 processed successfully. Processed 1 general events.
2025-05-25 01:47:51 - sentiment_analysis        - INFO - 53.786s - Successfully got sentiment score
2025-05-25 01:47:51 - sentiment_analysis        - INFO - 53.787s - Chunk 64 processed successfully. Processed 1 person events.
2025-05-25 01:47:51 - inconsistency_detection   - INFO - N/A - (Stage 2) Inconsistency analysis for chunk 64 started
2025-05-25 01:47:51 - inconsistency_detection   - INFO - 0.028s - Chunk 64 processed successfully. Processed 1 person events.
2025-05-25 01:47:51 - person_summary            - INFO - N/A - (Stage 2.1) Person attitude analysis for chunk 64 started
2025-05-25 01:47:51 - person_summary            - INFO - N/A - Sentiment history found for person Unspecified in chunk 64.
2025-05-25 01:48:03 - event_scoring             - INFO - 53.810s - Successfully calculated event scores
2025-05-25 01:48:03 - event_scoring             - INFO - 53.810s - Chunk 63 processed successfully. Processed 1 general events.
2025-05-25 01:48:10 - sentiment_analysis        - INFO - 60.682s - Successfully got sentiment score
2025-05-25 01:48:10 - sentiment_analysis        - INFO - 60.682s - Chunk 63 processed successfully. Processed 1 person events.
2025-05-25 01:48:10 - inconsistency_detection   - INFO - N/A - (Stage 2) Inconsistency analysis for chunk 63 started
2025-05-25 01:48:10 - inconsistency_detection   - INFO - 0.012s - Chunk 63 processed successfully. Processed 1 person events.
2025-05-25 01:48:10 - person_summary            - INFO - N/A - (Stage 2.1) Person attitude analysis for chunk 63 started
2025-05-25 01:48:10 - person_summary            - INFO - N/A - Missing person ID for person_event 1 in chunk 63.
2025-05-25 01:48:23 - event_classifier          - INFO - 65.648s - Chunk 62 processed, (1) general events, (1) opinions.
2025-05-25 01:48:23 - event_scoring             - INFO - N/A - (Stage 1) Event scoring for chunk 62 started
2025-05-25 01:48:23 - sentiment_analysis        - INFO - N/A - (Stage 1) Sentiment analysis for chunk 62 started
2025-05-25 01:48:30 - sentiment_analysis        - INFO - 104.117s - Successfully got sentiment score' after 1 retries.
2025-05-25 01:48:30 - sentiment_analysis        - INFO - 104.117s - Chunk 65 processed successfully. Processed 1 person events.
2025-05-25 01:48:30 - inconsistency_detection   - INFO - N/A - (Stage 2) Inconsistency analysis for chunk 65 started
2025-05-25 01:48:30 - inconsistency_detection   - INFO - 0.012s - Chunk 65 processed successfully. Processed 1 person events.
2025-05-25 01:48:30 - person_summary            - INFO - N/A - (Stage 2.1) Person attitude analysis for chunk 65 started
2025-05-25 01:48:30 - person_summary            - INFO - N/A - Missing person ID for person_event 1 in chunk 65.
2025-05-25 01:48:30 - person_summary            - INFO - N/A - No sentiment history found for person Sagar Adani in chunk 65, generating new.
2025-05-25 01:48:36 - person_summary            - INFO - 44.632s - Successfully got comment
2025-05-25 01:48:36 - person_summary            - INFO - 44.660s - Chunk 64 processed successfully. Processed 1 person events.
2025-05-25 01:48:36 - opinion_scoring           - INFO - N/A - (Stage 3) Opinion scoring for chunk 64 started
2025-05-25 01:48:48 - person_summary            - INFO - 37.233s - Successfully got comment
2025-05-25 01:48:48 - person_summary            - INFO - 37.246s - Chunk 63 processed successfully. Processed 1 person events.
2025-05-25 01:48:48 - opinion_scoring           - INFO - N/A - (Stage 3) Opinion scoring for chunk 63 started
2025-05-25 01:49:00 - event_scoring             - INFO - 36.435s - Successfully calculated event scores
2025-05-25 01:49:00 - event_scoring             - INFO - 36.435s - Chunk 62 processed successfully. Processed 1 general events.
2025-05-25 01:49:06 - sentiment_analysis        - INFO - 42.290s - Successfully got sentiment score
2025-05-25 01:49:06 - sentiment_analysis        - INFO - 42.290s - Chunk 62 processed successfully. Processed 1 person events.
2025-05-25 01:49:06 - inconsistency_detection   - INFO - N/A - (Stage 2) Inconsistency analysis for chunk 62 started
2025-05-25 01:49:06 - inconsistency_detection   - INFO - 0.011s - Chunk 62 processed successfully. Processed 1 person events.
2025-05-25 01:49:06 - person_summary            - INFO - N/A - (Stage 2.1) Person attitude analysis for chunk 62 started
2025-05-25 01:49:06 - person_summary            - INFO - N/A - Missing person ID for person_event 1 in chunk 62.
2025-05-25 01:49:06 - person_summary            - INFO - N/A - No sentiment history found for person Dave Jones in chunk 62, generating new.
2025-05-25 01:49:18 - person_summary            - ERROR - N/A - Error in refinement process: 'max_length'. Falling back to truncation.
2025-05-25 01:49:18 - person_summary            - INFO - 48.838s - Successfully got comment
2025-05-25 01:49:18 - person_summary            - INFO - 48.838s - Chunk 65 processed successfully. Processed 1 person events.
2025-05-25 01:49:18 - opinion_scoring           - INFO - N/A - (Stage 3) Opinion scoring for chunk 65 started
2025-05-25 01:49:24 - opinion_scoring           - INFO - 48.350s - Successfully calculated opinion scores
2025-05-25 01:49:24 - opinion_scoring           - INFO - 48.350s - Chunk 64 processed successfully. Processed 1 person events.
2025-05-25 01:49:24 - write_node                - INFO - N/A - (Stage 3) Scored case
2025-05-25 01:49:24 - write_node                - INFO - N/A - (Stage 2.1) Summary/attitude full case
2025-05-25 01:49:24 - write_node                - ERROR - N/A - Error processing person event: add_attitude_full() got an unexpected keyword argument 'is_expert_flag'
2025-05-25 01:49:24 - write_node                - INFO - N/A - Chunk 64 marked as processed
2025-05-25 01:49:25 - event_classifier          - INFO - N/A - (Stage 0) Processing chunk 60 started
2025-05-25 01:49:30 - opinion_scoring           - INFO - 41.936s - Successfully calculated opinion scores
2025-05-25 01:49:30 - opinion_scoring           - INFO - 41.936s - Chunk 63 processed successfully. Processed 1 person events.
2025-05-25 01:49:30 - write_node                - INFO - N/A - (Stage 3) Scores without inconsistency case
2025-05-25 01:49:30 - write_node                - INFO - N/A - (Stage 2.1) Summary/attitude full case
2025-05-25 01:49:30 - write_node                - ERROR - N/A - Error processing person event: add_attitude_full() got an unexpected keyword argument 'is_expert_flag'
2025-05-25 01:49:30 - write_node                - INFO - N/A - Chunk 63 marked as processed
2025-05-25 01:49:30 - event_classifier          - INFO - N/A - (Stage 0) Processing chunk 61 started
2025-05-25 01:49:41 - person_summary            - ERROR - N/A - Error in refinement process: 'max_length'. Falling back to truncation.
2025-05-25 01:49:41 - person_summary            - INFO - 35.751s - Successfully got comment
2025-05-25 01:49:41 - person_summary            - INFO - 35.752s - Chunk 62 processed successfully. Processed 1 person events.
2025-05-25 01:49:41 - opinion_scoring           - INFO - N/A - (Stage 3) Opinion scoring for chunk 62 started
2025-05-25 01:49:47 - opinion_scoring           - INFO - 29.027s - Successfully calculated opinion scores
2025-05-25 01:49:47 - opinion_scoring           - INFO - 29.028s - Chunk 65 processed successfully. Processed 1 person events.
2025-05-25 01:49:48 - write_node                - INFO - N/A - (Stage 3) Scores without inconsistency case
2025-05-25 01:49:48 - write_node                - INFO - N/A - (Stage 2.1) Summary/attitude full case
2025-05-25 01:49:48 - write_node                - ERROR - N/A - Error processing person event: add_attitude_full() got an unexpected keyword argument 'is_expert_flag'
2025-05-25 01:49:48 - write_node                - INFO - N/A - Chunk 65 marked as processed
2025-05-25 01:49:48 - event_classifier          - INFO - N/A - (Stage 0) Processing chunk 59 started
2025-05-25 01:49:59 - event_classifier          - INFO - 34.287s - Chunk 60 processed, (1) general events, (1) opinions.
2025-05-25 01:49:59 - event_scoring             - INFO - N/A - (Stage 1) Event scoring for chunk 60 started
2025-05-25 01:49:59 - sentiment_analysis        - INFO - N/A - (Stage 1) Sentiment analysis for chunk 60 started
2025-05-25 01:50:10 - event_classifier          - INFO - 39.964s - Chunk 61 processed, (1) general events, (1) opinions.
2025-05-25 01:50:10 - event_scoring             - INFO - N/A - (Stage 1) Event scoring for chunk 61 started
2025-05-25 01:50:10 - sentiment_analysis        - INFO - N/A - (Stage 1) Sentiment analysis for chunk 61 started
2025-05-25 01:50:16 - opinion_scoring           - INFO - 34.499s - Successfully calculated opinion scores
2025-05-25 01:50:16 - opinion_scoring           - INFO - 34.499s - Chunk 62 processed successfully. Processed 1 person events.
2025-05-25 01:50:16 - write_node                - INFO - N/A - (Stage 3) Scores without inconsistency case
2025-05-25 01:50:16 - write_node                - INFO - N/A - (Stage 2.1) Summary/attitude full case
2025-05-25 01:50:16 - write_node                - ERROR - N/A - Error processing person event: add_attitude_full() got an unexpected keyword argument 'is_expert_flag'
2025-05-25 01:50:16 - write_node                - INFO - N/A - Chunk 62 marked as processed
2025-05-25 01:50:17 - event_classifier          - INFO - N/A - (Stage 0) Processing chunk 54 started
2025-05-25 01:50:29 - event_classifier          - INFO - 40.380s - Chunk 59 processed, (1) general events, (1) opinions.
2025-05-25 01:50:29 - event_scoring             - INFO - N/A - (Stage 1) Event scoring for chunk 59 started
2025-05-25 01:50:29 - sentiment_analysis        - INFO - N/A - (Stage 1) Sentiment analysis for chunk 59 started
2025-05-25 01:50:41 - event_scoring             - INFO - 41.670s - Successfully calculated event scores
2025-05-25 01:50:41 - event_scoring             - INFO - 41.670s - Chunk 60 processed successfully. Processed 1 general events.
2025-05-25 01:50:46 - sentiment_analysis        - INFO - 47.608s - Successfully got sentiment score
2025-05-25 01:50:46 - sentiment_analysis        - INFO - 47.608s - Chunk 60 processed successfully. Processed 1 person events.
2025-05-25 01:50:46 - inconsistency_detection   - INFO - N/A - (Stage 2) Inconsistency analysis for chunk 60 started
2025-05-25 01:50:47 - inconsistency_detection   - INFO - 0.029s - Chunk 60 processed successfully. Processed 1 person events.
2025-05-25 01:50:47 - person_summary            - INFO - N/A - (Stage 2.1) Person attitude analysis for chunk 60 started
2025-05-25 01:50:47 - person_summary            - INFO - N/A - Sentiment history found for person Fatih Birol in chunk 60.
2025-05-25 01:50:59 - event_scoring             - INFO - 48.717s - Successfully calculated event scores
2025-05-25 01:50:59 - event_scoring             - INFO - 48.718s - Chunk 61 processed successfully. Processed 1 general events.
2025-05-25 01:51:06 - sentiment_analysis        - INFO - 56.008s - Successfully got sentiment score
2025-05-25 01:51:06 - sentiment_analysis        - INFO - 56.009s - Chunk 61 processed successfully. Processed 1 person events.
2025-05-25 01:51:06 - inconsistency_detection   - INFO - N/A - (Stage 2) Inconsistency analysis for chunk 61 started
2025-05-25 01:51:19 - event_classifier          - INFO - 61.873s - Chunk 54 processed, (1) general events, (1) opinions.
2025-05-25 01:51:19 - event_scoring             - INFO - N/A - (Stage 1) Event scoring for chunk 54 started
2025-05-25 01:51:19 - sentiment_analysis        - INFO - N/A - (Stage 1) Sentiment analysis for chunk 54 started
2025-05-25 01:51:31 - event_scoring             - INFO - 62.743s - Successfully calculated event scores
2025-05-25 01:51:31 - event_scoring             - INFO - 62.743s - Chunk 59 processed successfully. Processed 1 general events.
2025-05-25 01:51:38 - sentiment_analysis        - INFO - 69.436s - Successfully got sentiment score
2025-05-25 01:51:38 - sentiment_analysis        - INFO - 69.436s - Chunk 59 processed successfully. Processed 1 person events.
2025-05-25 01:51:38 - inconsistency_detection   - INFO - N/A - (Stage 2) Inconsistency analysis for chunk 59 started
2025-05-25 01:51:38 - inconsistency_detection   - INFO - 0.012s - Chunk 59 processed successfully. Processed 1 person events.
2025-05-25 01:51:38 - person_summary            - INFO - N/A - (Stage 2.1) Person attitude analysis for chunk 59 started
2025-05-25 01:51:38 - person_summary            - INFO - N/A - Missing person ID for person_event 1 in chunk 59.
2025-05-25 01:51:38 - person_summary            - INFO - N/A - No sentiment history found for person Curtis in chunk 59, generating new.
2025-05-25 01:51:52 - person_summary            - INFO - 65.537s - Successfully got comment
2025-05-25 01:51:52 - person_summary            - INFO - 65.567s - Chunk 60 processed successfully. Processed 1 person events.
2025-05-25 01:51:52 - opinion_scoring           - INFO - N/A - (Stage 3) Opinion scoring for chunk 60 started
2025-05-25 01:52:11 - event_scoring             - INFO - 52.865s - Successfully calculated event scores
2025-05-25 01:52:11 - event_scoring             - INFO - 52.865s - Chunk 54 processed successfully. Processed 1 general events.
2025-05-25 01:52:17 - sentiment_analysis        - INFO - 58.581s - Successfully got sentiment score
2025-05-25 01:52:17 - sentiment_analysis        - INFO - 58.582s - Chunk 54 processed successfully. Processed 1 person events.
2025-05-25 01:52:17 - inconsistency_detection   - INFO - N/A - (Stage 2) Inconsistency analysis for chunk 54 started
2025-05-25 01:52:17 - inconsistency_detection   - INFO - 0.011s - Chunk 54 processed successfully. Processed 1 person events.
2025-05-25 01:52:17 - person_summary            - INFO - N/A - (Stage 2.1) Person attitude analysis for chunk 54 started
2025-05-25 01:52:17 - person_summary            - INFO - N/A - Missing person ID for person_event 1 in chunk 54.
2025-05-25 01:52:17 - person_summary            - INFO - N/A - No sentiment history found for person Richard Hudson in chunk 54, generating new.
2025-05-25 01:52:29 - person_summary            - INFO - 50.544s - Successfully got comment
2025-05-25 01:52:29 - person_summary            - INFO - 50.545s - Chunk 59 processed successfully. Processed 1 person events.
2025-05-25 01:52:29 - opinion_scoring           - INFO - N/A - (Stage 3) Opinion scoring for chunk 59 started
2025-05-25 01:52:34 - opinion_scoring           - INFO - 42.166s - Successfully calculated opinion scores
2025-05-25 01:52:34 - opinion_scoring           - INFO - 42.167s - Chunk 60 processed successfully. Processed 1 person events.
2025-05-25 01:52:34 - write_node                - INFO - N/A - (Stage 3) Scored case
2025-05-25 01:52:34 - write_node                - ERROR - N/A - Opinion scores not saved correctly for ID 78: hotness: expected 0.5249999999999999, got 0.525
2025-05-25 01:52:34 - write_node                - INFO - N/A - (Stage 2.1) Summary/attitude full case
2025-05-25 01:52:34 - write_node                - ERROR - N/A - Error processing person event: add_attitude_full() got an unexpected keyword argument 'is_expert_flag'
2025-05-25 01:52:34 - write_node                - INFO - N/A - Chunk 60 marked as processed
2025-05-25 01:52:35 - event_classifier          - INFO - N/A - (Stage 0) Processing chunk 55 started
2025-05-25 01:52:41 - inconsistency_detection   - INFO - 94.297s - Successfully got comment
2025-05-25 01:52:41 - inconsistency_detection   - INFO - 94.337s - Chunk 61 processed successfully. Processed 1 person events.
2025-05-25 01:52:41 - person_summary            - INFO - N/A - (Stage 2.1) Person attitude analysis for chunk 61 started
2025-05-25 01:52:41 - person_summary            - INFO - N/A - Sentiment history found for person Unspecified in chunk 61.
2025-05-25 01:52:53 - person_summary            - INFO - 35.747s - Successfully got comment
2025-05-25 01:52:53 - person_summary            - INFO - 35.747s - Chunk 54 processed successfully. Processed 1 person events.
2025-05-25 01:52:53 - opinion_scoring           - INFO - N/A - (Stage 3) Opinion scoring for chunk 54 started
2025-05-25 01:52:59 - opinion_scoring           - INFO - 30.516s - Successfully calculated opinion scores
2025-05-25 01:52:59 - opinion_scoring           - INFO - 30.516s - Chunk 59 processed successfully. Processed 1 person events.
2025-05-25 01:52:59 - write_node                - INFO - N/A - (Stage 3) Scores without inconsistency case
2025-05-25 01:52:59 - write_node                - INFO - N/A - (Stage 2.1) Summary/attitude full case
2025-05-25 01:52:59 - write_node                - ERROR - N/A - Error processing person event: add_attitude_full() got an unexpected keyword argument 'is_expert_flag'
2025-05-25 01:52:59 - write_node                - INFO - N/A - Chunk 59 marked as processed
2025-05-25 01:53:00 - event_classifier          - INFO - N/A - (Stage 0) Processing chunk 56 started
2025-05-25 01:53:12 - event_classifier          - INFO - 36.995s - Chunk 55 processed, (1) general events, (1) opinions.
2025-05-25 01:53:12 - event_scoring             - INFO - N/A - (Stage 1) Event scoring for chunk 55 started
2025-05-25 01:53:12 - sentiment_analysis        - INFO - N/A - (Stage 1) Sentiment analysis for chunk 55 started
2025-05-25 01:53:24 - person_summary            - INFO - 43.479s - Successfully got comment
2025-05-25 01:53:24 - person_summary            - INFO - 43.508s - Chunk 61 processed successfully. Processed 1 person events.
2025-05-25 01:53:24 - opinion_scoring           - INFO - N/A - (Stage 3) Opinion scoring for chunk 61 started
2025-05-25 01:53:30 - opinion_scoring           - INFO - 37.206s - Successfully calculated opinion scores
2025-05-25 01:53:30 - opinion_scoring           - INFO - 37.206s - Chunk 54 processed successfully. Processed 1 person events.
2025-05-25 01:53:30 - write_node                - INFO - N/A - (Stage 3) Scores without inconsistency case
2025-05-25 01:53:30 - write_node                - INFO - N/A - (Stage 2.1) Summary/attitude full case
2025-05-25 01:53:30 - write_node                - ERROR - N/A - Error processing person event: add_attitude_full() got an unexpected keyword argument 'is_expert_flag'
2025-05-25 01:53:30 - write_node                - INFO - N/A - Chunk 54 marked as processed
2025-05-25 01:53:31 - event_classifier          - INFO - N/A - (Stage 0) Processing chunk 57 started
2025-05-25 01:53:44 - event_classifier          - INFO - 44.053s - Chunk 56 processed, (1) general events, (1) opinions.
2025-05-25 01:53:44 - event_scoring             - INFO - N/A - (Stage 1) Event scoring for chunk 56 started
2025-05-25 01:53:44 - sentiment_analysis        - INFO - N/A - (Stage 1) Sentiment analysis for chunk 56 started
2025-05-25 01:53:57 - event_scoring             - INFO - 45.181s - Successfully calculated event scores
2025-05-25 01:53:57 - event_scoring             - INFO - 45.181s - Chunk 55 processed successfully. Processed 1 general events.
2025-05-25 01:54:03 - sentiment_analysis        - INFO - 51.194s - Successfully got sentiment score
2025-05-25 01:54:03 - sentiment_analysis        - INFO - 51.194s - Chunk 55 processed successfully. Processed 1 person events.
2025-05-25 01:54:03 - inconsistency_detection   - INFO - N/A - (Stage 2) Inconsistency analysis for chunk 55 started
2025-05-25 01:54:03 - inconsistency_detection   - INFO - 0.011s - Chunk 55 processed successfully. Processed 1 person events.
2025-05-25 01:54:03 - person_summary            - INFO - N/A - (Stage 2.1) Person attitude analysis for chunk 55 started
2025-05-25 01:54:03 - person_summary            - INFO - N/A - Missing person ID for person_event 1 in chunk 55.
2025-05-25 01:54:03 - person_summary            - INFO - N/A - No sentiment history found for person Barry Loudermilk in chunk 55, generating new.
2025-05-25 01:54:10 - opinion_scoring           - INFO - 46.212s - Successfully calculated opinion scores
2025-05-25 01:54:10 - opinion_scoring           - INFO - 46.212s - Chunk 61 processed successfully. Processed 1 person events.
2025-05-25 01:54:10 - write_node                - INFO - N/A - (Stage 3) Scored case
2025-05-25 01:54:10 - write_node                - INFO - N/A - (Stage 2.1) Summary/attitude full case
2025-05-25 01:54:10 - write_node                - ERROR - N/A - Error processing person event: add_attitude_full() got an unexpected keyword argument 'is_expert_flag'
2025-05-25 01:54:10 - write_node                - INFO - N/A - Chunk 61 marked as processed
2025-05-25 01:54:11 - event_classifier          - INFO - N/A - (Stage 0) Processing chunk 58 started
2025-05-25 01:54:24 - event_classifier          - INFO - 52.648s - Chunk 57 processed, (1) general events, (1) opinions.
2025-05-25 01:54:24 - event_scoring             - INFO - N/A - (Stage 1) Event scoring for chunk 57 started
2025-05-25 01:54:24 - sentiment_analysis        - INFO - N/A - (Stage 1) Sentiment analysis for chunk 57 started
2025-05-25 01:54:36 - event_scoring             - INFO - 52.307s - Successfully calculated event scores
2025-05-25 01:54:36 - event_scoring             - INFO - 52.308s - Chunk 56 processed successfully. Processed 1 general events.
2025-05-25 01:54:43 - sentiment_analysis        - INFO - 59.467s - Successfully got sentiment score
2025-05-25 01:54:43 - sentiment_analysis        - INFO - 59.468s - Chunk 56 processed successfully. Processed 1 person events.
2025-05-25 01:54:43 - inconsistency_detection   - INFO - N/A - (Stage 2) Inconsistency analysis for chunk 56 started
2025-05-25 01:54:43 - inconsistency_detection   - INFO - 0.013s - Chunk 56 processed successfully. Processed 1 person events.
2025-05-25 01:54:43 - person_summary            - INFO - N/A - (Stage 2.1) Person attitude analysis for chunk 56 started
2025-05-25 01:54:43 - person_summary            - INFO - N/A - Missing person ID for person_event 1 in chunk 56.
2025-05-25 01:54:43 - person_summary            - INFO - N/A - No sentiment history found for person Carter in chunk 56, generating new.
2025-05-25 01:54:55 - person_summary            - INFO - 51.747s - Successfully got comment
2025-05-25 01:54:55 - person_summary            - INFO - 51.748s - Chunk 55 processed successfully. Processed 1 person events.
2025-05-25 01:54:55 - opinion_scoring           - INFO - N/A - (Stage 3) Opinion scoring for chunk 55 started
2025-05-25 01:55:06 - event_classifier          - INFO - 54.641s - Chunk 58 processed, (1) general events, (1) opinions.
2025-05-25 01:55:06 - event_scoring             - INFO - N/A - (Stage 1) Event scoring for chunk 58 started
2025-05-25 01:55:06 - sentiment_analysis        - INFO - N/A - (Stage 1) Sentiment analysis for chunk 58 started
2025-05-25 01:55:15 - sentiment_analysis        - WARNING - N/A - Error while parsing response as float: could not convert string to float: 'I\'m ready to analyze the text. However, I don\'t see any text provided. Please provide the text related to the topic "Green energy", and I\'ll be happy to assist you in calculating the sentiment score.'
2025-05-25 01:55:15 - sentiment_analysis        - WARNING - 51.308s - Error during first attempt: could not convert string to float: 'I\'m ready to analyze the text. However, I don\'t see any text provided. Please provide the text related to the topic "Green energy", and I\'ll be happy to assist you in calculating the sentiment score.'
2025-05-25 01:55:24 - event_scoring             - INFO - 60.518s - Successfully calculated event scores
2025-05-25 01:55:24 - event_scoring             - INFO - 60.518s - Chunk 57 processed successfully. Processed 1 general events.
2025-05-25 01:55:34 - person_summary            - INFO - 50.952s - Successfully got comment
2025-05-25 01:55:34 - person_summary            - INFO - 50.953s - Chunk 56 processed successfully. Processed 1 person events.
2025-05-25 01:55:34 - opinion_scoring           - INFO - N/A - (Stage 3) Opinion scoring for chunk 56 started
2025-05-25 01:55:40 - opinion_scoring           - INFO - 45.012s - Successfully calculated opinion scores
2025-05-25 01:55:40 - opinion_scoring           - INFO - 45.012s - Chunk 55 processed successfully. Processed 1 person events.
2025-05-25 01:55:40 - write_node                - INFO - N/A - (Stage 3) Scores without inconsistency case
2025-05-25 01:55:40 - write_node                - ERROR - N/A - Opinion scores not saved correctly for ID 82: hotness: expected 0.6100000000000001, got 0.61
2025-05-25 01:55:40 - write_node                - INFO - N/A - (Stage 2.1) Summary/attitude full case
2025-05-25 01:55:40 - write_node                - ERROR - N/A - Error processing person event: add_attitude_full() got an unexpected keyword argument 'is_expert_flag'
2025-05-25 01:55:40 - write_node                - INFO - N/A - Chunk 55 marked as processed
2025-05-25 01:55:41 - event_classifier          - INFO - N/A - (Stage 0) Processing chunk 51 started
2025-05-25 01:55:50 - event_scoring             - INFO - 44.302s - Successfully calculated event scores
2025-05-25 01:55:50 - event_scoring             - INFO - 44.302s - Chunk 58 processed successfully. Processed 1 general events.
2025-05-25 01:55:55 - sentiment_analysis        - INFO - 49.056s - Successfully got sentiment score
2025-05-25 01:55:55 - sentiment_analysis        - INFO - 49.056s - Chunk 58 processed successfully. Processed 1 person events.
2025-05-25 01:55:55 - inconsistency_detection   - INFO - N/A - (Stage 2) Inconsistency analysis for chunk 58 started
2025-05-25 01:55:55 - inconsistency_detection   - INFO - 0.012s - Chunk 58 processed successfully. Processed 1 person events.
2025-05-25 01:55:55 - person_summary            - INFO - N/A - (Stage 2.1) Person attitude analysis for chunk 58 started
2025-05-25 01:55:55 - person_summary            - INFO - N/A - Missing person ID for person_event 1 in chunk 58.
2025-05-25 01:55:55 - person_summary            - INFO - N/A - No sentiment history found for person Scott Moskowitz in chunk 58, generating new.
2025-05-25 01:56:05 - sentiment_analysis        - WARNING - N/A - Error while parsing response as float: could not convert string to float: 'I\'m ready to analyze the sentiment of the text regarding "Green energy". However, you haven\'t provided the text.\n\nPlease provide the text, and I\'ll return a floating-point number between -1.0 and +1.0 indicating the positive or negative commitment to the topic "Green energy".'
2025-05-25 01:56:05 - sentiment_analysis        - WARNING - 101.410s - Retry 1/3 due to invalid output: could not convert string to float: 'I\'m ready to analyze the sentiment of the text regarding "Green energy". However, you haven\'t provided the text.\n\nPlease provide the text, and I\'ll return a floating-point number between -1.0 and +1.0 indicating the positive or negative commitment to the topic "Green energy".'
2025-05-25 01:56:15 - opinion_scoring           - INFO - 40.601s - Successfully calculated opinion scores
2025-05-25 01:56:15 - opinion_scoring           - INFO - 40.601s - Chunk 56 processed successfully. Processed 1 person events.
2025-05-25 01:56:15 - write_node                - INFO - N/A - (Stage 3) Scores without inconsistency case
2025-05-25 01:56:15 - write_node                - ERROR - N/A - Opinion scores not saved correctly for ID 83: hotness: expected 0.6100000000000001, got 0.61
2025-05-25 01:56:15 - write_node                - INFO - N/A - (Stage 2.1) Summary/attitude full case
2025-05-25 01:56:15 - write_node                - ERROR - N/A - Error processing person event: add_attitude_full() got an unexpected keyword argument 'is_expert_flag'
2025-05-25 01:56:15 - write_node                - INFO - N/A - Chunk 56 marked as processed
2025-05-25 01:56:16 - event_classifier          - INFO - N/A - (Stage 0) Processing chunk 52 started
2025-05-25 01:56:29 - event_classifier          - INFO - 48.699s - Chunk 51 processed, (1) general events, (1) opinions.
2025-05-25 01:56:29 - event_scoring             - INFO - N/A - (Stage 1) Event scoring for chunk 51 started
2025-05-25 01:56:29 - sentiment_analysis        - INFO - N/A - (Stage 1) Sentiment analysis for chunk 51 started
2025-05-25 01:56:41 - person_summary            - ERROR - N/A - Error in refinement process: 'max_length'. Falling back to truncation.
2025-05-25 01:56:41 - person_summary            - INFO - 46.418s - Successfully got comment
2025-05-25 01:56:41 - person_summary            - INFO - 46.420s - Chunk 58 processed successfully. Processed 1 person events.
2025-05-25 01:56:41 - opinion_scoring           - INFO - N/A - (Stage 3) Opinion scoring for chunk 58 started
2025-05-25 01:56:46 - sentiment_analysis        - WARNING - N/A - Error while parsing response as float: could not convert string to float: 'I\'m ready to analyze the text. However, I don\'t see any text provided. Please provide the text related to the topic "Green energy", and I\'ll be happy to assist you in calculating the sentiment score.'
2025-05-25 01:56:46 - sentiment_analysis        - WARNING - 142.800s - Retry 2/3 due to invalid output: could not convert string to float: 'I\'m ready to analyze the text. However, I don\'t see any text provided. Please provide the text related to the topic "Green energy", and I\'ll be happy to assist you in calculating the sentiment score.'
2025-05-25 01:56:46 - sentiment_analysis        - ERROR - 142.800s - Skipping analysis after 3 retries.
2025-05-25 01:56:46 - sentiment_analysis        - WARNING - N/A - Failed to get sentiment score for person_event 1.
2025-05-25 01:56:46 - sentiment_analysis        - INFO - 142.801s - Chunk 57 processed successfully. Processed 1 person events.
2025-05-25 01:56:46 - inconsistency_detection   - INFO - N/A - (Stage 2) Inconsistency analysis for chunk 57 started
2025-05-25 01:56:46 - inconsistency_detection   - INFO - 0.012s - Chunk 57 processed successfully. Processed 1 person events.
2025-05-25 01:56:46 - person_summary            - INFO - N/A - (Stage 2.1) Person attitude analysis for chunk 57 started
2025-05-25 01:56:46 - person_summary            - ERROR - N/A - Missing sentiment score for person_event 1 in chunk 57.
2025-05-25 01:56:46 - person_summary            - ERROR - N/A - Error processing person_event 1 for chunk 57: Missing sentiment score for person_event 1 in chunk 57.
2025-05-25 01:56:46 - person_summary            - INFO - 0.000s - Chunk 57 processed successfully. Processed 2 person events.
2025-05-25 01:56:46 - opinion_scoring           - INFO - N/A - (Stage 3) Opinion scoring for chunk 57 started
2025-05-25 01:56:56 - event_classifier          - INFO - 40.435s - Chunk 52 processed, (1) general events, (1) opinions.
2025-05-25 01:56:56 - event_scoring             - INFO - N/A - (Stage 1) Event scoring for chunk 52 started
2025-05-25 01:56:56 - sentiment_analysis        - INFO - N/A - (Stage 1) Sentiment analysis for chunk 52 started
2025-05-25 01:57:02 - event_scoring             - INFO - 33.134s - Successfully calculated event scores
2025-05-25 01:57:02 - event_scoring             - INFO - 33.134s - Chunk 51 processed successfully. Processed 1 general events.
2025-05-25 01:57:04 - sentiment_analysis        - INFO - 34.308s - Successfully got sentiment score
2025-05-25 01:57:04 - sentiment_analysis        - INFO - 34.308s - Chunk 51 processed successfully. Processed 1 person events.
2025-05-25 01:57:04 - inconsistency_detection   - INFO - N/A - (Stage 2) Inconsistency analysis for chunk 51 started
2025-05-25 01:57:04 - inconsistency_detection   - INFO - 0.012s - Chunk 51 processed successfully. Processed 1 person events.
2025-05-25 01:57:04 - person_summary            - INFO - N/A - (Stage 2.1) Person attitude analysis for chunk 51 started
2025-05-25 01:57:04 - person_summary            - INFO - N/A - Missing person ID for person_event 1 in chunk 51.
2025-05-25 01:57:04 - person_summary            - INFO - N/A - No sentiment history found for person Tom Carper in chunk 51, generating new.
2025-05-25 01:57:09 - opinion_scoring           - INFO - 27.991s - Successfully calculated opinion scores
2025-05-25 01:57:09 - opinion_scoring           - INFO - 27.991s - Chunk 58 processed successfully. Processed 1 person events.
2025-05-25 01:57:09 - write_node                - INFO - N/A - (Stage 3) Scores without inconsistency case
2025-05-25 01:57:09 - write_node                - INFO - N/A - (Stage 2.1) Summary/attitude full case
2025-05-25 01:57:09 - write_node                - ERROR - N/A - Error processing person event: add_attitude_full() got an unexpected keyword argument 'is_expert_flag'
2025-05-25 01:57:09 - write_node                - INFO - N/A - Chunk 58 marked as processed
2025-05-25 01:57:10 - event_classifier          - INFO - N/A - (Stage 0) Processing chunk 53 started
2025-05-25 01:57:13 - opinion_scoring           - INFO - 26.538s - Successfully calculated opinion scores
2025-05-25 01:57:13 - opinion_scoring           - INFO - 26.538s - Chunk 57 processed successfully. Processed 1 person events.
2025-05-25 01:57:13 - write_node                - ERROR - N/A - Event scores not saved correctly: Expected 0.8, 0.7, 0.2, 0.5399999999999999 but got 0.8, 0.7, 0.2, 0.54
2025-05-25 01:57:13 - write_node                - INFO - N/A - (Stage 0) No sentiment case
2025-05-25 01:57:13 - write_node                - INFO - N/A - Chunk 57 marked as processed
2025-05-25 01:57:14 - event_classifier          - INFO - N/A - (Stage 0) Processing chunk 50 started
2025-05-25 01:57:20 - event_scoring             - INFO - 23.592s - Successfully calculated event scores
2025-05-25 01:57:20 - event_scoring             - INFO - 23.592s - Chunk 52 processed successfully. Processed 1 general events.
2025-05-25 01:57:21 - sentiment_analysis        - INFO - 24.770s - Successfully got sentiment score
2025-05-25 01:57:21 - sentiment_analysis        - INFO - 24.770s - Chunk 52 processed successfully. Processed 1 person events.
2025-05-25 01:57:21 - inconsistency_detection   - INFO - N/A - (Stage 2) Inconsistency analysis for chunk 52 started
2025-05-25 01:57:21 - inconsistency_detection   - INFO - 0.027s - Chunk 52 processed successfully. Processed 1 person events.
2025-05-25 01:57:21 - person_summary            - INFO - N/A - (Stage 2.1) Person attitude analysis for chunk 52 started
2025-05-25 01:57:21 - person_summary            - INFO - N/A - Sentiment history found for person Bill Gates in chunk 52.
2025-05-25 01:57:30 - person_summary            - ERROR - N/A - Error in refinement process: 'max_length'. Falling back to truncation.
2025-05-25 01:57:30 - person_summary            - INFO - 26.817s - Successfully got comment
2025-05-25 01:57:30 - person_summary            - INFO - 26.818s - Chunk 51 processed successfully. Processed 1 person events.
2025-05-25 01:57:30 - opinion_scoring           - INFO - N/A - (Stage 3) Opinion scoring for chunk 51 started
2025-05-25 01:57:41 - event_classifier          - INFO - 30.898s - Chunk 53 processed, (1) general events, (1) opinions.
2025-05-25 01:57:41 - event_scoring             - INFO - N/A - (Stage 1) Event scoring for chunk 53 started
2025-05-25 01:57:41 - sentiment_analysis        - INFO - N/A - (Stage 1) Sentiment analysis for chunk 53 started
2025-05-25 01:57:50 - event_classifier          - INFO - 36.300s - Chunk 50 processed, (1) general events, (1) opinions.
2025-05-25 01:57:50 - event_scoring             - INFO - N/A - (Stage 1) Event scoring for chunk 50 started
2025-05-25 01:57:50 - sentiment_analysis        - INFO - N/A - (Stage 1) Sentiment analysis for chunk 50 started
2025-05-25 01:57:56 - person_summary            - INFO - 35.311s - Successfully got comment
2025-05-25 01:57:56 - person_summary            - INFO - 35.342s - Chunk 52 processed successfully. Processed 1 person events.
2025-05-25 01:57:56 - opinion_scoring           - INFO - N/A - (Stage 3) Opinion scoring for chunk 52 started
2025-05-25 01:58:02 - opinion_scoring           - INFO - 31.261s - Successfully calculated opinion scores
2025-05-25 01:58:02 - opinion_scoring           - INFO - 31.261s - Chunk 51 processed successfully. Processed 1 person events.
2025-05-25 01:58:02 - write_node                - INFO - N/A - (Stage 3) Scores without inconsistency case
2025-05-25 01:58:02 - write_node                - INFO - N/A - (Stage 2.1) Summary/attitude full case
2025-05-25 01:58:02 - write_node                - ERROR - N/A - Error processing person event: add_attitude_full() got an unexpected keyword argument 'is_expert_flag'
2025-05-25 01:58:02 - write_node                - INFO - N/A - Chunk 51 marked as processed
2025-05-25 01:58:02 - event_classifier          - INFO - N/A - (Stage 0) Processing chunk 49 started
2025-05-25 01:58:08 - event_scoring             - INFO - 27.446s - Successfully calculated event scores
2025-05-25 01:58:08 - event_scoring             - INFO - 27.446s - Chunk 53 processed successfully. Processed 1 general events.
2025-05-25 01:58:09 - sentiment_analysis        - INFO - 28.688s - Successfully got sentiment score
2025-05-25 01:58:09 - sentiment_analysis        - INFO - 28.688s - Chunk 53 processed successfully. Processed 1 person events.
2025-05-25 01:58:09 - inconsistency_detection   - INFO - N/A - (Stage 2) Inconsistency analysis for chunk 53 started
2025-05-25 01:58:09 - inconsistency_detection   - INFO - 0.012s - Chunk 53 processed successfully. Processed 1 person events.
2025-05-25 01:58:09 - person_summary            - INFO - N/A - (Stage 2.1) Person attitude analysis for chunk 53 started
2025-05-25 01:58:09 - person_summary            - INFO - N/A - Missing person ID for person_event 1 in chunk 53.
2025-05-25 01:58:09 - person_summary            - INFO - N/A - No sentiment history found for person Shelley Moore Capito in chunk 53, generating new.
2025-05-25 01:58:15 - event_scoring             - INFO - 25.238s - Successfully calculated event scores
2025-05-25 01:58:15 - event_scoring             - INFO - 25.238s - Chunk 50 processed successfully. Processed 1 general events.
2025-05-25 01:58:17 - sentiment_analysis        - INFO - 26.735s - Successfully got sentiment score
2025-05-25 01:58:17 - sentiment_analysis        - INFO - 26.736s - Chunk 50 processed successfully. Processed 1 person events.
2025-05-25 01:58:17 - inconsistency_detection   - INFO - N/A - (Stage 2) Inconsistency analysis for chunk 50 started
2025-05-25 01:58:17 - inconsistency_detection   - INFO - 0.012s - Chunk 50 processed successfully. Processed 1 person events.
2025-05-25 01:58:17 - person_summary            - INFO - N/A - (Stage 2.1) Person attitude analysis for chunk 50 started
2025-05-25 01:58:17 - person_summary            - INFO - N/A - Missing person ID for person_event 1 in chunk 50.
2025-05-25 01:58:17 - person_summary            - INFO - N/A - No sentiment history found for person Rizzi in chunk 50, generating new.
2025-05-25 01:58:22 - opinion_scoring           - INFO - 26.058s - Successfully calculated opinion scores
2025-05-25 01:58:22 - opinion_scoring           - INFO - 26.059s - Chunk 52 processed successfully. Processed 1 person events.
2025-05-25 01:58:22 - write_node                - INFO - N/A - (Stage 3) Scored case
2025-05-25 01:58:22 - write_node                - INFO - N/A - (Stage 2.1) Summary/attitude full case
2025-05-25 01:58:22 - write_node                - ERROR - N/A - Error processing person event: add_attitude_full() got an unexpected keyword argument 'is_expert_flag'
2025-05-25 01:58:22 - write_node                - INFO - N/A - Chunk 52 marked as processed
2025-05-25 01:58:23 - event_classifier          - INFO - N/A - (Stage 0) Processing chunk 46 started
2025-05-25 01:58:34 - event_classifier          - INFO - 31.152s - Chunk 49 processed, (1) general events, (1) opinions.
2025-05-25 01:58:34 - event_scoring             - INFO - N/A - (Stage 1) Event scoring for chunk 49 started
2025-05-25 01:58:34 - sentiment_analysis        - INFO - N/A - (Stage 1) Sentiment analysis for chunk 49 started
2025-05-25 01:58:41 - person_summary            - INFO - 31.556s - Successfully got comment
2025-05-25 01:58:41 - person_summary            - INFO - 31.557s - Chunk 53 processed successfully. Processed 1 person events.
2025-05-25 01:58:41 - opinion_scoring           - INFO - N/A - (Stage 3) Opinion scoring for chunk 53 started
2025-05-25 01:58:49 - person_summary            - ERROR - N/A - Error in refinement process: 'max_length'. Falling back to truncation.
2025-05-25 01:58:49 - person_summary            - INFO - 32.534s - Successfully got comment
2025-05-25 01:58:49 - person_summary            - INFO - 32.535s - Chunk 50 processed successfully. Processed 1 person events.
2025-05-25 01:58:49 - opinion_scoring           - INFO - N/A - (Stage 3) Opinion scoring for chunk 50 started
2025-05-25 01:59:02 - event_classifier          - INFO - 38.675s - Chunk 46 processed, (1) general events, (1) opinions.
2025-05-25 01:59:02 - event_scoring             - INFO - N/A - (Stage 1) Event scoring for chunk 46 started
2025-05-25 01:59:02 - sentiment_analysis        - INFO - N/A - (Stage 1) Sentiment analysis for chunk 46 started
2025-05-25 01:59:10 - event_scoring             - INFO - 36.197s - Successfully calculated event scores
2025-05-25 01:59:10 - event_scoring             - INFO - 36.197s - Chunk 49 processed successfully. Processed 1 general events.
2025-05-25 01:59:11 - sentiment_analysis        - INFO - 37.405s - Successfully got sentiment score
2025-05-25 01:59:11 - sentiment_analysis        - INFO - 37.405s - Chunk 49 processed successfully. Processed 1 person events.
2025-05-25 01:59:11 - inconsistency_detection   - INFO - N/A - (Stage 2) Inconsistency analysis for chunk 49 started
2025-05-25 01:59:11 - inconsistency_detection   - INFO - 0.012s - Chunk 49 processed successfully. Processed 1 person events.
2025-05-25 01:59:11 - person_summary            - INFO - N/A - (Stage 2.1) Person attitude analysis for chunk 49 started
2025-05-25 01:59:11 - person_summary            - INFO - N/A - Missing person ID for person_event 1 in chunk 49.
2025-05-25 01:59:11 - person_summary            - INFO - N/A - No sentiment history found for person Alberto Rizzi in chunk 49, generating new.
2025-05-25 01:59:17 - opinion_scoring           - INFO - 35.589s - Successfully calculated opinion scores
2025-05-25 01:59:17 - opinion_scoring           - INFO - 35.590s - Chunk 53 processed successfully. Processed 1 person events.
2025-05-25 01:59:17 - write_node                - ERROR - N/A - Event scores not saved correctly: Expected 0.8, 1.0, 0.5, 0.7949999999999999 but got 0.8, 1.0, 0.5, 0.795
2025-05-25 01:59:17 - write_node                - INFO - N/A - (Stage 3) Scores without inconsistency case
2025-05-25 01:59:17 - write_node                - INFO - N/A - (Stage 2.1) Summary/attitude full case
2025-05-25 01:59:17 - write_node                - ERROR - N/A - Error processing person event: add_attitude_full() got an unexpected keyword argument 'is_expert_flag'
2025-05-25 01:59:17 - write_node                - INFO - N/A - Chunk 53 marked as processed
2025-05-25 01:59:17 - event_classifier          - INFO - N/A - (Stage 0) Processing chunk 45 started
2025-05-25 01:59:21 - opinion_scoring           - INFO - 31.577s - Successfully calculated opinion scores
2025-05-25 01:59:21 - opinion_scoring           - INFO - 31.577s - Chunk 50 processed successfully. Processed 1 person events.
2025-05-25 01:59:21 - write_node                - ERROR - N/A - Event scores not saved correctly: Expected 0.8, 0.9, 0.5, 0.7450000000000001 but got 0.8, 0.9, 0.5, 0.745
2025-05-25 01:59:21 - write_node                - INFO - N/A - (Stage 3) Scores without inconsistency case
2025-05-25 01:59:21 - write_node                - INFO - N/A - (Stage 2.1) Summary/attitude full case
2025-05-25 01:59:21 - write_node                - ERROR - N/A - Error processing person event: add_attitude_full() got an unexpected keyword argument 'is_expert_flag'
2025-05-25 01:59:21 - write_node                - INFO - N/A - Chunk 50 marked as processed
2025-05-25 01:59:21 - event_classifier          - INFO - N/A - (Stage 0) Processing chunk 44 started
2025-05-25 01:59:28 - event_scoring             - INFO - 26.943s - Successfully calculated event scores
2025-05-25 01:59:28 - event_scoring             - INFO - 26.943s - Chunk 46 processed successfully. Processed 1 general events.
2025-05-25 01:59:30 - sentiment_analysis        - INFO - 28.162s - Successfully got sentiment score
2025-05-25 01:59:30 - sentiment_analysis        - INFO - 28.162s - Chunk 46 processed successfully. Processed 1 person events.
2025-05-25 01:59:30 - inconsistency_detection   - INFO - N/A - (Stage 2) Inconsistency analysis for chunk 46 started
2025-05-25 01:59:30 - inconsistency_detection   - INFO - 0.012s - Chunk 46 processed successfully. Processed 1 person events.
2025-05-25 01:59:30 - person_summary            - INFO - N/A - (Stage 2.1) Person attitude analysis for chunk 46 started
2025-05-25 01:59:30 - person_summary            - INFO - N/A - Missing person ID for person_event 1 in chunk 46.
2025-05-25 01:59:30 - person_summary            - INFO - N/A - No sentiment history found for person Biden in chunk 46, generating new.
2025-05-25 01:59:39 - person_summary            - INFO - 27.659s - Successfully got comment
2025-05-25 01:59:39 - person_summary            - INFO - 27.660s - Chunk 49 processed successfully. Processed 1 person events.
2025-05-25 01:59:39 - opinion_scoring           - INFO - N/A - (Stage 3) Opinion scoring for chunk 49 started
2025-05-25 01:59:50 - event_classifier          - INFO - 32.888s - Chunk 45 processed, (1) general events, (1) opinions.
2025-05-25 01:59:50 - event_scoring             - INFO - N/A - (Stage 1) Event scoring for chunk 45 started
2025-05-25 01:59:50 - sentiment_analysis        - INFO - N/A - (Stage 1) Sentiment analysis for chunk 45 started
2025-05-25 01:59:58 - event_classifier          - INFO - 36.106s - Chunk 44 processed, (1) general events, (1) opinions.
2025-05-25 01:59:58 - event_scoring             - INFO - N/A - (Stage 1) Event scoring for chunk 44 started
2025-05-25 01:59:58 - sentiment_analysis        - INFO - N/A - (Stage 1) Sentiment analysis for chunk 44 started
2025-05-25 02:00:07 - person_summary            - INFO - 37.322s - Successfully got comment
2025-05-25 02:00:07 - person_summary            - INFO - 37.322s - Chunk 46 processed successfully. Processed 1 person events.
2025-05-25 02:00:07 - opinion_scoring           - INFO - N/A - (Stage 3) Opinion scoring for chunk 46 started
2025-05-25 02:00:13 - opinion_scoring           - INFO - 34.059s - Successfully calculated opinion scores
2025-05-25 02:00:13 - opinion_scoring           - INFO - 34.059s - Chunk 49 processed successfully. Processed 1 person events.
2025-05-25 02:00:13 - write_node                - INFO - N/A - (Stage 3) Scores without inconsistency case
2025-05-25 02:00:13 - write_node                - INFO - N/A - (Stage 2.1) Summary/attitude full case
2025-05-25 02:00:13 - write_node                - ERROR - N/A - Error processing person event: add_attitude_full() got an unexpected keyword argument 'is_expert_flag'
2025-05-25 02:00:13 - write_node                - INFO - N/A - Chunk 49 marked as processed
2025-05-25 02:00:13 - event_classifier          - INFO - N/A - (Stage 0) Processing chunk 43 started
2025-05-25 02:00:20 - event_scoring             - INFO - 29.966s - Successfully calculated event scores
2025-05-25 02:00:20 - event_scoring             - INFO - 29.966s - Chunk 45 processed successfully. Processed 1 general events.
2025-05-25 02:00:21 - sentiment_analysis        - INFO - 31.164s - Successfully got sentiment score
2025-05-25 02:00:21 - sentiment_analysis        - INFO - 31.164s - Chunk 45 processed successfully. Processed 1 person events.
2025-05-25 02:00:21 - inconsistency_detection   - INFO - N/A - (Stage 2) Inconsistency analysis for chunk 45 started
2025-05-25 02:00:21 - inconsistency_detection   - INFO - 0.011s - Chunk 45 processed successfully. Processed 1 person events.
2025-05-25 02:00:21 - person_summary            - INFO - N/A - (Stage 2.1) Person attitude analysis for chunk 45 started
2025-05-25 02:00:21 - person_summary            - INFO - N/A - Missing person ID for person_event 1 in chunk 45.
2025-05-25 02:00:21 - person_summary            - INFO - N/A - No sentiment history found for person Simon Ludlam in chunk 45, generating new.
2025-05-25 02:00:27 - event_scoring             - INFO - 29.126s - Successfully calculated event scores
2025-05-25 02:00:27 - event_scoring             - INFO - 29.126s - Chunk 44 processed successfully. Processed 1 general events.
2025-05-25 02:00:28 - sentiment_analysis        - INFO - 30.303s - Successfully got sentiment score
2025-05-25 02:00:28 - sentiment_analysis        - INFO - 30.303s - Chunk 44 processed successfully. Processed 1 person events.
2025-05-25 02:00:28 - inconsistency_detection   - INFO - N/A - (Stage 2) Inconsistency analysis for chunk 44 started
2025-05-25 02:00:28 - inconsistency_detection   - INFO - 0.012s - Chunk 44 processed successfully. Processed 1 person events.
2025-05-25 02:00:28 - person_summary            - INFO - N/A - (Stage 2.1) Person attitude analysis for chunk 44 started
2025-05-25 02:00:28 - person_summary            - INFO - N/A - Missing person ID for person_event 1 in chunk 44.
2025-05-25 02:00:28 - person_summary            - INFO - N/A - No sentiment history found for person Gamage in chunk 44, generating new.
2025-05-25 02:00:33 - opinion_scoring           - INFO - 26.270s - Successfully calculated opinion scores
2025-05-25 02:00:33 - opinion_scoring           - INFO - 26.270s - Chunk 46 processed successfully. Processed 1 person events.
2025-05-25 02:00:33 - write_node                - INFO - N/A - (Stage 3) Scores without inconsistency case
2025-05-25 02:00:33 - write_node                - ERROR - N/A - Opinion scores not saved correctly for ID 91: hotness: expected 0.6300000000000001, got 0.63
2025-05-25 02:00:33 - write_node                - INFO - N/A - (Stage 2.1) Summary/attitude full case
2025-05-25 02:00:33 - write_node                - ERROR - N/A - Error processing person event: add_attitude_full() got an unexpected keyword argument 'is_expert_flag'
2025-05-25 02:00:33 - write_node                - INFO - N/A - Chunk 46 marked as processed
2025-05-25 02:00:34 - event_classifier          - INFO - N/A - (Stage 0) Processing chunk 42 started
2025-05-25 02:00:45 - event_classifier          - INFO - 31.135s - Chunk 43 processed, (1) general events, (1) opinions.
2025-05-25 02:00:45 - event_scoring             - INFO - N/A - (Stage 1) Event scoring for chunk 43 started
2025-05-25 02:00:45 - sentiment_analysis        - INFO - N/A - (Stage 1) Sentiment analysis for chunk 43 started
2025-05-25 02:00:53 - person_summary            - INFO - 31.830s - Successfully got comment
2025-05-25 02:00:53 - person_summary            - INFO - 31.831s - Chunk 45 processed successfully. Processed 1 person events.
2025-05-25 02:00:53 - opinion_scoring           - INFO - N/A - (Stage 3) Opinion scoring for chunk 45 started
2025-05-25 02:00:58 - person_summary            - INFO - 30.019s - Successfully got comment
2025-05-25 02:00:58 - person_summary            - INFO - 30.019s - Chunk 44 processed successfully. Processed 1 person events.
2025-05-25 02:00:58 - opinion_scoring           - INFO - N/A - (Stage 3) Opinion scoring for chunk 44 started
2025-05-25 02:01:09 - event_classifier          - INFO - 34.887s - Chunk 42 processed, (1) general events, (1) opinions.
2025-05-25 02:01:09 - event_scoring             - INFO - N/A - (Stage 1) Event scoring for chunk 42 started
2025-05-25 02:01:09 - sentiment_analysis        - INFO - N/A - (Stage 1) Sentiment analysis for chunk 42 started
2025-05-25 02:01:17 - event_scoring             - INFO - 32.380s - Successfully calculated event scores
2025-05-25 02:01:17 - event_scoring             - INFO - 32.380s - Chunk 43 processed successfully. Processed 1 general events.
2025-05-25 02:01:18 - sentiment_analysis        - INFO - 33.564s - Successfully got sentiment score
2025-05-25 02:01:18 - sentiment_analysis        - INFO - 33.564s - Chunk 43 processed successfully. Processed 1 person events.
2025-05-25 02:01:18 - inconsistency_detection   - INFO - N/A - (Stage 2) Inconsistency analysis for chunk 43 started
2025-05-25 02:01:18 - inconsistency_detection   - INFO - 0.011s - Chunk 43 processed successfully. Processed 1 person events.
2025-05-25 02:01:18 - person_summary            - INFO - N/A - (Stage 2.1) Person attitude analysis for chunk 43 started
2025-05-25 02:01:18 - person_summary            - INFO - N/A - Missing person ID for person_event 1 in chunk 43.
2025-05-25 02:01:18 - person_summary            - INFO - N/A - No sentiment history found for person Atouife in chunk 43, generating new.
2025-05-25 02:01:24 - opinion_scoring           - INFO - 30.474s - Successfully calculated opinion scores
2025-05-25 02:01:24 - opinion_scoring           - INFO - 30.474s - Chunk 45 processed successfully. Processed 1 person events.
2025-05-25 02:01:24 - write_node                - INFO - N/A - (Stage 3) Scores without inconsistency case
2025-05-25 02:01:24 - write_node                - INFO - N/A - (Stage 2.1) Summary/attitude full case
2025-05-25 02:01:24 - write_node                - ERROR - N/A - Error processing person event: add_attitude_full() got an unexpected keyword argument 'is_expert_flag'
2025-05-25 02:01:24 - write_node                - INFO - N/A - Chunk 45 marked as processed
2025-05-25 02:01:24 - event_classifier          - INFO - N/A - (Stage 0) Processing chunk 41 started
2025-05-25 02:01:28 - opinion_scoring           - INFO - 29.918s - Successfully calculated opinion scores
2025-05-25 02:01:28 - opinion_scoring           - INFO - 29.919s - Chunk 44 processed successfully. Processed 1 person events.
2025-05-25 02:01:28 - write_node                - INFO - N/A - (Stage 3) Scores without inconsistency case
2025-05-25 02:01:28 - write_node                - INFO - N/A - (Stage 2.1) Summary/attitude full case
2025-05-25 02:01:28 - write_node                - ERROR - N/A - Error processing person event: add_attitude_full() got an unexpected keyword argument 'is_expert_flag'
2025-05-25 02:01:28 - write_node                - INFO - N/A - Chunk 44 marked as processed
2025-05-25 02:01:29 - event_classifier          - INFO - N/A - (Stage 0) Processing chunk 40 started
2025-05-25 02:01:36 - event_scoring             - INFO - 26.907s - Successfully calculated event scores
2025-05-25 02:01:36 - event_scoring             - INFO - 26.907s - Chunk 42 processed successfully. Processed 1 general events.
2025-05-25 02:01:37 - sentiment_analysis        - INFO - 28.080s - Successfully got sentiment score
2025-05-25 02:01:37 - sentiment_analysis        - INFO - 28.081s - Chunk 42 processed successfully. Processed 1 person events.
2025-05-25 02:01:37 - inconsistency_detection   - INFO - N/A - (Stage 2) Inconsistency analysis for chunk 42 started
2025-05-25 02:01:37 - inconsistency_detection   - INFO - 0.012s - Chunk 42 processed successfully. Processed 1 person events.
2025-05-25 02:01:37 - person_summary            - INFO - N/A - (Stage 2.1) Person attitude analysis for chunk 42 started
2025-05-25 02:01:37 - person_summary            - INFO - N/A - Missing person ID for person_event 1 in chunk 42.
2025-05-25 02:01:37 - person_summary            - INFO - N/A - No sentiment history found for person Martin Pei in chunk 42, generating new.
2025-05-25 02:01:48 - person_summary            - ERROR - N/A - Error in refinement process: 'max_length'. Falling back to truncation.
2025-05-25 02:01:48 - person_summary            - INFO - 29.903s - Successfully got comment
2025-05-25 02:01:48 - person_summary            - INFO - 29.903s - Chunk 43 processed successfully. Processed 1 person events.
2025-05-25 02:01:48 - opinion_scoring           - INFO - N/A - (Stage 3) Opinion scoring for chunk 43 started
2025-05-25 02:02:02 - event_classifier          - INFO - 37.173s - Chunk 41 processed, (1) general events, (1) opinions.
2025-05-25 02:02:02 - event_scoring             - INFO - N/A - (Stage 1) Event scoring for chunk 41 started
2025-05-25 02:02:02 - sentiment_analysis        - INFO - N/A - (Stage 1) Sentiment analysis for chunk 41 started
2025-05-25 02:02:13 - event_classifier          - INFO - 44.632s - Chunk 40 processed, (1) general events, (1) opinions.
2025-05-25 02:02:13 - event_scoring             - INFO - N/A - (Stage 1) Event scoring for chunk 40 started
2025-05-25 02:02:13 - sentiment_analysis        - INFO - N/A - (Stage 1) Sentiment analysis for chunk 40 started
2025-05-25 02:02:24 - person_summary            - INFO - 46.544s - Successfully got comment
2025-05-25 02:02:24 - person_summary            - INFO - 46.544s - Chunk 42 processed successfully. Processed 1 person events.
2025-05-25 02:02:24 - opinion_scoring           - INFO - N/A - (Stage 3) Opinion scoring for chunk 42 started
2025-05-25 02:02:29 - opinion_scoring           - INFO - 41.162s - Successfully calculated opinion scores
2025-05-25 02:02:29 - opinion_scoring           - INFO - 41.163s - Chunk 43 processed successfully. Processed 1 person events.
2025-05-25 02:02:29 - write_node                - INFO - N/A - (Stage 3) Scores without inconsistency case
2025-05-25 02:02:29 - write_node                - INFO - N/A - (Stage 2.1) Summary/attitude full case
2025-05-25 02:02:29 - write_node                - ERROR - N/A - Error processing person event: add_attitude_full() got an unexpected keyword argument 'is_expert_flag'
2025-05-25 02:02:29 - write_node                - INFO - N/A - Chunk 43 marked as processed
2025-05-25 02:02:30 - event_classifier          - INFO - N/A - (Stage 0) Processing chunk 47 started
2025-05-25 02:02:37 - event_scoring             - INFO - 35.768s - Successfully calculated event scores
2025-05-25 02:02:37 - event_scoring             - INFO - 35.768s - Chunk 41 processed successfully. Processed 1 general events.
2025-05-25 02:02:38 - sentiment_analysis        - INFO - 36.940s - Successfully got sentiment score
2025-05-25 02:02:38 - sentiment_analysis        - INFO - 36.941s - Chunk 41 processed successfully. Processed 1 person events.
2025-05-25 02:02:38 - inconsistency_detection   - INFO - N/A - (Stage 2) Inconsistency analysis for chunk 41 started
2025-05-25 02:02:38 - inconsistency_detection   - INFO - 0.031s - Chunk 41 processed successfully. Processed 1 person events.
2025-05-25 02:02:38 - person_summary            - INFO - N/A - (Stage 2.1) Person attitude analysis for chunk 41 started
2025-05-25 02:02:39 - person_summary            - INFO - N/A - Sentiment history found for person Atouife in chunk 41.
2025-05-25 02:02:46 - event_scoring             - INFO - 32.956s - Successfully calculated event scores
2025-05-25 02:02:46 - event_scoring             - INFO - 32.956s - Chunk 40 processed successfully. Processed 1 general events.
2025-05-25 02:02:47 - sentiment_analysis        - INFO - 34.145s - Successfully got sentiment score
2025-05-25 02:02:47 - sentiment_analysis        - INFO - 34.146s - Chunk 40 processed successfully. Processed 1 person events.
2025-05-25 02:02:47 - inconsistency_detection   - INFO - N/A - (Stage 2) Inconsistency analysis for chunk 40 started
2025-05-25 02:02:47 - inconsistency_detection   - INFO - 0.010s - Chunk 40 processed successfully. Processed 1 person events.
2025-05-25 02:02:47 - person_summary            - INFO - N/A - (Stage 2.1) Person attitude analysis for chunk 40 started
2025-05-25 02:02:47 - person_summary            - INFO - N/A - Missing person ID for person_event 1 in chunk 40.
2025-05-25 02:02:47 - person_summary            - INFO - N/A - No sentiment history found for person Mohamed Atouife in chunk 40, generating new.
2025-05-25 02:02:53 - opinion_scoring           - INFO - 29.291s - Successfully calculated opinion scores
2025-05-25 02:02:53 - opinion_scoring           - INFO - 29.291s - Chunk 42 processed successfully. Processed 1 person events.
2025-05-25 02:02:53 - write_node                - INFO - N/A - (Stage 3) Scores without inconsistency case
2025-05-25 02:02:53 - write_node                - INFO - N/A - (Stage 2.1) Summary/attitude full case
2025-05-25 02:02:53 - write_node                - ERROR - N/A - Error processing person event: add_attitude_full() got an unexpected keyword argument 'is_expert_flag'
2025-05-25 02:02:53 - write_node                - INFO - N/A - Chunk 42 marked as processed
2025-05-25 02:02:54 - event_classifier          - INFO - N/A - (Stage 0) Processing chunk 48 started
2025-05-25 02:03:03 - event_classifier          - INFO - 33.315s - Chunk 47 processed, (1) general events, (1) opinions.
2025-05-25 02:03:03 - event_scoring             - INFO - N/A - (Stage 1) Event scoring for chunk 47 started
2025-05-25 02:03:03 - sentiment_analysis        - INFO - N/A - (Stage 1) Sentiment analysis for chunk 47 started
2025-05-25 02:03:14 - person_summary            - ERROR - N/A - Error in refinement process: 'max_length'. Falling back to truncation.
2025-05-25 02:03:14 - person_summary            - INFO - 35.859s - Successfully got comment
2025-05-25 02:03:14 - person_summary            - INFO - 35.887s - Chunk 41 processed successfully. Processed 1 person events.
2025-05-25 02:03:14 - opinion_scoring           - INFO - N/A - (Stage 3) Opinion scoring for chunk 41 started
2025-05-25 02:03:25 - person_summary            - INFO - 37.206s - Successfully got comment
2025-05-25 02:03:25 - person_summary            - INFO - 37.206s - Chunk 40 processed successfully. Processed 1 person events.
2025-05-25 02:03:25 - opinion_scoring           - INFO - N/A - (Stage 3) Opinion scoring for chunk 40 started
2025-05-25 02:03:36 - event_classifier          - INFO - 42.246s - Chunk 48 processed, (1) general events, (1) opinions.
2025-05-25 02:03:36 - event_scoring             - INFO - N/A - (Stage 1) Event scoring for chunk 48 started
2025-05-25 02:03:36 - sentiment_analysis        - INFO - N/A - (Stage 1) Sentiment analysis for chunk 48 started
2025-05-25 02:03:42 - event_scoring             - INFO - 39.172s - Successfully calculated event scores
2025-05-25 02:03:42 - event_scoring             - INFO - 39.172s - Chunk 47 processed successfully. Processed 1 general events.
2025-05-25 02:03:44 - sentiment_analysis        - INFO - 40.308s - Successfully got sentiment score
2025-05-25 02:03:44 - sentiment_analysis        - INFO - 40.309s - Chunk 47 processed successfully. Processed 1 person events.
2025-05-25 02:03:44 - inconsistency_detection   - INFO - N/A - (Stage 2) Inconsistency analysis for chunk 47 started
2025-05-25 02:03:44 - inconsistency_detection   - INFO - 0.012s - Chunk 47 processed successfully. Processed 1 person events.
2025-05-25 02:03:44 - person_summary            - INFO - N/A - (Stage 2.1) Person attitude analysis for chunk 47 started
2025-05-25 02:03:44 - person_summary            - INFO - N/A - Missing person ID for person_event 1 in chunk 47.
2025-05-25 02:03:44 - person_summary            - INFO - N/A - No sentiment history found for person Laurent Segalen in chunk 47, generating new.
2025-05-25 02:03:49 - opinion_scoring           - INFO - 34.863s - Successfully calculated opinion scores
2025-05-25 02:03:49 - opinion_scoring           - INFO - 34.863s - Chunk 41 processed successfully. Processed 1 person events.
2025-05-25 02:03:49 - write_node                - INFO - N/A - (Stage 3) Scored case
2025-05-25 02:03:49 - write_node                - INFO - N/A - (Stage 2.1) Summary/attitude full case
2025-05-25 02:03:49 - write_node                - ERROR - N/A - Error processing person event: add_attitude_full() got an unexpected keyword argument 'is_expert_flag'
2025-05-25 02:03:49 - write_node                - INFO - N/A - Chunk 41 marked as processed
2025-05-25 02:03:50 - event_classifier          - INFO - N/A - (Stage 0) Processing chunk 39 started
2025-05-25 02:03:54 - opinion_scoring           - INFO - 28.985s - Successfully calculated opinion scores
2025-05-25 02:03:54 - opinion_scoring           - INFO - 28.985s - Chunk 40 processed successfully. Processed 1 person events.
2025-05-25 02:03:54 - write_node                - INFO - N/A - (Stage 3) Scores without inconsistency case
2025-05-25 02:03:54 - write_node                - ERROR - N/A - Opinion scores not saved correctly for ID 97: hotness: expected 0.6100000000000001, got 0.61
2025-05-25 02:03:54 - write_node                - INFO - N/A - (Stage 2.1) Summary/attitude full case
2025-05-25 02:03:54 - write_node                - ERROR - N/A - Error processing person event: add_attitude_full() got an unexpected keyword argument 'is_expert_flag'
2025-05-25 02:03:54 - write_node                - INFO - N/A - Chunk 40 marked as processed
2025-05-25 02:03:54 - event_classifier          - INFO - N/A - (Stage 0) Processing chunk 38 started
2025-05-25 02:04:02 - event_scoring             - INFO - 26.400s - Successfully calculated event scores
2025-05-25 02:04:02 - event_scoring             - INFO - 26.400s - Chunk 48 processed successfully. Processed 1 general events.
2025-05-25 02:04:06 - sentiment_analysis        - INFO - 29.768s - Successfully got sentiment score
2025-05-25 02:04:06 - sentiment_analysis        - INFO - 29.768s - Chunk 48 processed successfully. Processed 1 person events.
2025-05-25 02:04:06 - inconsistency_detection   - INFO - N/A - (Stage 2) Inconsistency analysis for chunk 48 started
2025-05-25 02:04:06 - inconsistency_detection   - INFO - 0.011s - Chunk 48 processed successfully. Processed 1 person events.
2025-05-25 02:04:06 - person_summary            - INFO - N/A - (Stage 2.1) Person attitude analysis for chunk 48 started
2025-05-25 02:04:06 - person_summary            - INFO - N/A - Missing person ID for person_event 1 in chunk 48.
2025-05-25 02:04:06 - person_summary            - INFO - N/A - No sentiment history found for person George Dyson in chunk 48, generating new.
2025-05-25 02:04:16 - person_summary            - INFO - 32.474s - Successfully got comment
2025-05-25 02:04:16 - person_summary            - INFO - 32.474s - Chunk 47 processed successfully. Processed 1 person events.
2025-05-25 02:04:16 - opinion_scoring           - INFO - N/A - (Stage 3) Opinion scoring for chunk 47 started
2025-05-25 02:04:28 - event_classifier          - INFO - 38.436s - Chunk 39 processed, (1) general events, (1) opinions.
2025-05-25 02:04:28 - event_scoring             - INFO - N/A - (Stage 1) Event scoring for chunk 39 started
2025-05-25 02:04:28 - sentiment_analysis        - INFO - N/A - (Stage 1) Sentiment analysis for chunk 39 started
2025-05-25 02:04:42 - event_classifier          - INFO - 47.378s - Chunk 38 processed, (1) general events, (1) opinions.
2025-05-25 02:04:42 - event_scoring             - INFO - N/A - (Stage 1) Event scoring for chunk 38 started
2025-05-25 02:04:42 - sentiment_analysis        - INFO - N/A - (Stage 1) Sentiment analysis for chunk 38 started
2025-05-25 02:04:52 - person_summary            - ERROR - N/A - Error in refinement process: 'max_length'. Falling back to truncation.
2025-05-25 02:04:52 - person_summary            - INFO - 46.059s - Successfully got comment
2025-05-25 02:04:52 - person_summary            - INFO - 46.059s - Chunk 48 processed successfully. Processed 1 person events.
2025-05-25 02:04:52 - opinion_scoring           - INFO - N/A - (Stage 3) Opinion scoring for chunk 48 started
2025-05-25 02:04:57 - opinion_scoring           - INFO - 41.270s - Successfully calculated opinion scores
2025-05-25 02:04:57 - opinion_scoring           - INFO - 41.270s - Chunk 47 processed successfully. Processed 1 person events.
2025-05-25 02:04:57 - write_node                - INFO - N/A - (Stage 3) Scores without inconsistency case
2025-05-25 02:04:57 - write_node                - INFO - N/A - (Stage 2.1) Summary/attitude full case
2025-05-25 02:04:57 - write_node                - ERROR - N/A - Error processing person event: add_attitude_full() got an unexpected keyword argument 'is_expert_flag'
2025-05-25 02:04:57 - write_node                - INFO - N/A - Chunk 47 marked as processed
2025-05-25 02:04:58 - event_classifier          - INFO - N/A - (Stage 0) Processing chunk 37 started
2025-05-25 02:05:05 - event_scoring             - INFO - 36.394s - Successfully calculated event scores
2025-05-25 02:05:05 - event_scoring             - INFO - 36.394s - Chunk 39 processed successfully. Processed 1 general events.
2025-05-25 02:05:10 - sentiment_analysis        - WARNING - N/A - Error while parsing response as float: could not convert string to float: 'I can\'t provide a result for that prompt as there is not enough information about the text regarding "Green energy". Please provide the correct text, and I\'ll be happy to help.'
2025-05-25 02:05:10 - sentiment_analysis        - WARNING - 41.279s - Error during first attempt: could not convert string to float: 'I can\'t provide a result for that prompt as there is not enough information about the text regarding "Green energy". Please provide the correct text, and I\'ll be happy to help.'
2025-05-25 02:05:19 - event_scoring             - INFO - 37.041s - Successfully calculated event scores
2025-05-25 02:05:19 - event_scoring             - INFO - 37.041s - Chunk 38 processed successfully. Processed 1 general events.
2025-05-25 02:05:22 - sentiment_analysis        - WARNING - N/A - Error while parsing response as float: could not convert string to float: 'I cannot provide a score for this text as there is no mention of green energy. Can I help you with something else?'
2025-05-25 02:05:22 - sentiment_analysis        - WARNING - 40.702s - Error during first attempt: could not convert string to float: 'I cannot provide a score for this text as there is no mention of green energy. Can I help you with something else?'
2025-05-25 02:05:28 - opinion_scoring           - INFO - 36.243s - Successfully calculated opinion scores
2025-05-25 02:05:28 - opinion_scoring           - INFO - 36.243s - Chunk 48 processed successfully. Processed 1 person events.
2025-05-25 02:05:28 - write_node                - INFO - N/A - (Stage 3) Scores without inconsistency case
2025-05-25 02:05:28 - write_node                - ERROR - N/A - Opinion scores not saved correctly for ID 99: hotness: expected 0.5249999999999999, got 0.525
2025-05-25 02:05:28 - write_node                - INFO - N/A - (Stage 2.1) Summary/attitude full case
2025-05-25 02:05:28 - write_node                - ERROR - N/A - Error processing person event: add_attitude_full() got an unexpected keyword argument 'is_expert_flag'
2025-05-25 02:05:28 - write_node                - INFO - N/A - Chunk 48 marked as processed
2025-05-25 02:05:29 - event_classifier          - INFO - N/A - (Stage 0) Processing chunk 36 started
2025-05-25 02:05:40 - event_classifier          - INFO - 41.584s - Chunk 37 processed, (1) general events, (1) opinions.
2025-05-25 02:05:40 - event_scoring             - INFO - N/A - (Stage 1) Event scoring for chunk 37 started
2025-05-25 02:05:40 - sentiment_analysis        - INFO - N/A - (Stage 1) Sentiment analysis for chunk 37 started
2025-05-25 02:05:45 - sentiment_analysis        - WARNING - N/A - Error while parsing response as float: could not convert string to float: 'I can\'t provide a result for that prompt as there is not enough text related to "Green energy" to analyze. The provided text seems unrelated to the topic. If you provide another text, I\'ll be happy to help.'
2025-05-25 02:05:45 - sentiment_analysis        - WARNING - 76.957s - Retry 1/3 due to invalid output: could not convert string to float: 'I can\'t provide a result for that prompt as there is not enough text related to "Green energy" to analyze. The provided text seems unrelated to the topic. If you provide another text, I\'ll be happy to help.'
2025-05-25 02:05:48 - sentiment_analysis        - WARNING - N/A - Error while parsing response as float: could not convert string to float: 'I cannot provide a score for this text as there is no mention of green energy. Can I help you with something else?'
2025-05-25 02:05:48 - sentiment_analysis        - WARNING - 66.718s - Retry 1/3 due to invalid output: could not convert string to float: 'I cannot provide a score for this text as there is no mention of green energy. Can I help you with something else?'
2025-05-25 02:06:01 - event_classifier          - INFO - 32.414s - Chunk 36 processed, (1) general events, (1) opinions.
2025-05-25 02:06:01 - event_scoring             - INFO - N/A - (Stage 1) Event scoring for chunk 36 started
2025-05-25 02:06:01 - sentiment_analysis        - INFO - N/A - (Stage 1) Sentiment analysis for chunk 36 started
2025-05-25 02:06:08 - event_scoring             - INFO - 28.800s - Successfully calculated event scores
2025-05-25 02:06:08 - event_scoring             - INFO - 28.800s - Chunk 37 processed successfully. Processed 1 general events.
2025-05-25 02:06:10 - sentiment_analysis        - INFO - 29.944s - Successfully got sentiment score
2025-05-25 02:06:10 - sentiment_analysis        - INFO - 29.945s - Chunk 37 processed successfully. Processed 1 person events.
2025-05-25 02:06:10 - inconsistency_detection   - INFO - N/A - (Stage 2) Inconsistency analysis for chunk 37 started
2025-05-25 02:06:10 - inconsistency_detection   - INFO - 0.023s - Chunk 37 processed successfully. Processed 1 person events.
2025-05-25 02:06:10 - person_summary            - INFO - N/A - (Stage 2.1) Person attitude analysis for chunk 37 started
2025-05-25 02:06:10 - person_summary            - INFO - N/A - Missing person ID for person_event 1 in chunk 37.
2025-05-25 02:06:10 - person_summary            - INFO - N/A - No sentiment history found for person Laurie Pressman in chunk 37, generating new.
2025-05-25 02:06:14 - sentiment_analysis        - WARNING - N/A - Error while parsing response as float: could not convert string to float: 'I can\'t provide a result for that prompt as there is not enough information about the text regarding "Green energy". Please provide the correct text, and I\'ll be happy to help.'
2025-05-25 02:06:14 - sentiment_analysis        - WARNING - 105.409s - Retry 2/3 due to invalid output: could not convert string to float: 'I can\'t provide a result for that prompt as there is not enough information about the text regarding "Green energy". Please provide the correct text, and I\'ll be happy to help.'
2025-05-25 02:06:14 - sentiment_analysis        - ERROR - 105.409s - Skipping analysis after 3 retries.
2025-05-25 02:06:14 - sentiment_analysis        - WARNING - N/A - Failed to get sentiment score for person_event 1.
2025-05-25 02:06:14 - sentiment_analysis        - INFO - 105.409s - Chunk 39 processed successfully. Processed 1 person events.
2025-05-25 02:06:14 - inconsistency_detection   - INFO - N/A - (Stage 2) Inconsistency analysis for chunk 39 started
2025-05-25 02:06:14 - inconsistency_detection   - ERROR - N/A - Missing sentiment score for person_event 1 in chunk 39.
2025-05-25 02:06:14 - inconsistency_detection   - ERROR - N/A - Error processing person_event 1 for chunk 39: Missing sentiment score for person_event 1 in chunk 39.
2025-05-25 02:06:14 - inconsistency_detection   - INFO - 0.012s - Chunk 39 processed successfully. Processed 2 person events.
2025-05-25 02:06:14 - person_summary            - INFO - N/A - (Stage 2.1) Person attitude analysis for chunk 39 started
2025-05-25 02:06:14 - person_summary            - ERROR - N/A - Missing sentiment score for person_event 1 in chunk 39.
2025-05-25 02:06:14 - person_summary            - ERROR - N/A - Error processing person_event 1 for chunk 39: Missing sentiment score for person_event 1 in chunk 39.
2025-05-25 02:06:14 - person_summary            - INFO - 0.001s - Chunk 39 processed successfully. Processed 2 person events.
2025-05-25 02:06:14 - opinion_scoring           - INFO - N/A - (Stage 3) Opinion scoring for chunk 39 started
2025-05-25 02:06:17 - sentiment_analysis        - WARNING - N/A - Error while parsing response as float: could not convert string to float: 'I cannot provide a score for this text as there is no mention of green energy. Can I help you with something else?'
2025-05-25 02:06:17 - sentiment_analysis        - WARNING - 95.167s - Retry 2/3 due to invalid output: could not convert string to float: 'I cannot provide a score for this text as there is no mention of green energy. Can I help you with something else?'
2025-05-25 02:06:17 - sentiment_analysis        - ERROR - 95.167s - Skipping analysis after 3 retries.
2025-05-25 02:06:17 - sentiment_analysis        - WARNING - N/A - Failed to get sentiment score for person_event 1.
2025-05-25 02:06:17 - sentiment_analysis        - INFO - 95.167s - Chunk 38 processed successfully. Processed 1 person events.
2025-05-25 02:06:17 - inconsistency_detection   - INFO - N/A - (Stage 2) Inconsistency analysis for chunk 38 started
2025-05-25 02:06:17 - inconsistency_detection   - INFO - 0.012s - Chunk 38 processed successfully. Processed 1 person events.
2025-05-25 02:06:17 - person_summary            - INFO - N/A - (Stage 2.1) Person attitude analysis for chunk 38 started
2025-05-25 02:06:17 - person_summary            - ERROR - N/A - Missing sentiment score for person_event 1 in chunk 38.
2025-05-25 02:06:17 - person_summary            - ERROR - N/A - Error processing person_event 1 for chunk 38: Missing sentiment score for person_event 1 in chunk 38.
2025-05-25 02:06:17 - person_summary            - INFO - 0.000s - Chunk 38 processed successfully. Processed 2 person events.
2025-05-25 02:06:17 - opinion_scoring           - INFO - N/A - (Stage 3) Opinion scoring for chunk 38 started
2025-05-25 02:06:25 - event_scoring             - INFO - 24.306s - Successfully calculated event scores
2025-05-25 02:06:25 - event_scoring             - INFO - 24.306s - Chunk 36 processed successfully. Processed 1 general events.
2025-05-25 02:06:27 - sentiment_analysis        - INFO - 25.510s - Successfully got sentiment score
2025-05-25 02:06:27 - sentiment_analysis        - INFO - 25.510s - Chunk 36 processed successfully. Processed 1 person events.
2025-05-25 02:06:27 - inconsistency_detection   - INFO - N/A - (Stage 2) Inconsistency analysis for chunk 36 started
2025-05-25 02:06:27 - inconsistency_detection   - INFO - 0.012s - Chunk 36 processed successfully. Processed 1 person events.
2025-05-25 02:06:27 - person_summary            - INFO - N/A - (Stage 2.1) Person attitude analysis for chunk 36 started
2025-05-25 02:06:27 - person_summary            - INFO - N/A - Missing person ID for person_event 1 in chunk 36.
2025-05-25 02:06:27 - person_summary            - INFO - N/A - No sentiment history found for person Charli XCX in chunk 36, generating new.
2025-05-25 02:06:37 - person_summary            - ERROR - N/A - Error in refinement process: 'max_length'. Falling back to truncation.
2025-05-25 02:06:37 - person_summary            - INFO - 26.997s - Successfully got comment
2025-05-25 02:06:37 - person_summary            - INFO - 26.997s - Chunk 37 processed successfully. Processed 1 person events.
2025-05-25 02:06:37 - opinion_scoring           - INFO - N/A - (Stage 3) Opinion scoring for chunk 37 started
2025-05-25 02:06:42 - opinion_scoring           - INFO - 27.991s - Successfully calculated opinion scores
2025-05-25 02:06:42 - opinion_scoring           - INFO - 27.991s - Chunk 39 processed successfully. Processed 1 person events.
2025-05-25 02:06:42 - write_node                - INFO - N/A - (Stage 0) No sentiment case
2025-05-25 02:06:42 - write_node                - INFO - N/A - Chunk 39 marked as processed
2025-05-25 02:06:42 - event_classifier          - INFO - N/A - (Stage 0) Processing chunk 35 started
2025-05-25 02:06:46 - opinion_scoring           - INFO - 29.232s - Successfully calculated opinion scores
2025-05-25 02:06:46 - opinion_scoring           - INFO - 29.232s - Chunk 38 processed successfully. Processed 1 person events.
2025-05-25 02:06:46 - write_node                - INFO - N/A - (Stage 0) No sentiment case
2025-05-25 02:06:46 - write_node                - INFO - N/A - Chunk 38 marked as processed
2025-05-25 02:06:47 - event_classifier          - INFO - N/A - (Stage 0) Processing chunk 34 started
2025-05-25 02:06:53 - person_summary            - INFO - 26.913s - Successfully got comment
2025-05-25 02:06:53 - person_summary            - INFO - 26.914s - Chunk 36 processed successfully. Processed 1 person events.
2025-05-25 02:06:53 - opinion_scoring           - INFO - N/A - (Stage 3) Opinion scoring for chunk 36 started
2025-05-25 02:06:59 - opinion_scoring           - INFO - 22.308s - Successfully calculated opinion scores
2025-05-25 02:06:59 - opinion_scoring           - INFO - 22.308s - Chunk 37 processed successfully. Processed 1 person events.
2025-05-25 02:06:59 - write_node                - INFO - N/A - (Stage 3) Scores without inconsistency case
2025-05-25 02:06:59 - write_node                - ERROR - N/A - Opinion scores not saved correctly for ID 102: hotness: expected 0.6100000000000001, got 0.61
2025-05-25 02:06:59 - write_node                - INFO - N/A - (Stage 2.1) Summary/attitude full case
2025-05-25 02:06:59 - write_node                - ERROR - N/A - Error processing person event: add_attitude_full() got an unexpected keyword argument 'is_expert_flag'
2025-05-25 02:06:59 - write_node                - INFO - N/A - Chunk 37 marked as processed
2025-05-25 02:07:00 - event_classifier          - INFO - N/A - (Stage 0) Processing chunk 29 started
2025-05-25 02:07:09 - event_classifier          - INFO - 26.071s - Chunk 35 processed, (1) general events, (1) opinions.
2025-05-25 02:07:09 - event_scoring             - INFO - N/A - (Stage 1) Event scoring for chunk 35 started
2025-05-25 02:07:09 - sentiment_analysis        - INFO - N/A - (Stage 1) Sentiment analysis for chunk 35 started
2025-05-25 02:07:20 - event_classifier          - INFO - 33.451s - Chunk 34 processed, (1) general events, (1) opinions.
2025-05-25 02:07:20 - event_scoring             - INFO - N/A - (Stage 1) Event scoring for chunk 34 started
2025-05-25 02:07:20 - sentiment_analysis        - INFO - N/A - (Stage 1) Sentiment analysis for chunk 34 started
2025-05-25 02:07:26 - opinion_scoring           - INFO - 32.559s - Successfully calculated opinion scores
2025-05-25 02:07:26 - opinion_scoring           - INFO - 32.560s - Chunk 36 processed successfully. Processed 1 person events.
2025-05-25 02:07:26 - write_node                - INFO - N/A - (Stage 3) Scores without inconsistency case
2025-05-25 02:07:26 - write_node                - INFO - N/A - (Stage 2.1) Summary/attitude full case
2025-05-25 02:07:26 - write_node                - ERROR - N/A - Error processing person event: add_attitude_full() got an unexpected keyword argument 'is_expert_flag'
2025-05-25 02:07:26 - write_node                - INFO - N/A - Chunk 36 marked as processed
2025-05-25 02:07:27 - event_classifier          - INFO - N/A - (Stage 0) Processing chunk 28 started
2025-05-25 02:07:40 - event_classifier          - INFO - 40.199s - Chunk 29 processed, (1) general events, (1) opinions.
2025-05-25 02:07:40 - event_scoring             - INFO - N/A - (Stage 1) Event scoring for chunk 29 started
2025-05-25 02:07:40 - sentiment_analysis        - INFO - N/A - (Stage 1) Sentiment analysis for chunk 29 started
2025-05-25 02:07:48 - event_scoring             - INFO - 39.889s - Successfully calculated event scores
2025-05-25 02:07:48 - event_scoring             - INFO - 39.890s - Chunk 35 processed successfully. Processed 1 general events.
2025-05-25 02:07:55 - sentiment_analysis        - WARNING - N/A - Error while parsing response as float: could not convert string to float: 'I\'m ready to analyze the sentiment of the text regarding "Green energy". However, you haven\'t provided the text.\n\nPlease provide the text, and I\'ll return a floating-point number between -1.0 and +1.0 indicating the positive or negative commitment to the topic "Green energy".'
2025-05-25 02:07:55 - sentiment_analysis        - WARNING - 46.725s - Error during first attempt: could not convert string to float: 'I\'m ready to analyze the sentiment of the text regarding "Green energy". However, you haven\'t provided the text.\n\nPlease provide the text, and I\'ll return a floating-point number between -1.0 and +1.0 indicating the positive or negative commitment to the topic "Green energy".'
2025-05-25 02:08:04 - event_scoring             - INFO - 44.165s - Successfully calculated event scores
2025-05-25 02:08:04 - event_scoring             - INFO - 44.165s - Chunk 34 processed successfully. Processed 1 general events.
2025-05-25 02:08:06 - sentiment_analysis        - INFO - 45.359s - Successfully got sentiment score
2025-05-25 02:08:06 - sentiment_analysis        - INFO - 45.359s - Chunk 34 processed successfully. Processed 1 person events.
2025-05-25 02:08:06 - inconsistency_detection   - INFO - N/A - (Stage 2) Inconsistency analysis for chunk 34 started
2025-05-25 02:08:06 - inconsistency_detection   - INFO - 0.012s - Chunk 34 processed successfully. Processed 1 person events.
2025-05-25 02:08:06 - person_summary            - INFO - N/A - (Stage 2.1) Person attitude analysis for chunk 34 started
2025-05-25 02:08:06 - person_summary            - INFO - N/A - Missing person ID for person_event 1 in chunk 34.
2025-05-25 02:08:06 - person_summary            - INFO - N/A - No sentiment history found for person Khailing Neoh in chunk 34, generating new.
2025-05-25 02:08:17 - event_classifier          - INFO - 50.709s - Chunk 28 processed, (1) general events, (1) opinions.
2025-05-25 02:08:17 - event_scoring             - INFO - N/A - (Stage 1) Event scoring for chunk 28 started
2025-05-25 02:08:17 - sentiment_analysis        - INFO - N/A - (Stage 1) Sentiment analysis for chunk 28 started
2025-05-25 02:08:25 - event_scoring             - INFO - 45.267s - Successfully calculated event scores
2025-05-25 02:08:25 - event_scoring             - INFO - 45.267s - Chunk 29 processed successfully. Processed 1 general events.
2025-05-25 02:08:27 - sentiment_analysis        - INFO - 46.765s - Successfully got sentiment score
2025-05-25 02:08:27 - sentiment_analysis        - INFO - 46.765s - Chunk 29 processed successfully. Processed 1 person events.
2025-05-25 02:08:27 - inconsistency_detection   - INFO - N/A - (Stage 2) Inconsistency analysis for chunk 29 started
2025-05-25 02:08:27 - inconsistency_detection   - INFO - 0.011s - Chunk 29 processed successfully. Processed 1 person events.
2025-05-25 02:08:27 - person_summary            - INFO - N/A - (Stage 2.1) Person attitude analysis for chunk 29 started
2025-05-25 02:08:27 - person_summary            - INFO - N/A - Missing person ID for person_event 1 in chunk 29.
2025-05-25 02:08:27 - person_summary            - INFO - N/A - No sentiment history found for person Haustein in chunk 29, generating new.
2025-05-25 02:08:31 - sentiment_analysis        - WARNING - N/A - Error while parsing response as float: could not convert string to float: 'I\'m ready to analyze the text. However, I don\'t see any text provided. Please provide the text related to the topic "Green energy", and I\'ll be happy to assist you in calculating the sentiment score.'
2025-05-25 02:08:31 - sentiment_analysis        - WARNING - 82.662s - Retry 1/3 due to invalid output: could not convert string to float: 'I\'m ready to analyze the text. However, I don\'t see any text provided. Please provide the text related to the topic "Green energy", and I\'ll be happy to assist you in calculating the sentiment score.'
2025-05-25 02:08:43 - person_summary            - ERROR - N/A - Error in refinement process: 'max_length'. Falling back to truncation.
2025-05-25 02:08:43 - person_summary            - INFO - 37.046s - Successfully got comment
2025-05-25 02:08:43 - person_summary            - INFO - 37.046s - Chunk 34 processed successfully. Processed 1 person events.
2025-05-25 02:08:43 - opinion_scoring           - INFO - N/A - (Stage 3) Opinion scoring for chunk 34 started
2025-05-25 02:08:50 - event_scoring             - INFO - 32.885s - Successfully calculated event scores
2025-05-25 02:08:50 - event_scoring             - INFO - 32.885s - Chunk 28 processed successfully. Processed 1 general events.
2025-05-25 02:08:52 - sentiment_analysis        - INFO - 34.106s - Successfully got sentiment score
2025-05-25 02:08:52 - sentiment_analysis        - INFO - 34.106s - Chunk 28 processed successfully. Processed 1 person events.
2025-05-25 02:08:52 - inconsistency_detection   - INFO - N/A - (Stage 2) Inconsistency analysis for chunk 28 started
2025-05-25 02:08:52 - inconsistency_detection   - INFO - 0.012s - Chunk 28 processed successfully. Processed 1 person events.
2025-05-25 02:08:52 - person_summary            - INFO - N/A - (Stage 2.1) Person attitude analysis for chunk 28 started
2025-05-25 02:08:52 - person_summary            - INFO - N/A - Missing person ID for person_event 1 in chunk 28.
2025-05-25 02:08:52 - person_summary            - INFO - N/A - No sentiment history found for person Karsten Haustein in chunk 28, generating new.
2025-05-25 02:09:02 - person_summary            - ERROR - N/A - Error in refinement process: 'max_length'. Falling back to truncation.
2025-05-25 02:09:02 - person_summary            - INFO - 35.845s - Successfully got comment
2025-05-25 02:09:02 - person_summary            - INFO - 35.846s - Chunk 29 processed successfully. Processed 1 person events.
2025-05-25 02:09:02 - opinion_scoring           - INFO - N/A - (Stage 3) Opinion scoring for chunk 29 started
2025-05-25 02:09:08 - sentiment_analysis        - WARNING - N/A - Error while parsing response as float: could not convert string to float: 'I\'m ready to analyze the text. However, I don\'t see any text provided. Please provide the text related to the topic "Green energy", and I\'ll be happy to assist you in calculating the sentiment score.'
2025-05-25 02:09:08 - sentiment_analysis        - WARNING - 119.537s - Retry 2/3 due to invalid output: could not convert string to float: 'I\'m ready to analyze the text. However, I don\'t see any text provided. Please provide the text related to the topic "Green energy", and I\'ll be happy to assist you in calculating the sentiment score.'
2025-05-25 02:09:08 - sentiment_analysis        - ERROR - 119.537s - Skipping analysis after 3 retries.
2025-05-25 02:09:08 - sentiment_analysis        - WARNING - N/A - Failed to get sentiment score for person_event 1.
2025-05-25 02:09:08 - sentiment_analysis        - INFO - 119.537s - Chunk 35 processed successfully. Processed 1 person events.
2025-05-25 02:09:08 - inconsistency_detection   - INFO - N/A - (Stage 2) Inconsistency analysis for chunk 35 started
2025-05-25 02:09:08 - inconsistency_detection   - INFO - 0.011s - Chunk 35 processed successfully. Processed 1 person events.
2025-05-25 02:09:08 - person_summary            - INFO - N/A - (Stage 2.1) Person attitude analysis for chunk 35 started
2025-05-25 02:09:08 - person_summary            - ERROR - N/A - Missing sentiment score for person_event 1 in chunk 35.
2025-05-25 02:09:08 - person_summary            - ERROR - N/A - Error processing person_event 1 for chunk 35: Missing sentiment score for person_event 1 in chunk 35.
2025-05-25 02:09:08 - person_summary            - INFO - 0.001s - Chunk 35 processed successfully. Processed 2 person events.
2025-05-25 02:09:08 - opinion_scoring           - INFO - N/A - (Stage 3) Opinion scoring for chunk 35 started
2025-05-25 02:09:14 - opinion_scoring           - INFO - 31.172s - Successfully calculated opinion scores
2025-05-25 02:09:14 - opinion_scoring           - INFO - 31.172s - Chunk 34 processed successfully. Processed 1 person events.
2025-05-25 02:09:14 - write_node                - INFO - N/A - (Stage 3) Scores without inconsistency case
2025-05-25 02:09:14 - write_node                - INFO - N/A - (Stage 2.1) Summary/attitude full case
2025-05-25 02:09:14 - write_node                - ERROR - N/A - Error processing person event: add_attitude_full() got an unexpected keyword argument 'is_expert_flag'
2025-05-25 02:09:14 - write_node                - INFO - N/A - Chunk 34 marked as processed
2025-05-25 02:09:14 - event_classifier          - INFO - N/A - (Stage 0) Processing chunk 27 started
2025-05-25 02:09:26 - person_summary            - ERROR - N/A - Error in refinement process: 'max_length'. Falling back to truncation.
2025-05-25 02:09:26 - person_summary            - INFO - 34.143s - Successfully got comment
2025-05-25 02:09:26 - person_summary            - INFO - 34.143s - Chunk 28 processed successfully. Processed 1 person events.
2025-05-25 02:09:26 - opinion_scoring           - INFO - N/A - (Stage 3) Opinion scoring for chunk 28 started
2025-05-25 02:09:31 - opinion_scoring           - INFO - 28.740s - Successfully calculated opinion scores
2025-05-25 02:09:31 - opinion_scoring           - INFO - 28.740s - Chunk 29 processed successfully. Processed 1 person events.
2025-05-25 02:09:31 - write_node                - INFO - N/A - (Stage 3) Scores without inconsistency case
2025-05-25 02:09:31 - write_node                - INFO - N/A - (Stage 2.1) Summary/attitude full case
2025-05-25 02:09:31 - write_node                - ERROR - N/A - Error processing person event: add_attitude_full() got an unexpected keyword argument 'is_expert_flag'
2025-05-25 02:09:31 - write_node                - INFO - N/A - Chunk 29 marked as processed
2025-05-25 02:09:32 - event_classifier          - INFO - N/A - (Stage 0) Processing chunk 26 started
2025-05-25 02:09:35 - opinion_scoring           - INFO - 27.058s - Successfully calculated opinion scores
2025-05-25 02:09:35 - opinion_scoring           - INFO - 27.058s - Chunk 35 processed successfully. Processed 1 person events.
2025-05-25 02:09:35 - write_node                - INFO - N/A - (Stage 0) No sentiment case
2025-05-25 02:09:35 - write_node                - INFO - N/A - Chunk 35 marked as processed
2025-05-25 02:09:36 - event_classifier          - INFO - N/A - (Stage 0) Processing chunk 25 started
2025-05-25 02:09:49 - event_classifier          - INFO - 34.402s - Chunk 27 processed, (1) general events, (1) opinions.
2025-05-25 02:09:49 - event_scoring             - INFO - N/A - (Stage 1) Event scoring for chunk 27 started
2025-05-25 02:09:49 - sentiment_analysis        - INFO - N/A - (Stage 1) Sentiment analysis for chunk 27 started
2025-05-25 02:09:54 - opinion_scoring           - INFO - 28.732s - Successfully calculated opinion scores
2025-05-25 02:09:54 - opinion_scoring           - INFO - 28.732s - Chunk 28 processed successfully. Processed 1 person events.
2025-05-25 02:09:55 - write_node                - INFO - N/A - (Stage 3) Scores without inconsistency case
2025-05-25 02:09:55 - write_node                - ERROR - N/A - Opinion scores not saved correctly for ID 107: hotness: expected 0.6100000000000001, got 0.61
2025-05-25 02:09:55 - write_node                - INFO - N/A - (Stage 2.1) Summary/attitude full case
2025-05-25 02:09:55 - write_node                - ERROR - N/A - Error processing person event: add_attitude_full() got an unexpected keyword argument 'is_expert_flag'
2025-05-25 02:09:55 - write_node                - INFO - N/A - Chunk 28 marked as processed
2025-05-25 02:09:55 - event_classifier          - INFO - N/A - (Stage 0) Processing chunk 24 started
2025-05-25 02:10:07 - event_classifier          - INFO - 35.066s - Chunk 26 processed, (1) general events, (1) opinions.
2025-05-25 02:10:07 - event_scoring             - INFO - N/A - (Stage 1) Event scoring for chunk 26 started
2025-05-25 02:10:07 - sentiment_analysis        - INFO - N/A - (Stage 1) Sentiment analysis for chunk 26 started
2025-05-25 02:10:17 - event_classifier          - INFO - 40.750s - Chunk 25 processed, (1) general events, (1) opinions.
2025-05-25 02:10:17 - event_scoring             - INFO - N/A - (Stage 1) Event scoring for chunk 25 started
2025-05-25 02:10:17 - sentiment_analysis        - INFO - N/A - (Stage 1) Sentiment analysis for chunk 25 started
2025-05-25 02:10:24 - event_scoring             - INFO - 35.055s - Successfully calculated event scores
2025-05-25 02:10:24 - event_scoring             - INFO - 35.056s - Chunk 27 processed successfully. Processed 1 general events.
2025-05-25 02:10:25 - sentiment_analysis        - INFO - 36.545s - Successfully got sentiment score
2025-05-25 02:10:25 - sentiment_analysis        - INFO - 36.546s - Chunk 27 processed successfully. Processed 1 person events.
2025-05-25 02:10:25 - inconsistency_detection   - INFO - N/A - (Stage 2) Inconsistency analysis for chunk 27 started
2025-05-25 02:10:25 - inconsistency_detection   - INFO - 0.013s - Chunk 27 processed successfully. Processed 1 person events.
2025-05-25 02:10:25 - person_summary            - INFO - N/A - (Stage 2.1) Person attitude analysis for chunk 27 started
2025-05-25 02:10:25 - person_summary            - INFO - N/A - Missing person ID for person_event 1 in chunk 27.
2025-05-25 02:10:25 - person_summary            - INFO - N/A - No sentiment history found for person Olly Bartlett in chunk 27, generating new.
2025-05-25 02:10:36 - event_classifier          - INFO - 41.213s - Chunk 24 processed, (1) general events, (1) opinions.
2025-05-25 02:10:36 - event_scoring             - INFO - N/A - (Stage 1) Event scoring for chunk 24 started
2025-05-25 02:10:36 - sentiment_analysis        - INFO - N/A - (Stage 1) Sentiment analysis for chunk 24 started
2025-05-25 02:10:44 - event_scoring             - INFO - 37.088s - Successfully calculated event scores
2025-05-25 02:10:44 - event_scoring             - INFO - 37.088s - Chunk 26 processed successfully. Processed 1 general events.
2025-05-25 02:10:46 - sentiment_analysis        - INFO - 38.574s - Successfully got sentiment score
2025-05-25 02:10:46 - sentiment_analysis        - INFO - 38.574s - Chunk 26 processed successfully. Processed 1 person events.
2025-05-25 02:10:46 - inconsistency_detection   - INFO - N/A - (Stage 2) Inconsistency analysis for chunk 26 started
2025-05-25 02:10:46 - inconsistency_detection   - INFO - 0.012s - Chunk 26 processed successfully. Processed 1 person events.
2025-05-25 02:10:46 - person_summary            - INFO - N/A - (Stage 2.1) Person attitude analysis for chunk 26 started
2025-05-25 02:10:46 - person_summary            - INFO - N/A - Missing person ID for person_event 1 in chunk 26.
2025-05-25 02:10:46 - person_summary            - INFO - N/A - No sentiment history found for person Thomas Roland in chunk 26, generating new.
2025-05-25 02:10:51 - event_scoring             - INFO - 34.706s - Successfully calculated event scores
2025-05-25 02:10:51 - event_scoring             - INFO - 34.707s - Chunk 25 processed successfully. Processed 1 general events.
2025-05-25 02:10:53 - sentiment_analysis        - INFO - 36.152s - Successfully got sentiment score
2025-05-25 02:10:53 - sentiment_analysis        - INFO - 36.152s - Chunk 25 processed successfully. Processed 1 person events.
2025-05-25 02:10:53 - inconsistency_detection   - INFO - N/A - (Stage 2) Inconsistency analysis for chunk 25 started
2025-05-25 02:10:53 - inconsistency_detection   - INFO - 0.011s - Chunk 25 processed successfully. Processed 1 person events.
2025-05-25 02:10:53 - person_summary            - INFO - N/A - (Stage 2.1) Person attitude analysis for chunk 25 started
2025-05-25 02:10:53 - person_summary            - INFO - N/A - Missing person ID for person_event 1 in chunk 25.
2025-05-25 02:10:53 - person_summary            - INFO - N/A - No sentiment history found for person Shapiro in chunk 25, generating new.
2025-05-25 02:11:03 - person_summary            - ERROR - N/A - Error in refinement process: 'max_length'. Falling back to truncation.
2025-05-25 02:11:03 - person_summary            - INFO - 37.641s - Successfully got comment
2025-05-25 02:11:03 - person_summary            - INFO - 37.641s - Chunk 27 processed successfully. Processed 1 person events.
2025-05-25 02:11:03 - opinion_scoring           - INFO - N/A - (Stage 3) Opinion scoring for chunk 27 started
2025-05-25 02:11:11 - event_scoring             - INFO - 34.424s - Successfully calculated event scores
2025-05-25 02:11:11 - event_scoring             - INFO - 34.424s - Chunk 24 processed successfully. Processed 1 general events.
2025-05-25 02:11:12 - sentiment_analysis        - INFO - 35.622s - Successfully got sentiment score
2025-05-25 02:11:12 - sentiment_analysis        - INFO - 35.622s - Chunk 24 processed successfully. Processed 1 person events.
2025-05-25 02:11:12 - inconsistency_detection   - INFO - N/A - (Stage 2) Inconsistency analysis for chunk 24 started
2025-05-25 02:11:12 - inconsistency_detection   - INFO - 0.011s - Chunk 24 processed successfully. Processed 1 person events.
2025-05-25 02:11:12 - person_summary            - INFO - N/A - (Stage 2.1) Person attitude analysis for chunk 24 started
2025-05-25 02:11:12 - person_summary            - INFO - N/A - Missing person ID for person_event 1 in chunk 24.
2025-05-25 02:11:12 - person_summary            - INFO - N/A - No sentiment history found for person Ben King in chunk 24, generating new.
2025-05-25 02:11:21 - person_summary            - INFO - 35.733s - Successfully got comment
2025-05-25 02:11:21 - person_summary            - INFO - 35.734s - Chunk 26 processed successfully. Processed 1 person events.
2025-05-25 02:11:21 - opinion_scoring           - INFO - N/A - (Stage 3) Opinion scoring for chunk 26 started
2025-05-25 02:11:27 - person_summary            - INFO - 34.703s - Successfully got comment
2025-05-25 02:11:27 - person_summary            - INFO - 34.704s - Chunk 25 processed successfully. Processed 1 person events.
2025-05-25 02:11:27 - opinion_scoring           - INFO - N/A - (Stage 3) Opinion scoring for chunk 25 started
2025-05-25 02:11:33 - opinion_scoring           - INFO - 29.970s - Successfully calculated opinion scores
2025-05-25 02:11:33 - opinion_scoring           - INFO - 29.970s - Chunk 27 processed successfully. Processed 1 person events.
2025-05-25 02:11:33 - write_node                - INFO - N/A - (Stage 3) Scores without inconsistency case
2025-05-25 02:11:33 - write_node                - INFO - N/A - (Stage 2.1) Summary/attitude full case
2025-05-25 02:11:33 - write_node                - ERROR - N/A - Error processing person event: add_attitude_full() got an unexpected keyword argument 'is_expert_flag'
2025-05-25 02:11:33 - write_node                - INFO - N/A - Chunk 27 marked as processed
2025-05-25 02:11:34 - event_classifier          - INFO - N/A - (Stage 0) Processing chunk 22 started
2025-05-25 02:11:44 - person_summary            - ERROR - N/A - Error in refinement process: 'max_length'. Falling back to truncation.
2025-05-25 02:11:44 - person_summary            - INFO - 32.410s - Successfully got comment
2025-05-25 02:11:44 - person_summary            - INFO - 32.410s - Chunk 24 processed successfully. Processed 1 person events.
2025-05-25 02:11:44 - opinion_scoring           - INFO - N/A - (Stage 3) Opinion scoring for chunk 24 started
2025-05-25 02:11:50 - opinion_scoring           - INFO - 28.643s - Successfully calculated opinion scores
2025-05-25 02:11:50 - opinion_scoring           - INFO - 28.643s - Chunk 26 processed successfully. Processed 1 person events.
2025-05-25 02:11:50 - write_node                - INFO - N/A - (Stage 3) Scores without inconsistency case
2025-05-25 02:11:50 - write_node                - ERROR - N/A - Opinion scores not saved correctly for ID 109: hotness: expected 0.7450000000000001, got 0.745
2025-05-25 02:11:50 - write_node                - INFO - N/A - (Stage 2.1) Summary/attitude full case
2025-05-25 02:11:50 - write_node                - ERROR - N/A - Error processing person event: add_attitude_full() got an unexpected keyword argument 'is_expert_flag'
2025-05-25 02:11:50 - write_node                - INFO - N/A - Chunk 26 marked as processed
2025-05-25 02:11:51 - event_classifier          - INFO - N/A - (Stage 0) Processing chunk 21 started
2025-05-25 02:11:54 - opinion_scoring           - INFO - 26.795s - Successfully calculated opinion scores
2025-05-25 02:11:54 - opinion_scoring           - INFO - 26.795s - Chunk 25 processed successfully. Processed 1 person events.
2025-05-25 02:11:54 - write_node                - INFO - N/A - (Stage 3) Scores without inconsistency case
2025-05-25 02:11:54 - write_node                - INFO - N/A - (Stage 2.1) Summary/attitude full case
2025-05-25 02:11:54 - write_node                - ERROR - N/A - Error processing person event: add_attitude_full() got an unexpected keyword argument 'is_expert_flag'
2025-05-25 02:11:54 - write_node                - INFO - N/A - Chunk 25 marked as processed
2025-05-25 02:11:55 - event_classifier          - INFO - N/A - (Stage 0) Processing chunk 20 started
2025-05-25 02:12:05 - event_classifier          - INFO - 31.317s - Chunk 22 processed, (1) general events, (1) opinions.
2025-05-25 02:12:05 - event_scoring             - INFO - N/A - (Stage 1) Event scoring for chunk 22 started
2025-05-25 02:12:05 - sentiment_analysis        - INFO - N/A - (Stage 1) Sentiment analysis for chunk 22 started
2025-05-25 02:12:11 - opinion_scoring           - INFO - 26.249s - Successfully calculated opinion scores
2025-05-25 02:12:11 - opinion_scoring           - INFO - 26.249s - Chunk 24 processed successfully. Processed 1 person events.
2025-05-25 02:12:11 - write_node                - INFO - N/A - (Stage 3) Scores without inconsistency case
2025-05-25 02:12:11 - write_node                - INFO - N/A - (Stage 2.1) Summary/attitude full case
2025-05-25 02:12:11 - write_node                - ERROR - N/A - Error processing person event: add_attitude_full() got an unexpected keyword argument 'is_expert_flag'
2025-05-25 02:12:11 - write_node                - INFO - N/A - Chunk 24 marked as processed
2025-05-25 02:12:11 - event_classifier          - INFO - N/A - (Stage 0) Processing chunk 19 started
2025-05-25 02:12:25 - event_classifier          - INFO - 34.527s - Chunk 21 processed, (1) general events, (1) opinions.
2025-05-25 02:12:25 - event_scoring             - INFO - N/A - (Stage 1) Event scoring for chunk 21 started
2025-05-25 02:12:25 - sentiment_analysis        - INFO - N/A - (Stage 1) Sentiment analysis for chunk 21 started
2025-05-25 02:12:37 - event_classifier          - INFO - 42.362s - Chunk 20 processed, (1) general events, (1) opinions.
2025-05-25 02:12:37 - event_scoring             - INFO - N/A - (Stage 1) Event scoring for chunk 20 started
2025-05-25 02:12:37 - sentiment_analysis        - INFO - N/A - (Stage 1) Sentiment analysis for chunk 20 started
2025-05-25 02:12:45 - event_scoring             - INFO - 40.247s - Successfully calculated event scores
2025-05-25 02:12:45 - event_scoring             - INFO - 40.247s - Chunk 22 processed successfully. Processed 1 general events.
2025-05-25 02:12:46 - sentiment_analysis        - INFO - 41.422s - Successfully got sentiment score
2025-05-25 02:12:46 - sentiment_analysis        - INFO - 41.422s - Chunk 22 processed successfully. Processed 1 person events.
2025-05-25 02:12:46 - inconsistency_detection   - INFO - N/A - (Stage 2) Inconsistency analysis for chunk 22 started
2025-05-25 02:12:46 - inconsistency_detection   - INFO - 0.013s - Chunk 22 processed successfully. Processed 1 person events.
2025-05-25 02:12:46 - person_summary            - INFO - N/A - (Stage 2.1) Person attitude analysis for chunk 22 started
2025-05-25 02:12:46 - person_summary            - INFO - N/A - Missing person ID for person_event 1 in chunk 22.
2025-05-25 02:12:46 - person_summary            - INFO - N/A - No sentiment history found for person Jason Walsh in chunk 22, generating new.
2025-05-25 02:13:01 - event_classifier          - INFO - 49.299s - Chunk 19 processed, (1) general events, (1) opinions.
2025-05-25 02:13:01 - event_scoring             - INFO - N/A - (Stage 1) Event scoring for chunk 19 started
2025-05-25 02:13:01 - sentiment_analysis        - INFO - N/A - (Stage 1) Sentiment analysis for chunk 19 started
2025-05-25 02:13:08 - event_scoring             - INFO - 43.141s - Successfully calculated event scores
2025-05-25 02:13:08 - event_scoring             - INFO - 43.142s - Chunk 21 processed successfully. Processed 1 general events.
2025-05-25 02:13:10 - sentiment_analysis        - INFO - 44.622s - Successfully got sentiment score
2025-05-25 02:13:10 - sentiment_analysis        - INFO - 44.622s - Chunk 21 processed successfully. Processed 1 person events.
2025-05-25 02:13:10 - inconsistency_detection   - INFO - N/A - (Stage 2) Inconsistency analysis for chunk 21 started
2025-05-25 02:13:10 - inconsistency_detection   - INFO - 0.010s - Chunk 21 processed successfully. Processed 1 person events.
2025-05-25 02:13:10 - person_summary            - INFO - N/A - (Stage 2.1) Person attitude analysis for chunk 21 started
2025-05-25 02:13:10 - person_summary            - INFO - N/A - Missing person ID for person_event 1 in chunk 21.
2025-05-25 02:13:10 - person_summary            - INFO - N/A - No sentiment history found for person Lee Zeldin in chunk 21, generating new.
2025-05-25 02:13:17 - event_scoring             - INFO - 40.138s - Successfully calculated event scores
2025-05-25 02:13:17 - event_scoring             - INFO - 40.138s - Chunk 20 processed successfully. Processed 1 general events.
2025-05-25 02:13:19 - sentiment_analysis        - INFO - 41.634s - Successfully got sentiment score
2025-05-25 02:13:19 - sentiment_analysis        - INFO - 41.635s - Chunk 20 processed successfully. Processed 1 person events.
2025-05-25 02:13:19 - inconsistency_detection   - INFO - N/A - (Stage 2) Inconsistency analysis for chunk 20 started
2025-05-25 02:13:19 - inconsistency_detection   - INFO - 0.010s - Chunk 20 processed successfully. Processed 1 person events.
2025-05-25 02:13:19 - person_summary            - INFO - N/A - (Stage 2.1) Person attitude analysis for chunk 20 started
2025-05-25 02:13:19 - person_summary            - INFO - N/A - Missing person ID for person_event 1 in chunk 20.
2025-05-25 02:13:19 - person_summary            - INFO - N/A - No sentiment history found for person Chris Wright in chunk 20, generating new.
2025-05-25 02:13:26 - person_summary            - INFO - 39.866s - Successfully got comment
2025-05-25 02:13:26 - person_summary            - INFO - 39.867s - Chunk 22 processed successfully. Processed 1 person events.
2025-05-25 02:13:26 - opinion_scoring           - INFO - N/A - (Stage 3) Opinion scoring for chunk 22 started
2025-05-25 02:13:35 - event_scoring             - INFO - 33.966s - Successfully calculated event scores
2025-05-25 02:13:35 - event_scoring             - INFO - 33.966s - Chunk 19 processed successfully. Processed 1 general events.
2025-05-25 02:13:36 - sentiment_analysis        - INFO - 35.463s - Successfully got sentiment score
2025-05-25 02:13:36 - sentiment_analysis        - INFO - 35.463s - Chunk 19 processed successfully. Processed 1 person events.
2025-05-25 02:13:36 - inconsistency_detection   - INFO - N/A - (Stage 2) Inconsistency analysis for chunk 19 started
2025-05-25 02:13:36 - inconsistency_detection   - INFO - 0.012s - Chunk 19 processed successfully. Processed 1 person events.
2025-05-25 02:13:36 - person_summary            - INFO - N/A - (Stage 2.1) Person attitude analysis for chunk 19 started
2025-05-25 02:13:36 - person_summary            - INFO - N/A - Missing person ID for person_event 1 in chunk 19.
2025-05-25 02:13:36 - person_summary            - INFO - N/A - No sentiment history found for person Kamala Harris in chunk 19, generating new.
2025-05-25 02:13:46 - person_summary            - ERROR - N/A - Error in refinement process: 'max_length'. Falling back to truncation.
2025-05-25 02:13:46 - person_summary            - INFO - 36.519s - Successfully got comment
2025-05-25 02:13:46 - person_summary            - INFO - 36.520s - Chunk 21 processed successfully. Processed 1 person events.
2025-05-25 02:13:46 - opinion_scoring           - INFO - N/A - (Stage 3) Opinion scoring for chunk 21 started
2025-05-25 02:13:55 - person_summary            - INFO - 35.765s - Successfully got comment
2025-05-25 02:13:55 - person_summary            - INFO - 35.765s - Chunk 20 processed successfully. Processed 1 person events.
2025-05-25 02:13:55 - opinion_scoring           - INFO - N/A - (Stage 3) Opinion scoring for chunk 20 started
2025-05-25 02:14:00 - opinion_scoring           - INFO - 33.650s - Successfully calculated opinion scores
2025-05-25 02:14:00 - opinion_scoring           - INFO - 33.650s - Chunk 22 processed successfully. Processed 1 person events.
2025-05-25 02:14:00 - write_node                - INFO - N/A - (Stage 3) Scores without inconsistency case
2025-05-25 02:14:00 - write_node                - INFO - N/A - (Stage 2.1) Summary/attitude full case
2025-05-25 02:14:00 - write_node                - ERROR - N/A - Error processing person event: add_attitude_full() got an unexpected keyword argument 'is_expert_flag'
2025-05-25 02:14:00 - write_node                - INFO - N/A - Chunk 22 marked as processed
2025-05-25 02:14:01 - event_classifier          - INFO - N/A - (Stage 0) Processing chunk 18 started
2025-05-25 02:14:09 - person_summary            - INFO - 33.190s - Successfully got comment
2025-05-25 02:14:09 - person_summary            - INFO - 33.190s - Chunk 19 processed successfully. Processed 1 person events.
2025-05-25 02:14:09 - opinion_scoring           - INFO - N/A - (Stage 3) Opinion scoring for chunk 19 started
2025-05-25 02:14:15 - opinion_scoring           - INFO - 28.522s - Successfully calculated opinion scores
2025-05-25 02:14:15 - opinion_scoring           - INFO - 28.522s - Chunk 21 processed successfully. Processed 1 person events.
2025-05-25 02:14:15 - write_node                - INFO - N/A - (Stage 3) Scores without inconsistency case
2025-05-25 02:14:15 - write_node                - ERROR - N/A - Opinion scores not saved correctly for ID 113: hotness: expected 0.8049999999999999, got 0.805
2025-05-25 02:14:15 - write_node                - INFO - N/A - (Stage 2.1) Summary/attitude full case
2025-05-25 02:14:15 - write_node                - ERROR - N/A - Error processing person event: add_attitude_full() got an unexpected keyword argument 'is_expert_flag'
2025-05-25 02:14:15 - write_node                - INFO - N/A - Chunk 21 marked as processed
2025-05-25 02:14:16 - event_classifier          - INFO - N/A - (Stage 0) Processing chunk 17 started
2025-05-25 02:14:19 - opinion_scoring           - INFO - 24.350s - Successfully calculated opinion scores
2025-05-25 02:14:19 - opinion_scoring           - INFO - 24.351s - Chunk 20 processed successfully. Processed 1 person events.
2025-05-25 02:14:19 - write_node                - INFO - N/A - (Stage 3) Scores without inconsistency case
2025-05-25 02:14:19 - write_node                - ERROR - N/A - Opinion scores not saved correctly for ID 114: hotness: expected 0.9500000000000001, got 0.95
2025-05-25 02:14:19 - write_node                - INFO - N/A - (Stage 2.1) Summary/attitude full case
2025-05-25 02:14:19 - write_node                - ERROR - N/A - Error processing person event: add_attitude_full() got an unexpected keyword argument 'is_expert_flag'
2025-05-25 02:14:19 - write_node                - INFO - N/A - Chunk 20 marked as processed
2025-05-25 02:14:20 - event_classifier          - INFO - N/A - (Stage 0) Processing chunk 23 started
2025-05-25 02:14:31 - event_classifier          - INFO - 30.751s - Chunk 18 processed, (1) general events, (1) opinions.
2025-05-25 02:14:31 - event_scoring             - INFO - N/A - (Stage 1) Event scoring for chunk 18 started
2025-05-25 02:14:31 - sentiment_analysis        - INFO - N/A - (Stage 1) Sentiment analysis for chunk 18 started
2025-05-25 02:14:37 - opinion_scoring           - INFO - 27.993s - Successfully calculated opinion scores
2025-05-25 02:14:37 - opinion_scoring           - INFO - 27.993s - Chunk 19 processed successfully. Processed 1 person events.
2025-05-25 02:14:37 - write_node                - ERROR - N/A - Event scores not saved correctly: Expected 0.8, 0.9, 0.4, 0.7100000000000001 but got 0.8, 0.9, 0.4, 0.71
2025-05-25 02:14:37 - write_node                - INFO - N/A - (Stage 3) Scores without inconsistency case
2025-05-25 02:14:37 - write_node                - INFO - N/A - (Stage 2.1) Summary/attitude full case
2025-05-25 02:14:37 - write_node                - ERROR - N/A - Error processing person event: add_attitude_full() got an unexpected keyword argument 'is_expert_flag'
2025-05-25 02:14:37 - write_node                - INFO - N/A - Chunk 19 marked as processed
2025-05-25 02:14:38 - event_classifier          - INFO - N/A - (Stage 0) Processing chunk 16 started
2025-05-25 02:14:47 - event_classifier          - INFO - 31.635s - Chunk 17 processed, (1) general events, (1) opinions.
2025-05-25 02:14:47 - event_scoring             - INFO - N/A - (Stage 1) Event scoring for chunk 17 started
2025-05-25 02:14:47 - sentiment_analysis        - INFO - N/A - (Stage 1) Sentiment analysis for chunk 17 started
2025-05-25 02:14:58 - event_classifier          - INFO - 37.860s - Chunk 23 processed, (1) general events, (1) opinions.
2025-05-25 02:14:58 - event_scoring             - INFO - N/A - (Stage 1) Event scoring for chunk 23 started
2025-05-25 02:14:58 - sentiment_analysis        - INFO - N/A - (Stage 1) Sentiment analysis for chunk 23 started
2025-05-25 02:15:05 - event_scoring             - INFO - 34.010s - Successfully calculated event scores
2025-05-25 02:15:05 - event_scoring             - INFO - 34.011s - Chunk 18 processed successfully. Processed 1 general events.
2025-05-25 02:15:07 - sentiment_analysis        - INFO - 35.204s - Successfully got sentiment score
2025-05-25 02:15:07 - sentiment_analysis        - INFO - 35.204s - Chunk 18 processed successfully. Processed 1 person events.
2025-05-25 02:15:07 - inconsistency_detection   - INFO - N/A - (Stage 2) Inconsistency analysis for chunk 18 started
2025-05-25 02:15:07 - inconsistency_detection   - INFO - 0.027s - Chunk 18 processed successfully. Processed 1 person events.
2025-05-25 02:15:07 - person_summary            - INFO - N/A - (Stage 2.1) Person attitude analysis for chunk 18 started
2025-05-25 02:15:07 - person_summary            - INFO - N/A - Sentiment history found for person Lori Lodes in chunk 18.
2025-05-25 02:15:20 - event_classifier          - INFO - 42.312s - Chunk 16 processed, (1) general events, (1) opinions.
2025-05-25 02:15:20 - event_scoring             - INFO - N/A - (Stage 1) Event scoring for chunk 16 started
2025-05-25 02:15:20 - sentiment_analysis        - INFO - N/A - (Stage 1) Sentiment analysis for chunk 16 started
2025-05-25 02:15:27 - event_scoring             - INFO - 39.785s - Successfully calculated event scores
2025-05-25 02:15:27 - event_scoring             - INFO - 39.785s - Chunk 17 processed successfully. Processed 1 general events.
2025-05-25 02:15:28 - sentiment_analysis        - INFO - 40.993s - Successfully got sentiment score
2025-05-25 02:15:28 - sentiment_analysis        - INFO - 40.993s - Chunk 17 processed successfully. Processed 1 person events.
2025-05-25 02:15:28 - inconsistency_detection   - INFO - N/A - (Stage 2) Inconsistency analysis for chunk 17 started
2025-05-25 02:15:28 - inconsistency_detection   - INFO - 0.011s - Chunk 17 processed successfully. Processed 1 person events.
2025-05-25 02:15:28 - person_summary            - INFO - N/A - (Stage 2.1) Person attitude analysis for chunk 17 started
2025-05-25 02:15:28 - person_summary            - INFO - N/A - Missing person ID for person_event 1 in chunk 17.
2025-05-25 02:15:28 - person_summary            - INFO - N/A - No sentiment history found for person Donald Trump in chunk 17, generating new.
2025-05-25 02:15:36 - event_scoring             - INFO - 37.975s - Successfully calculated event scores
2025-05-25 02:15:36 - event_scoring             - INFO - 37.975s - Chunk 23 processed successfully. Processed 1 general events.
2025-05-25 02:15:37 - sentiment_analysis        - INFO - 38.901s - Successfully got sentiment score
2025-05-25 02:15:37 - sentiment_analysis        - INFO - 38.901s - Chunk 23 processed successfully. Processed 1 person events.
2025-05-25 02:15:37 - inconsistency_detection   - INFO - N/A - (Stage 2) Inconsistency analysis for chunk 23 started
2025-05-25 02:15:37 - inconsistency_detection   - INFO - 0.012s - Chunk 23 processed successfully. Processed 1 person events.
2025-05-25 02:15:37 - person_summary            - INFO - N/A - (Stage 2.1) Person attitude analysis for chunk 23 started
2025-05-25 02:15:37 - person_summary            - INFO - N/A - Missing person ID for person_event 1 in chunk 23.
2025-05-25 02:15:37 - person_summary            - INFO - N/A - No sentiment history found for person Joseph Shapiro in chunk 23, generating new.
2025-05-25 02:15:49 - person_summary            - ERROR - N/A - Error in refinement process: 'max_length'. Falling back to truncation.
2025-05-25 02:15:49 - person_summary            - INFO - 42.485s - Successfully got comment
2025-05-25 02:15:49 - person_summary            - INFO - 42.516s - Chunk 18 processed successfully. Processed 1 person events.
2025-05-25 02:15:49 - opinion_scoring           - INFO - N/A - (Stage 3) Opinion scoring for chunk 18 started
2025-05-25 02:15:57 - event_scoring             - INFO - 36.774s - Successfully calculated event scores
2025-05-25 02:15:57 - event_scoring             - INFO - 36.774s - Chunk 16 processed successfully. Processed 1 general events.
2025-05-25 02:15:59 - sentiment_analysis        - INFO - 38.259s - Successfully got sentiment score
2025-05-25 02:15:59 - sentiment_analysis        - INFO - 38.259s - Chunk 16 processed successfully. Processed 1 person events.
2025-05-25 02:15:59 - inconsistency_detection   - INFO - N/A - (Stage 2) Inconsistency analysis for chunk 16 started
2025-05-25 02:15:59 - inconsistency_detection   - INFO - 0.012s - Chunk 16 processed successfully. Processed 1 person events.
2025-05-25 02:15:59 - person_summary            - INFO - N/A - (Stage 2.1) Person attitude analysis for chunk 16 started
2025-05-25 02:15:59 - person_summary            - INFO - N/A - Missing person ID for person_event 1 in chunk 16.
2025-05-25 02:15:59 - person_summary            - INFO - N/A - No sentiment history found for person Martin in chunk 16, generating new.
2025-05-25 02:16:08 - person_summary            - ERROR - N/A - Error in refinement process: 'max_length'. Falling back to truncation.
2025-05-25 02:16:08 - person_summary            - INFO - 39.812s - Successfully got comment
2025-05-25 02:16:08 - person_summary            - INFO - 39.812s - Chunk 17 processed successfully. Processed 1 person events.
2025-05-25 02:16:08 - opinion_scoring           - INFO - N/A - (Stage 3) Opinion scoring for chunk 17 started
2025-05-25 02:16:16 - person_summary            - INFO - 39.048s - Successfully got comment
2025-05-25 02:16:16 - person_summary            - INFO - 39.048s - Chunk 23 processed successfully. Processed 1 person events.
2025-05-25 02:16:16 - opinion_scoring           - INFO - N/A - (Stage 3) Opinion scoring for chunk 23 started
2025-05-25 02:16:22 - opinion_scoring           - INFO - 32.401s - Successfully calculated opinion scores
2025-05-25 02:16:22 - opinion_scoring           - INFO - 32.402s - Chunk 18 processed successfully. Processed 1 person events.
2025-05-25 02:16:22 - write_node                - INFO - N/A - (Stage 3) Scored case
2025-05-25 02:16:22 - write_node                - INFO - N/A - (Stage 2.1) Summary/attitude full case
2025-05-25 02:16:22 - write_node                - ERROR - N/A - Error processing person event: add_attitude_full() got an unexpected keyword argument 'is_expert_flag'
2025-05-25 02:16:22 - write_node                - INFO - N/A - Chunk 18 marked as processed
2025-05-25 02:16:22 - event_classifier          - INFO - N/A - (Stage 0) Processing chunk 15 started
2025-05-25 02:16:31 - person_summary            - INFO - 32.308s - Successfully got comment
2025-05-25 02:16:31 - person_summary            - INFO - 32.309s - Chunk 16 processed successfully. Processed 1 person events.
2025-05-25 02:16:31 - opinion_scoring           - INFO - N/A - (Stage 3) Opinion scoring for chunk 16 started
2025-05-25 02:16:37 - opinion_scoring           - INFO - 28.672s - Successfully calculated opinion scores
2025-05-25 02:16:37 - opinion_scoring           - INFO - 28.672s - Chunk 17 processed successfully. Processed 1 person events.
2025-05-25 02:16:37 - write_node                - ERROR - N/A - Event scores not saved correctly: Expected 0.8, 1.0, 0.5, 0.7949999999999999 but got 0.8, 1.0, 0.5, 0.795
2025-05-25 02:16:37 - write_node                - INFO - N/A - (Stage 3) Scores without inconsistency case
2025-05-25 02:16:37 - write_node                - INFO - N/A - (Stage 2.1) Summary/attitude full case
2025-05-25 02:16:37 - write_node                - ERROR - N/A - Error processing person event: add_attitude_full() got an unexpected keyword argument 'is_expert_flag'
2025-05-25 02:16:37 - write_node                - INFO - N/A - Chunk 17 marked as processed
2025-05-25 02:16:37 - event_classifier          - INFO - N/A - (Stage 0) Processing chunk 14 started
2025-05-25 02:16:41 - opinion_scoring           - INFO - 24.925s - Successfully calculated opinion scores
2025-05-25 02:16:41 - opinion_scoring           - INFO - 24.925s - Chunk 23 processed successfully. Processed 1 person events.
2025-05-25 02:16:41 - write_node                - ERROR - N/A - Event scores not saved correctly: Expected 0.3, 0.2, 0.1, 0.18000000000000002 but got 0.3, 0.2, 0.1, 0.18
2025-05-25 02:16:41 - write_node                - INFO - N/A - (Stage 3) Scores without inconsistency case
2025-05-25 02:16:41 - write_node                - ERROR - N/A - Opinion scores not saved correctly for ID 118: hotness: expected 0.5249999999999999, got 0.525
2025-05-25 02:16:41 - write_node                - INFO - N/A - (Stage 2.1) Summary/attitude full case
2025-05-25 02:16:41 - write_node                - ERROR - N/A - Error processing person event: add_attitude_full() got an unexpected keyword argument 'is_expert_flag'
2025-05-25 02:16:41 - write_node                - INFO - N/A - Chunk 23 marked as processed
2025-05-25 02:16:42 - event_classifier          - INFO - N/A - (Stage 0) Processing chunk 13 started
2025-05-25 02:16:52 - event_classifier          - INFO - 29.286s - Chunk 15 processed, (1) general events, (1) opinions.
2025-05-25 02:16:52 - event_scoring             - INFO - N/A - (Stage 1) Event scoring for chunk 15 started
2025-05-25 02:16:52 - sentiment_analysis        - INFO - N/A - (Stage 1) Sentiment analysis for chunk 15 started
2025-05-25 02:16:58 - opinion_scoring           - INFO - 26.863s - Successfully calculated opinion scores
2025-05-25 02:16:58 - opinion_scoring           - INFO - 26.864s - Chunk 16 processed successfully. Processed 1 person events.
2025-05-25 02:16:58 - write_node                - INFO - N/A - (Stage 3) Scores without inconsistency case
2025-05-25 02:16:58 - write_node                - INFO - N/A - (Stage 2.1) Summary/attitude full case
2025-05-25 02:16:58 - write_node                - ERROR - N/A - Error processing person event: add_attitude_full() got an unexpected keyword argument 'is_expert_flag'
2025-05-25 02:16:58 - write_node                - INFO - N/A - Chunk 16 marked as processed
2025-05-25 02:16:58 - event_classifier          - INFO - N/A - (Stage 0) Processing chunk 9 started
2025-05-25 02:17:10 - event_classifier          - INFO - 32.578s - Chunk 14 processed, (1) general events, (1) opinions.
2025-05-25 02:17:10 - event_scoring             - INFO - N/A - (Stage 1) Event scoring for chunk 14 started
2025-05-25 02:17:10 - sentiment_analysis        - INFO - N/A - (Stage 1) Sentiment analysis for chunk 14 started
2025-05-25 02:17:20 - event_classifier          - INFO - 38.862s - Chunk 13 processed, (1) general events, (1) opinions.
2025-05-25 02:17:20 - event_scoring             - INFO - N/A - (Stage 1) Event scoring for chunk 13 started
2025-05-25 02:17:20 - sentiment_analysis        - INFO - N/A - (Stage 1) Sentiment analysis for chunk 13 started
2025-05-25 02:17:28 - event_scoring             - INFO - 36.643s - Successfully calculated event scores
2025-05-25 02:17:28 - event_scoring             - INFO - 36.643s - Chunk 15 processed successfully. Processed 1 general events.
2025-05-25 02:17:29 - sentiment_analysis        - INFO - 37.839s - Successfully got sentiment score
2025-05-25 02:17:29 - sentiment_analysis        - INFO - 37.839s - Chunk 15 processed successfully. Processed 1 person events.
2025-05-25 02:17:29 - inconsistency_detection   - INFO - N/A - (Stage 2) Inconsistency analysis for chunk 15 started
2025-05-25 02:17:29 - inconsistency_detection   - INFO - 0.012s - Chunk 15 processed successfully. Processed 1 person events.
2025-05-25 02:17:29 - person_summary            - INFO - N/A - (Stage 2.1) Person attitude analysis for chunk 15 started
2025-05-25 02:17:29 - person_summary            - INFO - N/A - Missing person ID for person_event 1 in chunk 15.
2025-05-25 02:17:29 - person_summary            - INFO - N/A - No sentiment history found for person Keppler in chunk 15, generating new.
2025-05-25 02:17:41 - event_classifier          - INFO - 42.594s - Chunk 9 processed, (1) general events, (1) opinions.
2025-05-25 02:17:41 - event_scoring             - INFO - N/A - (Stage 1) Event scoring for chunk 9 started
2025-05-25 02:17:41 - sentiment_analysis        - INFO - N/A - (Stage 1) Sentiment analysis for chunk 9 started
2025-05-25 02:17:49 - event_scoring             - INFO - 38.962s - Successfully calculated event scores
2025-05-25 02:17:49 - event_scoring             - INFO - 38.963s - Chunk 14 processed successfully. Processed 1 general events.
2025-05-25 02:17:50 - sentiment_analysis        - INFO - 40.154s - Successfully got sentiment score
2025-05-25 02:17:50 - sentiment_analysis        - INFO - 40.154s - Chunk 14 processed successfully. Processed 1 person events.
2025-05-25 02:17:50 - inconsistency_detection   - INFO - N/A - (Stage 2) Inconsistency analysis for chunk 14 started
2025-05-25 02:17:50 - inconsistency_detection   - INFO - 0.011s - Chunk 14 processed successfully. Processed 1 person events.
2025-05-25 02:17:50 - person_summary            - INFO - N/A - (Stage 2.1) Person attitude analysis for chunk 14 started
2025-05-25 02:17:50 - person_summary            - INFO - N/A - Missing person ID for person_event 1 in chunk 14.
2025-05-25 02:17:50 - person_summary            - INFO - N/A - No sentiment history found for person Derya Baran in chunk 14, generating new.
2025-05-25 02:17:57 - event_scoring             - INFO - 36.461s - Successfully calculated event scores
2025-05-25 02:17:57 - event_scoring             - INFO - 36.462s - Chunk 13 processed successfully. Processed 1 general events.
2025-05-25 02:17:58 - sentiment_analysis        - INFO - 37.746s - Successfully got sentiment score
2025-05-25 02:17:58 - sentiment_analysis        - INFO - 37.746s - Chunk 13 processed successfully. Processed 1 person events.
2025-05-25 02:17:58 - inconsistency_detection   - INFO - N/A - (Stage 2) Inconsistency analysis for chunk 13 started
2025-05-25 02:17:58 - inconsistency_detection   - INFO - 0.012s - Chunk 13 processed successfully. Processed 1 person events.
2025-05-25 02:17:58 - person_summary            - INFO - N/A - (Stage 2.1) Person attitude analysis for chunk 13 started
2025-05-25 02:17:58 - person_summary            - INFO - N/A - Missing person ID for person_event 1 in chunk 13.
2025-05-25 02:17:58 - person_summary            - INFO - N/A - No sentiment history found for person Alan Ahn in chunk 13, generating new.
2025-05-25 02:18:08 - person_summary            - INFO - 38.107s - Successfully got comment
2025-05-25 02:18:08 - person_summary            - INFO - 38.107s - Chunk 15 processed successfully. Processed 1 person events.
2025-05-25 02:18:08 - opinion_scoring           - INFO - N/A - (Stage 3) Opinion scoring for chunk 15 started
2025-05-25 02:18:14 - event_scoring             - INFO - 33.159s - Successfully calculated event scores
2025-05-25 02:18:14 - event_scoring             - INFO - 33.159s - Chunk 9 processed successfully. Processed 1 general events.
2025-05-25 02:18:16 - sentiment_analysis        - INFO - 34.638s - Successfully got sentiment score
2025-05-25 02:18:16 - sentiment_analysis        - INFO - 34.638s - Chunk 9 processed successfully. Processed 1 person events.
2025-05-25 02:18:16 - inconsistency_detection   - INFO - N/A - (Stage 2) Inconsistency analysis for chunk 9 started
2025-05-25 02:18:16 - inconsistency_detection   - INFO - 0.011s - Chunk 9 processed successfully. Processed 1 person events.
2025-05-25 02:18:16 - person_summary            - INFO - N/A - (Stage 2.1) Person attitude analysis for chunk 9 started
2025-05-25 02:18:16 - person_summary            - INFO - N/A - Missing person ID for person_event 1 in chunk 9.
2025-05-25 02:18:16 - person_summary            - INFO - N/A - No sentiment history found for person Doug Burgum in chunk 9, generating new.
2025-05-25 02:18:27 - person_summary            - ERROR - N/A - Error in refinement process: 'max_length'. Falling back to truncation.
2025-05-25 02:18:27 - person_summary            - INFO - 36.673s - Successfully got comment
2025-05-25 02:18:27 - person_summary            - INFO - 36.674s - Chunk 14 processed successfully. Processed 1 person events.
2025-05-25 02:18:27 - opinion_scoring           - INFO - N/A - (Stage 3) Opinion scoring for chunk 14 started
2025-05-25 02:18:34 - person_summary            - INFO - 35.941s - Successfully got comment
2025-05-25 02:18:34 - person_summary            - INFO - 35.941s - Chunk 13 processed successfully. Processed 1 person events.
2025-05-25 02:18:34 - opinion_scoring           - INFO - N/A - (Stage 3) Opinion scoring for chunk 13 started
2025-05-25 02:18:40 - opinion_scoring           - INFO - 32.093s - Successfully calculated opinion scores
2025-05-25 02:18:40 - opinion_scoring           - INFO - 32.093s - Chunk 15 processed successfully. Processed 1 person events.
2025-05-25 02:18:40 - write_node                - INFO - N/A - (Stage 3) Scores without inconsistency case
2025-05-25 02:18:40 - write_node                - INFO - N/A - (Stage 2.1) Summary/attitude full case
2025-05-25 02:18:40 - write_node                - ERROR - N/A - Error processing person event: add_attitude_full() got an unexpected keyword argument 'is_expert_flag'
2025-05-25 02:18:40 - write_node                - INFO - N/A - Chunk 15 marked as processed
2025-05-25 02:18:40 - event_classifier          - INFO - N/A - (Stage 0) Processing chunk 10 started
2025-05-25 02:18:49 - person_summary            - ERROR - N/A - Error in refinement process: 'max_length'. Falling back to truncation.
2025-05-25 02:18:49 - person_summary            - INFO - 33.757s - Successfully got comment
2025-05-25 02:18:49 - person_summary            - INFO - 33.758s - Chunk 9 processed successfully. Processed 1 person events.
2025-05-25 02:18:49 - opinion_scoring           - INFO - N/A - (Stage 3) Opinion scoring for chunk 9 started
2025-05-25 02:18:55 - opinion_scoring           - INFO - 28.192s - Successfully calculated opinion scores
2025-05-25 02:18:55 - opinion_scoring           - INFO - 28.192s - Chunk 14 processed successfully. Processed 1 person events.
2025-05-25 02:18:55 - write_node                - INFO - N/A - (Stage 3) Scores without inconsistency case
2025-05-25 02:18:55 - write_node                - INFO - N/A - (Stage 2.1) Summary/attitude full case
2025-05-25 02:18:55 - write_node                - ERROR - N/A - Error processing person event: add_attitude_full() got an unexpected keyword argument 'is_expert_flag'
2025-05-25 02:18:55 - write_node                - INFO - N/A - Chunk 14 marked as processed
2025-05-25 02:18:56 - event_classifier          - INFO - N/A - (Stage 0) Processing chunk 11 started
2025-05-25 02:18:59 - opinion_scoring           - INFO - 25.251s - Successfully calculated opinion scores
2025-05-25 02:18:59 - opinion_scoring           - INFO - 25.251s - Chunk 13 processed successfully. Processed 1 person events.
2025-05-25 02:18:59 - write_node                - INFO - N/A - (Stage 3) Scores without inconsistency case
2025-05-25 02:19:00 - write_node                - INFO - N/A - (Stage 2.1) Summary/attitude full case
2025-05-25 02:19:00 - write_node                - ERROR - N/A - Error processing person event: add_attitude_full() got an unexpected keyword argument 'is_expert_flag'
2025-05-25 02:19:00 - write_node                - INFO - N/A - Chunk 13 marked as processed
2025-05-25 02:19:00 - event_classifier          - INFO - N/A - (Stage 0) Processing chunk 12 started
2025-05-25 02:19:11 - event_classifier          - INFO - 30.283s - Chunk 10 processed, (1) general events, (1) opinions.
2025-05-25 02:19:11 - event_scoring             - INFO - N/A - (Stage 1) Event scoring for chunk 10 started
2025-05-25 02:19:11 - sentiment_analysis        - INFO - N/A - (Stage 1) Sentiment analysis for chunk 10 started
2025-05-25 02:19:16 - opinion_scoring           - INFO - 26.726s - Successfully calculated opinion scores
2025-05-25 02:19:16 - opinion_scoring           - INFO - 26.726s - Chunk 9 processed successfully. Processed 1 person events.
2025-05-25 02:19:16 - write_node                - INFO - N/A - (Stage 3) Scores without inconsistency case
2025-05-25 02:19:16 - write_node                - ERROR - N/A - Opinion scores not saved correctly for ID 123: hotness: expected 0.5249999999999999, got 0.525
2025-05-25 02:19:16 - write_node                - INFO - N/A - (Stage 2.1) Summary/attitude full case
2025-05-25 02:19:16 - write_node                - ERROR - N/A - Error processing person event: add_attitude_full() got an unexpected keyword argument 'is_expert_flag'
2025-05-25 02:19:16 - write_node                - INFO - N/A - Chunk 9 marked as processed
2025-05-25 02:19:17 - event_classifier          - INFO - N/A - (Stage 0) Processing chunk 8 started
2025-05-25 02:19:24 - event_classifier          - INFO - 28.722s - Chunk 11 processed, (1) general events, (1) opinions.
2025-05-25 02:19:24 - event_scoring             - INFO - N/A - (Stage 1) Event scoring for chunk 11 started
2025-05-25 02:19:24 - sentiment_analysis        - INFO - N/A - (Stage 1) Sentiment analysis for chunk 11 started
2025-05-25 02:19:35 - event_classifier          - INFO - 34.477s - Chunk 12 processed, (1) general events, (1) opinions.
2025-05-25 02:19:35 - event_scoring             - INFO - N/A - (Stage 1) Event scoring for chunk 12 started
2025-05-25 02:19:35 - sentiment_analysis        - INFO - N/A - (Stage 1) Sentiment analysis for chunk 12 started
2025-05-25 02:19:42 - event_scoring             - INFO - 31.832s - Successfully calculated event scores
2025-05-25 02:19:42 - event_scoring             - INFO - 31.832s - Chunk 10 processed successfully. Processed 1 general events.
2025-05-25 02:19:44 - sentiment_analysis        - INFO - 33.033s - Successfully got sentiment score
2025-05-25 02:19:44 - sentiment_analysis        - INFO - 33.033s - Chunk 10 processed successfully. Processed 1 person events.
2025-05-25 02:19:44 - inconsistency_detection   - INFO - N/A - (Stage 2) Inconsistency analysis for chunk 10 started
2025-05-25 02:19:44 - inconsistency_detection   - INFO - 0.012s - Chunk 10 processed successfully. Processed 1 person events.
2025-05-25 02:19:44 - person_summary            - INFO - N/A - (Stage 2.1) Person attitude analysis for chunk 10 started
2025-05-25 02:19:44 - person_summary            - INFO - N/A - Missing person ID for person_event 1 in chunk 10.
2025-05-25 02:19:44 - person_summary            - INFO - N/A - No sentiment history found for person Neil Chatterjee in chunk 10, generating new.
2025-05-25 02:19:58 - event_classifier          - INFO - 41.000s - Chunk 8 processed, (1) general events, (1) opinions.
2025-05-25 02:19:58 - event_scoring             - INFO - N/A - (Stage 1) Event scoring for chunk 8 started
2025-05-25 02:19:58 - sentiment_analysis        - INFO - N/A - (Stage 1) Sentiment analysis for chunk 8 started
2025-05-25 02:20:04 - event_scoring             - INFO - 39.493s - Successfully calculated event scores
2025-05-25 02:20:04 - event_scoring             - INFO - 39.493s - Chunk 11 processed successfully. Processed 1 general events.
2025-05-25 02:20:05 - sentiment_analysis        - INFO - 40.689s - Successfully got sentiment score
2025-05-25 02:20:05 - sentiment_analysis        - INFO - 40.689s - Chunk 11 processed successfully. Processed 1 person events.
2025-05-25 02:20:05 - inconsistency_detection   - INFO - N/A - (Stage 2) Inconsistency analysis for chunk 11 started
2025-05-25 02:20:05 - inconsistency_detection   - INFO - 0.013s - Chunk 11 processed successfully. Processed 1 person events.
2025-05-25 02:20:05 - person_summary            - INFO - N/A - (Stage 2.1) Person attitude analysis for chunk 11 started
2025-05-25 02:20:05 - person_summary            - INFO - N/A - Missing person ID for person_event 1 in chunk 11.
2025-05-25 02:20:05 - person_summary            - INFO - N/A - No sentiment history found for person Karoline Leavitt in chunk 11, generating new.
2025-05-25 02:20:13 - event_scoring             - INFO - 38.230s - Successfully calculated event scores
2025-05-25 02:20:13 - event_scoring             - INFO - 38.230s - Chunk 12 processed successfully. Processed 1 general events.
2025-05-25 02:20:14 - sentiment_analysis        - INFO - 39.403s - Successfully got sentiment score
2025-05-25 02:20:14 - sentiment_analysis        - INFO - 39.403s - Chunk 12 processed successfully. Processed 1 person events.
2025-05-25 02:20:14 - inconsistency_detection   - INFO - N/A - (Stage 2) Inconsistency analysis for chunk 12 started
2025-05-25 02:20:14 - inconsistency_detection   - INFO - 0.012s - Chunk 12 processed successfully. Processed 1 person events.
2025-05-25 02:20:14 - person_summary            - INFO - N/A - (Stage 2.1) Person attitude analysis for chunk 12 started
2025-05-25 02:20:14 - person_summary            - INFO - N/A - Missing person ID for person_event 1 in chunk 12.
2025-05-25 02:20:14 - person_summary            - INFO - N/A - No sentiment history found for person Ron Ness in chunk 12, generating new.
2025-05-25 02:20:26 - person_summary            - ERROR - N/A - Error in refinement process: 'max_length'. Falling back to truncation.
2025-05-25 02:20:26 - person_summary            - INFO - 42.759s - Successfully got comment
2025-05-25 02:20:26 - person_summary            - INFO - 42.760s - Chunk 10 processed successfully. Processed 1 person events.
2025-05-25 02:20:26 - opinion_scoring           - INFO - N/A - (Stage 3) Opinion scoring for chunk 10 started
2025-05-25 02:20:34 - event_scoring             - INFO - 35.851s - Successfully calculated event scores
2025-05-25 02:20:34 - event_scoring             - INFO - 35.851s - Chunk 8 processed successfully. Processed 1 general events.
2025-05-25 02:20:35 - sentiment_analysis        - INFO - 37.340s - Successfully got sentiment score
2025-05-25 02:20:35 - sentiment_analysis        - INFO - 37.340s - Chunk 8 processed successfully. Processed 1 person events.
2025-05-25 02:20:35 - inconsistency_detection   - INFO - N/A - (Stage 2) Inconsistency analysis for chunk 8 started
2025-05-25 02:20:35 - inconsistency_detection   - INFO - 0.011s - Chunk 8 processed successfully. Processed 1 person events.
2025-05-25 02:20:35 - person_summary            - INFO - N/A - (Stage 2.1) Person attitude analysis for chunk 8 started
2025-05-25 02:20:35 - person_summary            - INFO - N/A - Missing person ID for person_event 1 in chunk 8.
2025-05-25 02:20:35 - person_summary            - INFO - N/A - No sentiment history found for person Zeyneb Magavi in chunk 8, generating new.
2025-05-25 02:20:42 - person_summary            - INFO - 36.797s - Successfully got comment
2025-05-25 02:20:42 - person_summary            - INFO - 36.798s - Chunk 11 processed successfully. Processed 1 person events.
2025-05-25 02:20:42 - opinion_scoring           - INFO - N/A - (Stage 3) Opinion scoring for chunk 11 started
2025-05-25 02:20:51 - person_summary            - ERROR - N/A - Error in refinement process: 'max_length'. Falling back to truncation.
2025-05-25 02:20:51 - person_summary            - INFO - 37.412s - Successfully got comment
2025-05-25 02:20:51 - person_summary            - INFO - 37.412s - Chunk 12 processed successfully. Processed 1 person events.
2025-05-25 02:20:51 - opinion_scoring           - INFO - N/A - (Stage 3) Opinion scoring for chunk 12 started
2025-05-25 02:20:57 - opinion_scoring           - INFO - 30.581s - Successfully calculated opinion scores
2025-05-25 02:20:57 - opinion_scoring           - INFO - 30.581s - Chunk 10 processed successfully. Processed 1 person events.
2025-05-25 02:20:57 - write_node                - ERROR - N/A - Event scores not saved correctly: Expected 0.8, 0.9, 0.7, 0.8150000000000001 but got 0.8, 0.9, 0.7, 0.815
2025-05-25 02:20:57 - write_node                - INFO - N/A - (Stage 3) Scores without inconsistency case
2025-05-25 02:20:57 - write_node                - INFO - N/A - (Stage 2.1) Summary/attitude full case
2025-05-25 02:20:57 - write_node                - ERROR - N/A - Error processing person event: add_attitude_full() got an unexpected keyword argument 'is_expert_flag'
2025-05-25 02:20:57 - write_node                - INFO - N/A - Chunk 10 marked as processed
2025-05-25 02:20:58 - event_classifier          - INFO - N/A - (Stage 0) Processing chunk 7 started
2025-05-25 02:21:05 - person_summary            - INFO - 29.970s - Successfully got comment
2025-05-25 02:21:05 - person_summary            - INFO - 29.970s - Chunk 8 processed successfully. Processed 1 person events.
2025-05-25 02:21:05 - opinion_scoring           - INFO - N/A - (Stage 3) Opinion scoring for chunk 8 started
2025-05-25 02:21:11 - opinion_scoring           - INFO - 28.837s - Successfully calculated opinion scores
2025-05-25 02:21:11 - opinion_scoring           - INFO - 28.837s - Chunk 11 processed successfully. Processed 1 person events.
2025-05-25 02:21:11 - write_node                - ERROR - N/A - Event scores not saved correctly: Expected 0.8, 1.0, 0.5, 0.7949999999999999 but got 0.8, 1.0, 0.5, 0.795
2025-05-25 02:21:11 - write_node                - INFO - N/A - (Stage 3) Scores without inconsistency case
2025-05-25 02:21:11 - write_node                - INFO - N/A - (Stage 2.1) Summary/attitude full case
2025-05-25 02:21:11 - write_node                - ERROR - N/A - Error processing person event: add_attitude_full() got an unexpected keyword argument 'is_expert_flag'
2025-05-25 02:21:11 - write_node                - INFO - N/A - Chunk 11 marked as processed
2025-05-25 02:21:11 - event_classifier          - INFO - N/A - (Stage 0) Processing chunk 6 started
2025-05-25 02:21:15 - opinion_scoring           - INFO - 23.639s - Successfully calculated opinion scores
2025-05-25 02:21:15 - opinion_scoring           - INFO - 23.639s - Chunk 12 processed successfully. Processed 1 person events.
2025-05-25 02:21:15 - write_node                - ERROR - N/A - Event scores not saved correctly: Expected 0.8, 1.0, 0.5, 0.7949999999999999 but got 0.8, 1.0, 0.5, 0.795
2025-05-25 02:21:15 - write_node                - INFO - N/A - (Stage 3) Scores without inconsistency case
2025-05-25 02:21:15 - write_node                - INFO - N/A - (Stage 2.1) Summary/attitude full case
2025-05-25 02:21:15 - write_node                - ERROR - N/A - Error processing person event: add_attitude_full() got an unexpected keyword argument 'is_expert_flag'
2025-05-25 02:21:15 - write_node                - INFO - N/A - Chunk 12 marked as processed
2025-05-25 02:21:16 - event_classifier          - INFO - N/A - (Stage 0) Processing chunk 32 started
2025-05-25 02:21:28 - event_classifier          - INFO - 30.025s - Chunk 7 processed, (1) general events, (1) opinions.
2025-05-25 02:21:28 - event_scoring             - INFO - N/A - (Stage 1) Event scoring for chunk 7 started
2025-05-25 02:21:28 - sentiment_analysis        - INFO - N/A - (Stage 1) Sentiment analysis for chunk 7 started
2025-05-25 02:21:33 - opinion_scoring           - INFO - 27.955s - Successfully calculated opinion scores
2025-05-25 02:21:33 - opinion_scoring           - INFO - 27.955s - Chunk 8 processed successfully. Processed 1 person events.
2025-05-25 02:21:33 - write_node                - INFO - N/A - (Stage 3) Scores without inconsistency case
2025-05-25 02:21:33 - write_node                - INFO - N/A - (Stage 2.1) Summary/attitude full case
2025-05-25 02:21:33 - write_node                - ERROR - N/A - Error processing person event: add_attitude_full() got an unexpected keyword argument 'is_expert_flag'
2025-05-25 02:21:33 - write_node                - INFO - N/A - Chunk 8 marked as processed
2025-05-25 02:21:34 - event_classifier          - INFO - N/A - (Stage 0) Processing chunk 31 started
2025-05-25 02:21:48 - event_classifier          - INFO - 36.014s - Chunk 6 processed, (1) general events, (1) opinions.
2025-05-25 02:21:48 - event_scoring             - INFO - N/A - (Stage 1) Event scoring for chunk 6 started
2025-05-25 02:21:48 - sentiment_analysis        - INFO - N/A - (Stage 1) Sentiment analysis for chunk 6 started
2025-05-25 02:21:57 - event_classifier          - INFO - 41.428s - Chunk 32 processed, (1) general events, (1) opinions.
2025-05-25 02:21:57 - event_scoring             - INFO - N/A - (Stage 1) Event scoring for chunk 32 started
2025-05-25 02:21:57 - sentiment_analysis        - INFO - N/A - (Stage 1) Sentiment analysis for chunk 32 started
2025-05-25 02:22:05 - event_scoring             - INFO - 37.361s - Successfully calculated event scores
2025-05-25 02:22:05 - event_scoring             - INFO - 37.361s - Chunk 7 processed successfully. Processed 1 general events.
2025-05-25 02:22:06 - sentiment_analysis        - INFO - 38.544s - Successfully got sentiment score
2025-05-25 02:22:06 - sentiment_analysis        - INFO - 38.544s - Chunk 7 processed successfully. Processed 1 person events.
2025-05-25 02:22:06 - inconsistency_detection   - INFO - N/A - (Stage 2) Inconsistency analysis for chunk 7 started
2025-05-25 02:22:06 - inconsistency_detection   - INFO - 0.012s - Chunk 7 processed successfully. Processed 1 person events.
2025-05-25 02:22:06 - person_summary            - INFO - N/A - (Stage 2.1) Person attitude analysis for chunk 7 started
2025-05-25 02:22:06 - person_summary            - INFO - N/A - Missing person ID for person_event 1 in chunk 7.
2025-05-25 02:22:06 - person_summary            - INFO - N/A - No sentiment history found for person Nikki Bruno in chunk 7, generating new.
2025-05-25 02:22:18 - event_classifier          - INFO - 44.527s - Chunk 31 processed, (1) general events, (1) opinions.
2025-05-25 02:22:19 - event_scoring             - INFO - N/A - (Stage 1) Event scoring for chunk 31 started
2025-05-25 02:22:19 - sentiment_analysis        - INFO - N/A - (Stage 1) Sentiment analysis for chunk 31 started
2025-05-25 02:22:27 - event_scoring             - INFO - 39.276s - Successfully calculated event scores
2025-05-25 02:22:27 - event_scoring             - INFO - 39.276s - Chunk 6 processed successfully. Processed 1 general events.
2025-05-25 02:22:28 - sentiment_analysis        - INFO - 40.797s - Successfully got sentiment score
2025-05-25 02:22:28 - sentiment_analysis        - INFO - 40.797s - Chunk 6 processed successfully. Processed 1 person events.
2025-05-25 02:22:28 - inconsistency_detection   - INFO - N/A - (Stage 2) Inconsistency analysis for chunk 6 started
2025-05-25 02:22:28 - inconsistency_detection   - INFO - 0.012s - Chunk 6 processed successfully. Processed 1 person events.
2025-05-25 02:22:28 - person_summary            - INFO - N/A - (Stage 2.1) Person attitude analysis for chunk 6 started
2025-05-25 02:22:28 - person_summary            - INFO - N/A - Missing person ID for person_event 1 in chunk 6.
2025-05-25 02:22:28 - person_summary            - INFO - N/A - No sentiment history found for person Jennifer Mauchan in chunk 6, generating new.
2025-05-25 02:22:35 - event_scoring             - INFO - 37.545s - Successfully calculated event scores
2025-05-25 02:22:35 - event_scoring             - INFO - 37.546s - Chunk 32 processed successfully. Processed 1 general events.
2025-05-25 02:22:36 - sentiment_analysis        - INFO - 38.723s - Successfully got sentiment score
2025-05-25 02:22:36 - sentiment_analysis        - INFO - 38.723s - Chunk 32 processed successfully. Processed 1 person events.
2025-05-25 02:22:36 - inconsistency_detection   - INFO - N/A - (Stage 2) Inconsistency analysis for chunk 32 started
2025-05-25 02:22:36 - inconsistency_detection   - INFO - 0.012s - Chunk 32 processed successfully. Processed 1 person events.
2025-05-25 02:22:36 - person_summary            - INFO - N/A - (Stage 2.1) Person attitude analysis for chunk 32 started
2025-05-25 02:22:36 - person_summary            - INFO - N/A - Missing person ID for person_event 1 in chunk 32.
2025-05-25 02:22:36 - person_summary            - INFO - N/A - No sentiment history found for person Victor, Professor of Innovation and Public Policy at University of California San Diego in chunk 32, generating new.
2025-05-25 02:22:46 - person_summary            - INFO - 39.682s - Successfully got comment
2025-05-25 02:22:46 - person_summary            - INFO - 39.683s - Chunk 7 processed successfully. Processed 1 person events.
2025-05-25 02:22:46 - opinion_scoring           - INFO - N/A - (Stage 3) Opinion scoring for chunk 7 started
2025-05-25 02:22:54 - event_scoring             - INFO - 35.491s - Successfully calculated event scores
2025-05-25 02:22:54 - event_scoring             - INFO - 35.491s - Chunk 31 processed successfully. Processed 1 general events.
2025-05-25 02:23:02 - sentiment_analysis        - WARNING - N/A - Error while parsing response as float: could not convert string to float: 'I\'m ready to analyze the text. However, I don\'t see a provided text from a Brookings paper. Please provide the text you\'d like me to analyze.\n\nOnce you provide the text, I\'ll return a sentiment score between -1.0 and +1.0 indicating the positive or negative commitment to the topic "Green energy".'
2025-05-25 02:23:02 - sentiment_analysis        - WARNING - 43.199s - Error during first attempt: could not convert string to float: 'I\'m ready to analyze the text. However, I don\'t see a provided text from a Brookings paper. Please provide the text you\'d like me to analyze.\n\nOnce you provide the text, I\'ll return a sentiment score between -1.0 and +1.0 indicating the positive or negative commitment to the topic "Green energy".'
2025-05-25 02:23:13 - person_summary            - ERROR - N/A - Error in refinement process: 'max_length'. Falling back to truncation.
2025-05-25 02:23:13 - person_summary            - INFO - 45.143s - Successfully got comment
2025-05-25 02:23:13 - person_summary            - INFO - 45.144s - Chunk 6 processed successfully. Processed 1 person events.
2025-05-25 02:23:13 - opinion_scoring           - INFO - N/A - (Stage 3) Opinion scoring for chunk 6 started
2025-05-25 02:23:23 - person_summary            - ERROR - N/A - Error in refinement process: 'max_length'. Falling back to truncation.
2025-05-25 02:23:23 - person_summary            - INFO - 47.260s - Successfully got comment
2025-05-25 02:23:23 - person_summary            - INFO - 47.260s - Chunk 32 processed successfully. Processed 1 person events.
2025-05-25 02:23:23 - opinion_scoring           - INFO - N/A - (Stage 3) Opinion scoring for chunk 32 started
2025-05-25 02:23:29 - opinion_scoring           - INFO - 42.842s - Successfully calculated opinion scores
2025-05-25 02:23:29 - opinion_scoring           - INFO - 42.842s - Chunk 7 processed successfully. Processed 1 person events.
2025-05-25 02:23:29 - write_node                - INFO - N/A - (Stage 3) Scores without inconsistency case
2025-05-25 02:23:29 - write_node                - INFO - N/A - (Stage 2.1) Summary/attitude full case
2025-05-25 02:23:29 - write_node                - ERROR - N/A - Error processing person event: add_attitude_full() got an unexpected keyword argument 'is_expert_flag'
2025-05-25 02:23:29 - write_node                - INFO - N/A - Chunk 7 marked as processed
2025-05-25 02:23:29 - event_classifier          - INFO - N/A - (Stage 0) Processing chunk 30 started
2025-05-25 02:23:37 - sentiment_analysis        - WARNING - N/A - Error while parsing response as float: could not convert string to float: 'I\'m ready to analyze the text. However, I don\'t see a provided text from a Brookings paper. Please provide the text you\'d like me to analyze.\n\nOnce you provide the text, I\'ll return a sentiment score between -1.0 and +1.0 indicating the positive or negative commitment to the topic "Green energy".'
2025-05-25 02:23:37 - sentiment_analysis        - WARNING - 78.069s - Retry 1/3 due to invalid output: could not convert string to float: 'I\'m ready to analyze the text. However, I don\'t see a provided text from a Brookings paper. Please provide the text you\'d like me to analyze.\n\nOnce you provide the text, I\'ll return a sentiment score between -1.0 and +1.0 indicating the positive or negative commitment to the topic "Green energy".'
2025-05-25 02:23:42 - opinion_scoring           - INFO - 28.762s - Successfully calculated opinion scores
2025-05-25 02:23:42 - opinion_scoring           - INFO - 28.763s - Chunk 6 processed successfully. Processed 1 person events.
2025-05-25 02:23:42 - write_node                - ERROR - N/A - Event scores not saved correctly: Expected 0.8, 0.7, 0.9, 0.7849999999999999 but got 0.8, 0.7, 0.9, 0.785
2025-05-25 02:23:42 - write_node                - INFO - N/A - (Stage 3) Scores without inconsistency case
2025-05-25 02:23:42 - write_node                - INFO - N/A - (Stage 2.1) Summary/attitude full case
2025-05-25 02:23:42 - write_node                - ERROR - N/A - Error processing person event: add_attitude_full() got an unexpected keyword argument 'is_expert_flag'
2025-05-25 02:23:42 - write_node                - INFO - N/A - Chunk 6 marked as processed
2025-05-25 02:23:43 - event_classifier          - INFO - N/A - (Stage 0) Processing chunk 33 started
2025-05-25 02:23:47 - opinion_scoring           - INFO - 23.419s - Successfully calculated opinion scores
2025-05-25 02:23:47 - opinion_scoring           - INFO - 23.419s - Chunk 32 processed successfully. Processed 1 person events.
2025-05-25 02:23:47 - write_node                - INFO - N/A - (Stage 3) Scores without inconsistency case
2025-05-25 02:23:47 - write_node                - INFO - N/A - (Stage 2.1) Summary/attitude full case
2025-05-25 02:23:47 - write_node                - ERROR - N/A - Error processing person event: add_attitude_full() got an unexpected keyword argument 'is_expert_flag'
2025-05-25 02:23:47 - write_node                - INFO - N/A - Chunk 32 marked as processed
2025-05-25 02:23:47 - event_classifier          - INFO - N/A - (Stage 0) Processing chunk 5 started
2025-05-25 02:24:03 - event_classifier          - INFO - 33.338s - Chunk 30 processed, (1) general events, (1) opinions.
2025-05-25 02:24:03 - event_scoring             - INFO - N/A - (Stage 1) Event scoring for chunk 30 started
2025-05-25 02:24:03 - sentiment_analysis        - INFO - N/A - (Stage 1) Sentiment analysis for chunk 30 started
2025-05-25 02:24:09 - sentiment_analysis        - WARNING - N/A - Error while parsing response as float: could not convert string to float: 'I\'m ready to analyze the text. However, I don\'t see the text provided. Please paste the text of the Brookings paper on "Green energy", and I\'ll return a sentiment score between -1.0 and +1.0.'
2025-05-25 02:24:09 - sentiment_analysis        - WARNING - 110.359s - Retry 2/3 due to invalid output: could not convert string to float: 'I\'m ready to analyze the text. However, I don\'t see the text provided. Please paste the text of the Brookings paper on "Green energy", and I\'ll return a sentiment score between -1.0 and +1.0.'
2025-05-25 02:24:09 - sentiment_analysis        - ERROR - 110.359s - Skipping analysis after 3 retries.
2025-05-25 02:24:09 - sentiment_analysis        - WARNING - N/A - Failed to get sentiment score for person_event 1.
2025-05-25 02:24:09 - sentiment_analysis        - INFO - 110.359s - Chunk 31 processed successfully. Processed 1 person events.
2025-05-25 02:24:09 - inconsistency_detection   - INFO - N/A - (Stage 2) Inconsistency analysis for chunk 31 started
2025-05-25 02:24:09 - inconsistency_detection   - INFO - 0.012s - Chunk 31 processed successfully. Processed 1 person events.
2025-05-25 02:24:09 - person_summary            - INFO - N/A - (Stage 2.1) Person attitude analysis for chunk 31 started
2025-05-25 02:24:09 - person_summary            - ERROR - N/A - Missing sentiment score for person_event 1 in chunk 31.
2025-05-25 02:24:09 - person_summary            - ERROR - N/A - Error processing person_event 1 for chunk 31: Missing sentiment score for person_event 1 in chunk 31.
2025-05-25 02:24:09 - person_summary            - INFO - 0.011s - Chunk 31 processed successfully. Processed 2 person events.
2025-05-25 02:24:09 - opinion_scoring           - INFO - N/A - (Stage 3) Opinion scoring for chunk 31 started
2025-05-25 02:24:24 - event_classifier          - INFO - 40.905s - Chunk 33 processed, (1) general events, (1) opinions.
2025-05-25 02:24:24 - event_scoring             - INFO - N/A - (Stage 1) Event scoring for chunk 33 started
2025-05-25 02:24:24 - sentiment_analysis        - INFO - N/A - (Stage 1) Sentiment analysis for chunk 33 started
2025-05-25 02:24:35 - event_classifier          - INFO - 47.431s - Chunk 5 processed, (1) general events, (1) opinions.
2025-05-25 02:24:35 - event_scoring             - INFO - N/A - (Stage 1) Event scoring for chunk 5 started
2025-05-25 02:24:35 - sentiment_analysis        - INFO - N/A - (Stage 1) Sentiment analysis for chunk 5 started
2025-05-25 02:24:43 - event_scoring             - INFO - 40.216s - Successfully calculated event scores
2025-05-25 02:24:43 - event_scoring             - INFO - 40.216s - Chunk 30 processed successfully. Processed 1 general events.
2025-05-25 02:24:45 - sentiment_analysis        - INFO - 41.708s - Successfully got sentiment score
2025-05-25 02:24:45 - sentiment_analysis        - INFO - 41.708s - Chunk 30 processed successfully. Processed 1 person events.
2025-05-25 02:24:45 - inconsistency_detection   - INFO - N/A - (Stage 2) Inconsistency analysis for chunk 30 started
2025-05-25 02:24:45 - inconsistency_detection   - INFO - 0.011s - Chunk 30 processed successfully. Processed 1 person events.
2025-05-25 02:24:45 - person_summary            - INFO - N/A - (Stage 2.1) Person attitude analysis for chunk 30 started
2025-05-25 02:24:45 - person_summary            - INFO - N/A - Missing person ID for person_event 1 in chunk 30.
2025-05-25 02:24:45 - person_summary            - INFO - N/A - No sentiment history found for person Margrethe Vestager in chunk 30, generating new.
2025-05-25 02:24:50 - opinion_scoring           - INFO - 40.955s - Successfully calculated opinion scores
2025-05-25 02:24:50 - opinion_scoring           - INFO - 40.955s - Chunk 31 processed successfully. Processed 1 person events.
2025-05-25 02:24:50 - write_node                - INFO - N/A - (Stage 0) No sentiment case
2025-05-25 02:24:50 - write_node                - INFO - N/A - Chunk 31 marked as processed
2025-05-25 02:24:51 - event_classifier          - INFO - N/A - (Stage 0) Processing chunk 4 started
2025-05-25 02:24:57 - event_scoring             - INFO - 32.754s - Successfully calculated event scores
2025-05-25 02:24:57 - event_scoring             - INFO - 32.755s - Chunk 33 processed successfully. Processed 1 general events.
2025-05-25 02:24:58 - sentiment_analysis        - INFO - 34.281s - Successfully got sentiment score
2025-05-25 02:24:58 - sentiment_analysis        - INFO - 34.281s - Chunk 33 processed successfully. Processed 1 person events.
2025-05-25 02:24:58 - inconsistency_detection   - INFO - N/A - (Stage 2) Inconsistency analysis for chunk 33 started
2025-05-25 02:24:58 - inconsistency_detection   - INFO - 0.011s - Chunk 33 processed successfully. Processed 1 person events.
2025-05-25 02:24:58 - person_summary            - INFO - N/A - (Stage 2.1) Person attitude analysis for chunk 33 started
2025-05-25 02:24:58 - person_summary            - INFO - N/A - Missing person ID for person_event 1 in chunk 33.
2025-05-25 02:24:58 - person_summary            - INFO - N/A - No sentiment history found for person Victor in chunk 33, generating new.
2025-05-25 02:25:06 - event_scoring             - INFO - 31.127s - Successfully calculated event scores
2025-05-25 02:25:06 - event_scoring             - INFO - 31.127s - Chunk 5 processed successfully. Processed 1 general events.
2025-05-25 02:25:07 - sentiment_analysis        - INFO - 32.309s - Successfully got sentiment score
2025-05-25 02:25:07 - sentiment_analysis        - INFO - 32.309s - Chunk 5 processed successfully. Processed 1 person events.
2025-05-25 02:25:07 - inconsistency_detection   - INFO - N/A - (Stage 2) Inconsistency analysis for chunk 5 started
2025-05-25 02:25:07 - inconsistency_detection   - INFO - 0.009s - Chunk 5 processed successfully. Processed 1 person events.
2025-05-25 02:25:07 - person_summary            - INFO - N/A - (Stage 2.1) Person attitude analysis for chunk 5 started
2025-05-25 02:25:07 - person_summary            - INFO - N/A - Missing person ID for person_event 1 in chunk 5.
2025-05-25 02:25:07 - person_summary            - INFO - N/A - No sentiment history found for person Dr. Marcella Fernandes de Souza in chunk 5, generating new.
2025-05-25 02:25:18 - person_summary            - ERROR - N/A - Error in refinement process: 'max_length'. Falling back to truncation.
2025-05-25 02:25:18 - person_summary            - INFO - 33.370s - Successfully got comment
2025-05-25 02:25:18 - person_summary            - INFO - 33.370s - Chunk 30 processed successfully. Processed 1 person events.
2025-05-25 02:25:18 - opinion_scoring           - INFO - N/A - (Stage 3) Opinion scoring for chunk 30 started
2025-05-25 02:25:30 - event_classifier          - INFO - 39.201s - Chunk 4 processed, (1) general events, (1) opinions.
2025-05-25 02:25:30 - event_scoring             - INFO - N/A - (Stage 1) Event scoring for chunk 4 started
2025-05-25 02:25:30 - sentiment_analysis        - INFO - N/A - (Stage 1) Sentiment analysis for chunk 4 started
2025-05-25 02:25:39 - person_summary            - ERROR - N/A - Error in refinement process: 'max_length'. Falling back to truncation.
2025-05-25 02:25:39 - person_summary            - INFO - 41.309s - Successfully got comment
2025-05-25 02:25:39 - person_summary            - INFO - 41.309s - Chunk 33 processed successfully. Processed 1 person events.
2025-05-25 02:25:39 - opinion_scoring           - INFO - N/A - (Stage 3) Opinion scoring for chunk 33 started
2025-05-25 02:25:50 - person_summary            - ERROR - N/A - Error in refinement process: 'max_length'. Falling back to truncation.
2025-05-25 02:25:50 - person_summary            - INFO - 42.470s - Successfully got comment
2025-05-25 02:25:50 - person_summary            - INFO - 42.470s - Chunk 5 processed successfully. Processed 1 person events.
2025-05-25 02:25:50 - opinion_scoring           - INFO - N/A - (Stage 3) Opinion scoring for chunk 5 started
2025-05-25 02:25:55 - opinion_scoring           - INFO - 37.121s - Successfully calculated opinion scores
2025-05-25 02:25:55 - opinion_scoring           - INFO - 37.121s - Chunk 30 processed successfully. Processed 1 person events.
2025-05-25 02:25:55 - write_node                - INFO - N/A - (Stage 3) Scores without inconsistency case
2025-05-25 02:25:55 - write_node                - ERROR - N/A - Opinion scores not saved correctly for ID 132: hotness: expected 0.8300000000000001, got 0.83
2025-05-25 02:25:55 - write_node                - INFO - N/A - (Stage 2.1) Summary/attitude full case
2025-05-25 02:25:55 - write_node                - ERROR - N/A - Error processing person event: add_attitude_full() got an unexpected keyword argument 'is_expert_flag'
2025-05-25 02:25:55 - write_node                - INFO - N/A - Chunk 30 marked as processed
2025-05-25 02:25:56 - event_classifier          - INFO - N/A - (Stage 0) Processing chunk 3 started
2025-05-25 02:26:03 - event_scoring             - INFO - 32.991s - Successfully calculated event scores
2025-05-25 02:26:03 - event_scoring             - INFO - 32.991s - Chunk 4 processed successfully. Processed 1 general events.
2025-05-25 02:26:04 - sentiment_analysis        - INFO - 34.215s - Successfully got sentiment score
2025-05-25 02:26:04 - sentiment_analysis        - INFO - 34.215s - Chunk 4 processed successfully. Processed 1 person events.
2025-05-25 02:26:04 - inconsistency_detection   - INFO - N/A - (Stage 2) Inconsistency analysis for chunk 4 started
2025-05-25 02:26:04 - inconsistency_detection   - INFO - 0.012s - Chunk 4 processed successfully. Processed 1 person events.
2025-05-25 02:26:04 - person_summary            - INFO - N/A - (Stage 2.1) Person attitude analysis for chunk 4 started
2025-05-25 02:26:04 - person_summary            - INFO - N/A - Missing person ID for person_event 1 in chunk 4.
2025-05-25 02:26:04 - person_summary            - INFO - N/A - No sentiment history found for person Redha in chunk 4, generating new.
2025-05-25 02:26:10 - opinion_scoring           - INFO - 30.386s - Successfully calculated opinion scores
2025-05-25 02:26:10 - opinion_scoring           - INFO - 30.386s - Chunk 33 processed successfully. Processed 1 person events.
2025-05-25 02:26:10 - write_node                - INFO - N/A - (Stage 3) Scores without inconsistency case
2025-05-25 02:26:10 - write_node                - INFO - N/A - (Stage 2.1) Summary/attitude full case
2025-05-25 02:26:10 - write_node                - ERROR - N/A - Error processing person event: add_attitude_full() got an unexpected keyword argument 'is_expert_flag'
2025-05-25 02:26:10 - write_node                - INFO - N/A - Chunk 33 marked as processed
2025-05-25 02:26:11 - event_classifier          - INFO - N/A - (Stage 0) Processing chunk 2 started
2025-05-25 02:26:14 - opinion_scoring           - INFO - 24.599s - Successfully calculated opinion scores
2025-05-25 02:26:14 - opinion_scoring           - INFO - 24.599s - Chunk 5 processed successfully. Processed 1 person events.
2025-05-25 02:26:14 - write_node                - INFO - N/A - (Stage 3) Scores without inconsistency case
2025-05-25 02:26:14 - write_node                - ERROR - N/A - Opinion scores not saved correctly for ID 134: hotness: expected 0.6100000000000001, got 0.61
2025-05-25 02:26:14 - write_node                - INFO - N/A - (Stage 2.1) Summary/attitude full case
2025-05-25 02:26:14 - write_node                - ERROR - N/A - Error processing person event: add_attitude_full() got an unexpected keyword argument 'is_expert_flag'
2025-05-25 02:26:14 - write_node                - INFO - N/A - Chunk 5 marked as processed
2025-05-25 02:26:15 - event_classifier          - INFO - N/A - (Stage 0) Processing chunk 1 started
2025-05-25 02:26:28 - event_classifier          - INFO - 32.558s - Chunk 3 processed, (1) general events, (1) opinions.
2025-05-25 02:26:28 - event_scoring             - INFO - N/A - (Stage 1) Event scoring for chunk 3 started
2025-05-25 02:26:28 - sentiment_analysis        - INFO - N/A - (Stage 1) Sentiment analysis for chunk 3 started
2025-05-25 02:26:41 - person_summary            - ERROR - N/A - Error in refinement process: 'max_length'. Falling back to truncation.
2025-05-25 02:26:41 - person_summary            - INFO - 36.555s - Successfully got comment
2025-05-25 02:26:41 - person_summary            - INFO - 36.556s - Chunk 4 processed successfully. Processed 1 person events.
2025-05-25 02:26:41 - opinion_scoring           - INFO - N/A - (Stage 3) Opinion scoring for chunk 4 started
2025-05-25 02:26:52 - event_classifier          - INFO - 41.766s - Chunk 2 processed, (1) general events, (1) opinions.
2025-05-25 02:26:52 - event_scoring             - INFO - N/A - (Stage 1) Event scoring for chunk 2 started
2025-05-25 02:26:52 - sentiment_analysis        - INFO - N/A - (Stage 1) Sentiment analysis for chunk 2 started
2025-05-25 02:27:06 - event_classifier          - INFO - 50.865s - Chunk 1 processed, (1) general events, (1) opinions.
2025-05-25 02:27:06 - event_scoring             - INFO - N/A - (Stage 1) Event scoring for chunk 1 started
2025-05-25 02:27:06 - sentiment_analysis        - INFO - N/A - (Stage 1) Sentiment analysis for chunk 1 started
2025-05-25 02:27:14 - event_scoring             - INFO - 45.764s - Successfully calculated event scores
2025-05-25 02:27:14 - event_scoring             - INFO - 45.764s - Chunk 3 processed successfully. Processed 1 general events.
2025-05-25 02:27:16 - sentiment_analysis        - INFO - 47.210s - Successfully got sentiment score
2025-05-25 02:27:16 - sentiment_analysis        - INFO - 47.210s - Chunk 3 processed successfully. Processed 1 person events.
2025-05-25 02:27:16 - inconsistency_detection   - INFO - N/A - (Stage 2) Inconsistency analysis for chunk 3 started
2025-05-25 02:27:16 - inconsistency_detection   - INFO - 0.011s - Chunk 3 processed successfully. Processed 1 person events.
2025-05-25 02:27:16 - person_summary            - INFO - N/A - (Stage 2.1) Person attitude analysis for chunk 3 started
2025-05-25 02:27:16 - person_summary            - INFO - N/A - Missing person ID for person_event 1 in chunk 3.
2025-05-25 02:27:16 - person_summary            - INFO - N/A - No sentiment history found for person Dr. Samsurin Welch in chunk 3, generating new.
2025-05-25 02:27:21 - opinion_scoring           - INFO - 40.456s - Successfully calculated opinion scores
2025-05-25 02:27:21 - opinion_scoring           - INFO - 40.456s - Chunk 4 processed successfully. Processed 1 person events.
2025-05-25 02:27:21 - write_node                - INFO - N/A - (Stage 3) Scores without inconsistency case
2025-05-25 02:27:21 - write_node                - ERROR - N/A - Opinion scores not saved correctly for ID 135: hotness: expected 0.5249999999999999, got 0.525
2025-05-25 02:27:21 - write_node                - INFO - N/A - (Stage 2.1) Summary/attitude full case
2025-05-25 02:27:21 - write_node                - ERROR - N/A - Error processing person event: add_attitude_full() got an unexpected keyword argument 'is_expert_flag'
2025-05-25 02:27:21 - write_node                - INFO - N/A - Chunk 4 marked as processed
2025-05-25 02:27:28 - event_scoring             - INFO - 36.095s - Successfully calculated event scores
2025-05-25 02:27:28 - event_scoring             - INFO - 36.096s - Chunk 2 processed successfully. Processed 1 general events.
2025-05-25 02:27:30 - sentiment_analysis        - INFO - 37.291s - Successfully got sentiment score
2025-05-25 02:27:30 - sentiment_analysis        - INFO - 37.292s - Chunk 2 processed successfully. Processed 1 person events.
2025-05-25 02:27:30 - inconsistency_detection   - INFO - N/A - (Stage 2) Inconsistency analysis for chunk 2 started
2025-05-25 02:27:30 - inconsistency_detection   - INFO - 0.012s - Chunk 2 processed successfully. Processed 1 person events.
2025-05-25 02:27:30 - person_summary            - INFO - N/A - (Stage 2.1) Person attitude analysis for chunk 2 started
2025-05-25 02:27:30 - person_summary            - INFO - N/A - Missing person ID for person_event 1 in chunk 2.
2025-05-25 02:27:30 - person_summary            - INFO - N/A - No sentiment history found for person Susan Collins in chunk 2, generating new.
2025-05-25 02:27:37 - event_scoring             - INFO - 31.500s - Successfully calculated event scores
2025-05-25 02:27:37 - event_scoring             - INFO - 31.500s - Chunk 1 processed successfully. Processed 1 general events.
2025-05-25 02:27:39 - sentiment_analysis        - INFO - 32.950s - Successfully got sentiment score
2025-05-25 02:27:39 - sentiment_analysis        - INFO - 32.950s - Chunk 1 processed successfully. Processed 1 person events.
2025-05-25 02:27:39 - inconsistency_detection   - INFO - N/A - (Stage 2) Inconsistency analysis for chunk 1 started
2025-05-25 02:27:39 - inconsistency_detection   - INFO - 0.012s - Chunk 1 processed successfully. Processed 1 person events.
2025-05-25 02:27:39 - person_summary            - INFO - N/A - (Stage 2.1) Person attitude analysis for chunk 1 started
2025-05-25 02:27:39 - person_summary            - INFO - N/A - Missing person ID for person_event 1 in chunk 1.
2025-05-25 02:27:39 - person_summary            - INFO - N/A - No sentiment history found for person Paula Glover in chunk 1, generating new.
2025-05-25 02:27:50 - person_summary            - ERROR - N/A - Error in refinement process: 'max_length'. Falling back to truncation.
2025-05-25 02:27:50 - person_summary            - INFO - 34.626s - Successfully got comment
2025-05-25 02:27:50 - person_summary            - INFO - 34.626s - Chunk 3 processed successfully. Processed 1 person events.
2025-05-25 02:27:50 - opinion_scoring           - INFO - N/A - (Stage 3) Opinion scoring for chunk 3 started
2025-05-25 02:28:00 - person_summary            - ERROR - N/A - Error in refinement process: 'max_length'. Falling back to truncation.
2025-05-25 02:28:00 - person_summary            - INFO - 30.426s - Successfully got comment
2025-05-25 02:28:00 - person_summary            - INFO - 30.426s - Chunk 2 processed successfully. Processed 1 person events.
2025-05-25 02:28:00 - opinion_scoring           - INFO - N/A - (Stage 3) Opinion scoring for chunk 2 started
2025-05-25 02:28:08 - person_summary            - INFO - 29.150s - Successfully got comment
2025-05-25 02:28:08 - person_summary            - INFO - 29.150s - Chunk 1 processed successfully. Processed 1 person events.
2025-05-25 02:28:08 - opinion_scoring           - INFO - N/A - (Stage 3) Opinion scoring for chunk 1 started
2025-05-25 02:28:13 - opinion_scoring           - INFO - 23.260s - Successfully calculated opinion scores
2025-05-25 02:28:13 - opinion_scoring           - INFO - 23.260s - Chunk 3 processed successfully. Processed 1 person events.
2025-05-25 02:28:13 - write_node                - INFO - N/A - (Stage 3) Scores without inconsistency case
2025-05-25 02:28:14 - write_node                - INFO - N/A - (Stage 2.1) Summary/attitude full case
2025-05-25 02:28:14 - write_node                - ERROR - N/A - Error processing person event: add_attitude_full() got an unexpected keyword argument 'is_expert_flag'
2025-05-25 02:28:14 - write_node                - INFO - N/A - Chunk 3 marked as processed
2025-05-25 02:28:18 - opinion_scoring           - INFO - 17.690s - Successfully calculated opinion scores
2025-05-25 02:28:18 - opinion_scoring           - INFO - 17.690s - Chunk 2 processed successfully. Processed 1 person events.
2025-05-25 02:28:18 - write_node                - INFO - N/A - (Stage 3) Scores without inconsistency case
2025-05-25 02:28:18 - write_node                - INFO - N/A - (Stage 2.1) Summary/attitude full case
2025-05-25 02:28:18 - write_node                - ERROR - N/A - Error processing person event: add_attitude_full() got an unexpected keyword argument 'is_expert_flag'
2025-05-25 02:28:18 - write_node                - INFO - N/A - Chunk 2 marked as processed
2025-05-25 02:28:22 - opinion_scoring           - INFO - 14.328s - Successfully calculated opinion scores
2025-05-25 02:28:22 - opinion_scoring           - INFO - 14.328s - Chunk 1 processed successfully. Processed 1 person events.
2025-05-25 02:28:22 - write_node                - ERROR - N/A - Event scores not saved correctly: Expected 0.8, 1.0, 0.5, 0.7949999999999999 but got 0.8, 1.0, 0.5, 0.795
2025-05-25 02:28:22 - write_node                - INFO - N/A - (Stage 3) Scores without inconsistency case
2025-05-25 02:28:22 - write_node                - INFO - N/A - (Stage 2.1) Summary/attitude full case
2025-05-25 02:28:22 - write_node                - ERROR - N/A - Error processing person event: add_attitude_full() got an unexpected keyword argument 'is_expert_flag'
2025-05-25 02:28:22 - write_node                - INFO - N/A - Chunk 1 marked as processed
2025-05-25 02:28:23 - main                      - INFO - N/A - Processed 142 of 142 chunks successfully
