2025-05-25 04:32:09 - main                      - INFO - N/A - Starting LangGraph with parallel processing
2025-05-25 04:32:10 - event_classifier          - INFO - N/A - (Stage 0) Processing chunk 142 started
2025-05-25 04:32:10 - event_classifier          - INFO - N/A - (Stage 0) Processing chunk 138 started
2025-05-25 04:32:10 - event_classifier          - INFO - N/A - (Stage 0) Processing chunk 141 started
2025-05-25 04:32:10 - event_classifier          - INFO - N/A - (Stage 0) Processing chunk 140 started
2025-05-25 04:32:26 - event_classifier          - WARNING - N/A - Received invalid JSON response: Expecting ',' delimiter: line 9 column 2 (char 447). Attempting to fix...
2025-05-25 04:32:26 - event_classifier          - WARNING - N/A - Failed parsing code block content with substring method
2025-05-25 04:32:26 - event_classifier          - WARNING - N/A - Failed to extract with regex: Unterminated string starting at: line 1 column 258 (char 257)
2025-05-25 04:32:26 - event_classifier          - INFO - 16.502s - Chunk 142 processed, (1) general events, (1) opinions.
2025-05-25 04:32:26 - event_scoring             - INFO - N/A - (Stage 1) Event scoring for chunk 142 started
2025-05-25 04:32:26 - sentiment_analysis        - INFO - N/A - (Stage 1) Sentiment analysis for chunk 142 started
2025-05-25 04:32:43 - event_classifier          - WARNING - N/A - Received invalid JSON response: Expecting ',' delimiter: line 9 column 2 (char 596). Attempting to fix...
2025-05-25 04:32:43 - event_classifier          - WARNING - N/A - Failed parsing code block content with substring method
2025-05-25 04:32:43 - event_classifier          - WARNING - N/A - Failed to extract with regex: Unterminated string starting at: line 1 column 346 (char 345)
2025-05-25 04:32:58 - event_classifier          - WARNING - N/A - Received invalid JSON response: Expecting ',' delimiter: line 9 column 2 (char 429). Attempting to fix...
2025-05-25 04:32:58 - event_classifier          - WARNING - N/A - Failed parsing code block content with substring method
2025-05-25 04:32:58 - event_classifier          - INFO - N/A - Successfully reconstructed JSON with regex field extraction
2025-05-25 04:32:58 - event_classifier          - INFO - 47.995s - Chunk 138 processed, (1) general events, (1) opinions.
2025-05-25 04:32:58 - event_scoring             - INFO - N/A - (Stage 1) Event scoring for chunk 138 started
2025-05-25 04:32:58 - sentiment_analysis        - INFO - N/A - (Stage 1) Sentiment analysis for chunk 138 started
2025-05-25 04:33:07 - event_classifier          - WARNING - N/A - Received invalid JSON response: Expecting ',' delimiter: line 9 column 2 (char 347). Attempting to fix...
2025-05-25 04:33:07 - event_classifier          - WARNING - N/A - Failed parsing code block content with substring method
2025-05-25 04:33:07 - event_classifier          - INFO - N/A - Successfully reconstructed JSON with regex field extraction
2025-05-25 04:33:07 - event_classifier          - INFO - 57.620s - Chunk 141 processed, (1) general events, (1) opinions.
2025-05-25 04:33:07 - event_scoring             - INFO - N/A - (Stage 1) Event scoring for chunk 141 started
2025-05-25 04:33:07 - sentiment_analysis        - INFO - N/A - (Stage 1) Sentiment analysis for chunk 141 started
2025-05-25 04:33:16 - event_scoring             - INFO - 50.472s - Successfully calculated event scores
2025-05-25 04:33:16 - event_scoring             - INFO - 50.472s - Chunk 142 processed successfully. Processed 1 general events.
2025-05-25 04:33:18 - sentiment_analysis        - INFO - 52.356s - Successfully got sentiment score
2025-05-25 04:33:18 - sentiment_analysis        - INFO - 52.356s - Chunk 142 processed successfully. Processed 1 person events.
2025-05-25 04:33:18 - inconsistency_detection   - INFO - N/A - (Stage 2) Inconsistency analysis for chunk 142 started
2025-05-25 04:33:18 - inconsistency_detection   - INFO - 0.016s - Chunk 142 processed successfully. Processed 1 person events.
2025-05-25 04:33:18 - person_summary            - INFO - N/A - (Stage 2.1) Person attitude analysis for chunk 142 started
2025-05-25 04:33:18 - person_summary            - INFO - N/A - Missing person ID for person_event 1 in chunk 142.
2025-05-25 04:33:18 - person_summary            - INFO - N/A - No sentiment history found for person Blakers in chunk 142, generating new.
2025-05-25 04:33:31 - event_classifier          - INFO - 80.993s - Chunk 140 processed, (1) general events, (1) opinions.
2025-05-25 04:33:31 - event_scoring             - INFO - N/A - (Stage 1) Event scoring for chunk 140 started
2025-05-25 04:33:31 - sentiment_analysis        - INFO - N/A - (Stage 1) Sentiment analysis for chunk 140 started
2025-05-25 04:33:39 - event_scoring             - INFO - 41.931s - Successfully calculated event scores
2025-05-25 04:33:39 - event_scoring             - INFO - 41.931s - Chunk 138 processed successfully. Processed 1 general events.
2025-05-25 04:33:41 - sentiment_analysis        - INFO - 43.816s - Successfully got sentiment score
2025-05-25 04:33:41 - sentiment_analysis        - INFO - 43.816s - Chunk 138 processed successfully. Processed 1 person events.
2025-05-25 04:33:41 - inconsistency_detection   - INFO - N/A - (Stage 2) Inconsistency analysis for chunk 138 started
2025-05-25 04:33:41 - inconsistency_detection   - INFO - 0.012s - Chunk 138 processed successfully. Processed 1 person events.
2025-05-25 04:33:41 - person_summary            - INFO - N/A - (Stage 2.1) Person attitude analysis for chunk 138 started
2025-05-25 04:33:41 - person_summary            - INFO - N/A - Missing person ID for person_event 1 in chunk 138.
2025-05-25 04:33:41 - person_summary            - INFO - N/A - No sentiment history found for person Solar Energy Industries Association in chunk 138, generating new.
2025-05-25 04:33:47 - event_scoring             - INFO - 40.257s - Successfully calculated event scores
2025-05-25 04:33:47 - event_scoring             - INFO - 40.257s - Chunk 141 processed successfully. Processed 1 general events.
2025-05-25 04:33:49 - sentiment_analysis        - INFO - 42.065s - Successfully got sentiment score
2025-05-25 04:33:49 - sentiment_analysis        - INFO - 42.065s - Chunk 141 processed successfully. Processed 1 person events.
2025-05-25 04:33:49 - inconsistency_detection   - INFO - N/A - (Stage 2) Inconsistency analysis for chunk 141 started
2025-05-25 04:33:49 - inconsistency_detection   - INFO - 0.012s - Chunk 141 processed successfully. Processed 1 person events.
2025-05-25 04:33:49 - person_summary            - INFO - N/A - (Stage 2.1) Person attitude analysis for chunk 141 started
2025-05-25 04:33:49 - person_summary            - INFO - N/A - Missing person ID for person_event 1 in chunk 141.
2025-05-25 04:33:49 - person_summary            - INFO - N/A - No sentiment history found for person Andrew Blakers in chunk 141, generating new.
2025-05-25 04:33:58 - person_summary            - INFO - 39.485s - Successfully got comment
2025-05-25 04:33:58 - person_summary            - INFO - 39.486s - Chunk 142 processed successfully. Processed 1 person events.
2025-05-25 04:33:58 - opinion_scoring           - INFO - N/A - (Stage 3) Opinion scoring for chunk 142 started
2025-05-25 04:34:07 - event_scoring             - INFO - 36.528s - Successfully calculated event scores
2025-05-25 04:34:07 - event_scoring             - INFO - 36.529s - Chunk 140 processed successfully. Processed 1 general events.
2025-05-25 04:34:09 - sentiment_analysis        - INFO - 38.333s - Successfully got sentiment score
2025-05-25 04:34:09 - sentiment_analysis        - INFO - 38.333s - Chunk 140 processed successfully. Processed 1 person events.
2025-05-25 04:34:09 - inconsistency_detection   - INFO - N/A - (Stage 2) Inconsistency analysis for chunk 140 started
2025-05-25 04:34:09 - inconsistency_detection   - INFO - 0.012s - Chunk 140 processed successfully. Processed 1 person events.
2025-05-25 04:34:09 - person_summary            - INFO - N/A - (Stage 2.1) Person attitude analysis for chunk 140 started
2025-05-25 04:34:09 - person_summary            - INFO - N/A - Missing person ID for person_event 1 in chunk 140.
2025-05-25 04:34:09 - person_summary            - INFO - N/A - No sentiment history found for person Robert Gleitz in chunk 140, generating new.
2025-05-25 04:34:18 - person_summary            - INFO - 36.811s - Successfully got comment
2025-05-25 04:34:18 - person_summary            - INFO - 36.812s - Chunk 138 processed successfully. Processed 1 person events.
2025-05-25 04:34:18 - opinion_scoring           - INFO - N/A - (Stage 3) Opinion scoring for chunk 138 started
2025-05-25 04:34:22 - person_summary            - INFO - 33.168s - Successfully got comment
2025-05-25 04:34:22 - person_summary            - INFO - 33.168s - Chunk 141 processed successfully. Processed 1 person events.
2025-05-25 04:34:22 - opinion_scoring           - INFO - N/A - (Stage 3) Opinion scoring for chunk 141 started
2025-05-25 04:34:28 - opinion_scoring           - INFO - 30.533s - Successfully calculated opinion scores
2025-05-25 04:34:28 - opinion_scoring           - INFO - 30.533s - Chunk 142 processed successfully. Processed 1 person events.
2025-05-25 04:34:29 - write_node                - INFO - N/A - (Stage 3) Scores without inconsistency case
2025-05-25 04:34:29 - write_node                - INFO - N/A - (Stage 2.1) Summary/attitude full case
2025-05-25 04:34:29 - write_node                - ERROR - N/A - Error processing person event: add_attitude_full() got an unexpected keyword argument 'is_expert_flag'
2025-05-25 04:34:29 - write_node                - INFO - N/A - Chunk 142 marked as processed
2025-05-25 04:34:29 - event_classifier          - INFO - N/A - (Stage 0) Processing chunk 139 started
2025-05-25 04:34:39 - person_summary            - INFO - 29.608s - Successfully got comment
2025-05-25 04:34:39 - person_summary            - INFO - 29.610s - Chunk 140 processed successfully. Processed 1 person events.
2025-05-25 04:34:39 - opinion_scoring           - INFO - N/A - (Stage 3) Opinion scoring for chunk 140 started
2025-05-25 04:34:45 - opinion_scoring           - INFO - 26.625s - Successfully calculated opinion scores
2025-05-25 04:34:45 - opinion_scoring           - INFO - 26.625s - Chunk 138 processed successfully. Processed 1 person events.
2025-05-25 04:34:45 - write_node                - INFO - N/A - (Stage 3) Scores without inconsistency case
2025-05-25 04:34:45 - write_node                - ERROR - N/A - Opinion scores not saved correctly for ID 2: hotness: expected 0.6549999999999999, got 0.655
2025-05-25 04:34:45 - write_node                - INFO - N/A - (Stage 2.1) Summary/attitude full case
2025-05-25 04:34:45 - write_node                - ERROR - N/A - Error processing person event: add_attitude_full() got an unexpected keyword argument 'is_expert_flag'
2025-05-25 04:34:45 - write_node                - INFO - N/A - Chunk 138 marked as processed
2025-05-25 04:34:46 - event_classifier          - INFO - N/A - (Stage 0) Processing chunk 136 started
2025-05-25 04:34:50 - opinion_scoring           - INFO - 27.110s - Successfully calculated opinion scores
2025-05-25 04:34:50 - opinion_scoring           - INFO - 27.110s - Chunk 141 processed successfully. Processed 1 person events.
2025-05-25 04:34:50 - write_node                - ERROR - N/A - Event scores not saved correctly: Expected 0.85, 0.75, 0.6, 0.7124999999999999 but got 0.85, 0.75, 0.6, 0.7125
2025-05-25 04:34:50 - write_node                - INFO - N/A - (Stage 3) Scores without inconsistency case
2025-05-25 04:34:50 - write_node                - ERROR - N/A - Opinion scores not saved correctly for ID 3: hotness: expected 0.7749999999999999, got 0.775
2025-05-25 04:34:50 - write_node                - INFO - N/A - (Stage 2.1) Summary/attitude full case
2025-05-25 04:34:50 - write_node                - ERROR - N/A - Error processing person event: add_attitude_full() got an unexpected keyword argument 'is_expert_flag'
2025-05-25 04:34:50 - write_node                - INFO - N/A - Chunk 141 marked as processed
2025-05-25 04:34:50 - event_classifier          - INFO - N/A - (Stage 0) Processing chunk 135 started
2025-05-25 04:35:02 - event_classifier          - WARNING - N/A - Received invalid JSON response: Expecting ',' delimiter: line 9 column 2 (char 412). Attempting to fix...
2025-05-25 04:35:02 - event_classifier          - WARNING - N/A - Failed parsing code block content with substring method
2025-05-25 04:35:02 - event_classifier          - INFO - N/A - Successfully reconstructed JSON with regex field extraction
2025-05-25 04:35:02 - event_classifier          - INFO - 32.950s - Chunk 139 processed, (1) general events, (1) opinions.
2025-05-25 04:35:02 - event_scoring             - INFO - N/A - (Stage 1) Event scoring for chunk 139 started
2025-05-25 04:35:02 - sentiment_analysis        - INFO - N/A - (Stage 1) Sentiment analysis for chunk 139 started
2025-05-25 04:35:09 - opinion_scoring           - INFO - 30.167s - Successfully calculated opinion scores
2025-05-25 04:35:09 - opinion_scoring           - INFO - 30.167s - Chunk 140 processed successfully. Processed 1 person events.
2025-05-25 04:35:09 - write_node                - INFO - N/A - (Stage 3) Scores without inconsistency case
2025-05-25 04:35:09 - write_node                - INFO - N/A - (Stage 2.1) Summary/attitude full case
2025-05-25 04:35:09 - write_node                - ERROR - N/A - Error processing person event: add_attitude_full() got an unexpected keyword argument 'is_expert_flag'
2025-05-25 04:35:09 - write_node                - INFO - N/A - Chunk 140 marked as processed
2025-05-25 04:35:09 - event_classifier          - INFO - N/A - (Stage 0) Processing chunk 137 started
2025-05-25 04:35:26 - event_classifier          - WARNING - N/A - Received invalid JSON response: Expecting ',' delimiter: line 9 column 2 (char 565). Attempting to fix...
2025-05-25 04:35:26 - event_classifier          - WARNING - N/A - Failed parsing code block content with substring method
2025-05-25 04:35:26 - event_classifier          - WARNING - N/A - Failed to extract with regex: Unterminated string starting at: line 1 column 319 (char 318)
2025-05-25 04:35:26 - event_classifier          - INFO - 40.147s - Chunk 136 processed, (1) general events, (1) opinions.
2025-05-25 04:35:26 - event_scoring             - INFO - N/A - (Stage 1) Event scoring for chunk 136 started
2025-05-25 04:35:26 - sentiment_analysis        - INFO - N/A - (Stage 1) Sentiment analysis for chunk 136 started
2025-05-25 04:35:36 - event_classifier          - WARNING - N/A - Received invalid JSON response: Expecting ',' delimiter: line 9 column 2 (char 352). Attempting to fix...
2025-05-25 04:35:36 - event_classifier          - WARNING - N/A - Failed parsing code block content with substring method
2025-05-25 04:35:36 - event_classifier          - INFO - N/A - Successfully reconstructed JSON with regex field extraction
2025-05-25 04:35:36 - event_classifier          - INFO - 45.740s - Chunk 135 processed, (1) general events, (1) opinions.
2025-05-25 04:35:36 - event_scoring             - INFO - N/A - (Stage 1) Event scoring for chunk 135 started
2025-05-25 04:35:36 - sentiment_analysis        - INFO - N/A - (Stage 1) Sentiment analysis for chunk 135 started
2025-05-25 04:35:42 - event_scoring             - INFO - 40.348s - Successfully calculated event scores
2025-05-25 04:35:42 - event_scoring             - INFO - 40.349s - Chunk 139 processed successfully. Processed 1 general events.
2025-05-25 04:35:44 - sentiment_analysis        - INFO - 42.149s - Successfully got sentiment score
2025-05-25 04:35:44 - sentiment_analysis        - INFO - 42.149s - Chunk 139 processed successfully. Processed 1 person events.
2025-05-25 04:35:44 - inconsistency_detection   - INFO - N/A - (Stage 2) Inconsistency analysis for chunk 139 started
2025-05-25 04:35:44 - inconsistency_detection   - INFO - 0.012s - Chunk 139 processed successfully. Processed 1 person events.
2025-05-25 04:35:44 - person_summary            - INFO - N/A - (Stage 2.1) Person attitude analysis for chunk 139 started
2025-05-25 04:35:44 - person_summary            - INFO - N/A - Missing person ID for person_event 1 in chunk 139.
2025-05-25 04:35:44 - person_summary            - INFO - N/A - No sentiment history found for person Unspecified in chunk 139, generating new.
2025-05-25 04:36:00 - event_classifier          - WARNING - N/A - Received invalid JSON response: Expecting ',' delimiter: line 9 column 2 (char 422). Attempting to fix...
2025-05-25 04:36:00 - event_classifier          - WARNING - N/A - Failed parsing code block content with substring method
2025-05-25 04:36:00 - event_classifier          - INFO - N/A - Successfully reconstructed JSON with regex field extraction
2025-05-25 04:36:00 - event_classifier          - INFO - 50.409s - Chunk 137 processed, (1) general events, (1) opinions.
2025-05-25 04:36:00 - event_scoring             - INFO - N/A - (Stage 1) Event scoring for chunk 137 started
2025-05-25 04:36:00 - sentiment_analysis        - INFO - N/A - (Stage 1) Sentiment analysis for chunk 137 started
2025-05-25 04:36:09 - event_scoring             - INFO - 43.010s - Successfully calculated event scores
2025-05-25 04:36:09 - event_scoring             - INFO - 43.011s - Chunk 136 processed successfully. Processed 1 general events.
2025-05-25 04:36:10 - sentiment_analysis        - INFO - 44.807s - Successfully got sentiment score
2025-05-25 04:36:10 - sentiment_analysis        - INFO - 44.808s - Chunk 136 processed successfully. Processed 1 person events.
2025-05-25 04:36:10 - inconsistency_detection   - INFO - N/A - (Stage 2) Inconsistency analysis for chunk 136 started
2025-05-25 04:36:11 - inconsistency_detection   - INFO - 0.012s - Chunk 136 processed successfully. Processed 1 person events.
2025-05-25 04:36:11 - person_summary            - INFO - N/A - (Stage 2.1) Person attitude analysis for chunk 136 started
2025-05-25 04:36:11 - person_summary            - INFO - N/A - Missing person ID for person_event 1 in chunk 136.
2025-05-25 04:36:11 - person_summary            - INFO - N/A - No sentiment history found for person Mark Wolfe in chunk 136, generating new.
2025-05-25 04:36:17 - event_scoring             - INFO - 40.950s - Successfully calculated event scores
2025-05-25 04:36:17 - event_scoring             - INFO - 40.951s - Chunk 135 processed successfully. Processed 1 general events.
2025-05-25 04:36:19 - sentiment_analysis        - INFO - 42.859s - Successfully got sentiment score
2025-05-25 04:36:19 - sentiment_analysis        - INFO - 42.859s - Chunk 135 processed successfully. Processed 1 person events.
2025-05-25 04:36:19 - inconsistency_detection   - INFO - N/A - (Stage 2) Inconsistency analysis for chunk 135 started
2025-05-25 04:36:19 - inconsistency_detection   - INFO - 0.012s - Chunk 135 processed successfully. Processed 1 person events.
2025-05-25 04:36:19 - person_summary            - INFO - N/A - (Stage 2.1) Person attitude analysis for chunk 135 started
2025-05-25 04:36:19 - person_summary            - INFO - N/A - Missing person ID for person_event 1 in chunk 135.
2025-05-25 04:36:19 - person_summary            - INFO - N/A - No sentiment history found for person Unspecified in chunk 135, generating new.
2025-05-25 04:36:24 - person_summary            - INFO - 40.232s - Successfully got comment
2025-05-25 04:36:24 - person_summary            - INFO - 40.233s - Chunk 139 processed successfully. Processed 1 person events.
2025-05-25 04:36:24 - opinion_scoring           - INFO - N/A - (Stage 3) Opinion scoring for chunk 139 started
2025-05-25 04:36:33 - event_scoring             - INFO - 32.754s - Successfully calculated event scores
2025-05-25 04:36:33 - event_scoring             - INFO - 32.754s - Chunk 137 processed successfully. Processed 1 general events.
2025-05-25 04:36:34 - sentiment_analysis        - INFO - 34.551s - Successfully got sentiment score
2025-05-25 04:36:34 - sentiment_analysis        - INFO - 34.551s - Chunk 137 processed successfully. Processed 1 person events.
2025-05-25 04:36:34 - inconsistency_detection   - INFO - N/A - (Stage 2) Inconsistency analysis for chunk 137 started
2025-05-25 04:36:34 - inconsistency_detection   - INFO - 0.010s - Chunk 137 processed successfully. Processed 1 person events.
2025-05-25 04:36:34 - person_summary            - INFO - N/A - (Stage 2.1) Person attitude analysis for chunk 137 started
2025-05-25 04:36:34 - person_summary            - INFO - N/A - Missing person ID for person_event 1 in chunk 137.
2025-05-25 04:36:34 - person_summary            - INFO - N/A - No sentiment history found for person Debbie Stabenow in chunk 137, generating new.
2025-05-25 04:36:45 - person_summary            - ERROR - N/A - Error in refinement process: 'max_length'. Falling back to truncation.
2025-05-25 04:36:45 - person_summary            - INFO - 34.173s - Successfully got comment
2025-05-25 04:36:45 - person_summary            - INFO - 34.175s - Chunk 136 processed successfully. Processed 1 person events.
2025-05-25 04:36:45 - opinion_scoring           - INFO - N/A - (Stage 3) Opinion scoring for chunk 136 started
2025-05-25 04:36:49 - person_summary            - INFO - 30.264s - Successfully got comment
2025-05-25 04:36:49 - person_summary            - INFO - 30.264s - Chunk 135 processed successfully. Processed 1 person events.
2025-05-25 04:36:49 - opinion_scoring           - INFO - N/A - (Stage 3) Opinion scoring for chunk 135 started
2025-05-25 04:36:55 - opinion_scoring           - INFO - 30.885s - Successfully calculated opinion scores
2025-05-25 04:36:55 - opinion_scoring           - INFO - 30.885s - Chunk 139 processed successfully. Processed 1 person events.
2025-05-25 04:36:55 - write_node                - INFO - N/A - (Stage 3) Scores without inconsistency case
2025-05-25 04:36:56 - write_node                - ERROR - N/A - Opinion scores not saved correctly for ID 5: hotness: expected 0.7749999999999999, got 0.775
2025-05-25 04:36:56 - write_node                - INFO - N/A - (Stage 2.1) Summary/attitude full case
2025-05-25 04:36:56 - write_node                - ERROR - N/A - Error processing person event: add_attitude_full() got an unexpected keyword argument 'is_expert_flag'
2025-05-25 04:36:56 - write_node                - INFO - N/A - Chunk 139 marked as processed
2025-05-25 04:36:56 - event_classifier          - INFO - N/A - (Stage 0) Processing chunk 134 started
2025-05-25 04:37:04 - person_summary            - INFO - 29.719s - Successfully got comment
2025-05-25 04:37:04 - person_summary            - INFO - 29.719s - Chunk 137 processed successfully. Processed 1 person events.
2025-05-25 04:37:04 - opinion_scoring           - INFO - N/A - (Stage 3) Opinion scoring for chunk 137 started
2025-05-25 04:37:10 - opinion_scoring           - INFO - 25.671s - Successfully calculated opinion scores
2025-05-25 04:37:10 - opinion_scoring           - INFO - 25.671s - Chunk 136 processed successfully. Processed 1 person events.
2025-05-25 04:37:10 - write_node                - INFO - N/A - (Stage 3) Scores without inconsistency case
2025-05-25 04:37:10 - write_node                - ERROR - N/A - Opinion scores not saved correctly for ID 6: hotness: expected 0.7749999999999999, got 0.775
2025-05-25 04:37:10 - write_node                - INFO - N/A - (Stage 2.1) Summary/attitude full case
2025-05-25 04:37:10 - write_node                - ERROR - N/A - Error processing person event: add_attitude_full() got an unexpected keyword argument 'is_expert_flag'
2025-05-25 04:37:11 - write_node                - INFO - N/A - Chunk 136 marked as processed
2025-05-25 04:37:11 - event_classifier          - INFO - N/A - (Stage 0) Processing chunk 133 started
2025-05-25 04:37:15 - opinion_scoring           - INFO - 25.937s - Successfully calculated opinion scores
2025-05-25 04:37:15 - opinion_scoring           - INFO - 25.937s - Chunk 135 processed successfully. Processed 1 person events.
2025-05-25 04:37:15 - write_node                - INFO - N/A - (Stage 3) Scores without inconsistency case
2025-05-25 04:37:15 - write_node                - ERROR - N/A - Opinion scores not saved correctly for ID 7: hotness: expected 0.7749999999999999, got 0.775
2025-05-25 04:37:15 - write_node                - INFO - N/A - (Stage 2.1) Summary/attitude full case
2025-05-25 04:37:15 - write_node                - ERROR - N/A - Error processing person event: add_attitude_full() got an unexpected keyword argument 'is_expert_flag'
2025-05-25 04:37:15 - write_node                - INFO - N/A - Chunk 135 marked as processed
2025-05-25 04:37:16 - event_classifier          - INFO - N/A - (Stage 0) Processing chunk 128 started
2025-05-25 04:37:30 - event_classifier          - WARNING - N/A - Received invalid JSON response: Expecting ',' delimiter: line 9 column 2 (char 490). Attempting to fix...
2025-05-25 04:37:30 - event_classifier          - WARNING - N/A - Failed parsing code block content with substring method
2025-05-25 04:37:30 - event_classifier          - WARNING - N/A - Failed to extract with regex: Unterminated string starting at: line 1 column 253 (char 252)
2025-05-25 04:37:30 - event_classifier          - INFO - 34.233s - Chunk 134 processed, (1) general events, (1) opinions.
2025-05-25 04:37:30 - event_scoring             - INFO - N/A - (Stage 1) Event scoring for chunk 134 started
2025-05-25 04:37:30 - sentiment_analysis        - INFO - N/A - (Stage 1) Sentiment analysis for chunk 134 started
2025-05-25 04:37:37 - opinion_scoring           - INFO - 32.633s - Successfully calculated opinion scores
2025-05-25 04:37:37 - opinion_scoring           - INFO - 32.633s - Chunk 137 processed successfully. Processed 1 person events.
2025-05-25 04:37:37 - write_node                - INFO - N/A - (Stage 3) Scores without inconsistency case
2025-05-25 04:37:37 - write_node                - INFO - N/A - (Stage 2.1) Summary/attitude full case
2025-05-25 04:37:37 - write_node                - ERROR - N/A - Error processing person event: add_attitude_full() got an unexpected keyword argument 'is_expert_flag'
2025-05-25 04:37:37 - write_node                - INFO - N/A - Chunk 137 marked as processed
2025-05-25 04:37:37 - event_classifier          - INFO - N/A - (Stage 0) Processing chunk 129 started
2025-05-25 04:37:55 - event_classifier          - WARNING - N/A - Received invalid JSON response: Expecting ',' delimiter: line 9 column 2 (char 523). Attempting to fix...
2025-05-25 04:37:55 - event_classifier          - WARNING - N/A - Failed parsing code block content with substring method
2025-05-25 04:37:55 - event_classifier          - WARNING - N/A - Failed to extract with regex: Unterminated string starting at: line 1 column 219 (char 218)
2025-05-25 04:37:55 - event_classifier          - INFO - 44.320s - Chunk 133 processed, (1) general events, (1) opinions.
2025-05-25 04:37:55 - event_scoring             - INFO - N/A - (Stage 1) Event scoring for chunk 133 started
2025-05-25 04:37:56 - sentiment_analysis        - INFO - N/A - (Stage 1) Sentiment analysis for chunk 133 started
2025-05-25 04:38:07 - event_classifier          - WARNING - N/A - Received invalid JSON response: Expecting ',' delimiter: line 9 column 2 (char 373). Attempting to fix...
2025-05-25 04:38:07 - event_classifier          - WARNING - N/A - Failed parsing code block content with substring method
2025-05-25 04:38:07 - event_classifier          - INFO - N/A - Successfully reconstructed JSON with regex field extraction
2025-05-25 04:38:07 - event_classifier          - INFO - 51.407s - Chunk 128 processed, (1) general events, (1) opinions.
2025-05-25 04:38:07 - event_scoring             - INFO - N/A - (Stage 1) Event scoring for chunk 128 started
2025-05-25 04:38:07 - sentiment_analysis        - INFO - N/A - (Stage 1) Sentiment analysis for chunk 128 started
2025-05-25 04:38:15 - event_scoring             - INFO - 45.161s - Successfully calculated event scores
2025-05-25 04:38:15 - event_scoring             - INFO - 45.162s - Chunk 134 processed successfully. Processed 1 general events.
2025-05-25 04:38:17 - sentiment_analysis        - INFO - 47.054s - Successfully got sentiment score
2025-05-25 04:38:17 - sentiment_analysis        - INFO - 47.054s - Chunk 134 processed successfully. Processed 1 person events.
2025-05-25 04:38:17 - inconsistency_detection   - INFO - N/A - (Stage 2) Inconsistency analysis for chunk 134 started
2025-05-25 04:38:17 - inconsistency_detection   - INFO - 0.012s - Chunk 134 processed successfully. Processed 1 person events.
2025-05-25 04:38:17 - person_summary            - INFO - N/A - (Stage 2.1) Person attitude analysis for chunk 134 started
2025-05-25 04:38:17 - person_summary            - INFO - N/A - Missing person ID for person_event 1 in chunk 134.
2025-05-25 04:38:17 - person_summary            - INFO - N/A - No sentiment history found for person Dr. Wayne Martindale in chunk 134, generating new.
2025-05-25 04:38:35 - event_classifier          - WARNING - N/A - Received invalid JSON response: Expecting ',' delimiter: line 9 column 2 (char 527). Attempting to fix...
2025-05-25 04:38:35 - event_classifier          - WARNING - N/A - Failed parsing code block content with substring method
2025-05-25 04:38:35 - event_classifier          - WARNING - N/A - Failed to extract with regex: Unterminated string starting at: line 1 column 269 (char 268)
2025-05-25 04:38:35 - event_classifier          - INFO - 57.556s - Chunk 129 processed, (1) general events, (1) opinions.
2025-05-25 04:38:35 - event_scoring             - INFO - N/A - (Stage 1) Event scoring for chunk 129 started
2025-05-25 04:38:35 - sentiment_analysis        - INFO - N/A - (Stage 1) Sentiment analysis for chunk 129 started
2025-05-25 04:38:44 - event_scoring             - INFO - 48.237s - Successfully calculated event scores
2025-05-25 04:38:44 - event_scoring             - INFO - 48.238s - Chunk 133 processed successfully. Processed 1 general events.
2025-05-25 04:38:46 - sentiment_analysis        - INFO - 50.023s - Successfully got sentiment score
2025-05-25 04:38:46 - sentiment_analysis        - INFO - 50.023s - Chunk 133 processed successfully. Processed 1 person events.
2025-05-25 04:38:46 - inconsistency_detection   - INFO - N/A - (Stage 2) Inconsistency analysis for chunk 133 started
2025-05-25 04:38:46 - inconsistency_detection   - INFO - 0.012s - Chunk 133 processed successfully. Processed 1 person events.
2025-05-25 04:38:46 - person_summary            - INFO - N/A - (Stage 2.1) Person attitude analysis for chunk 133 started
2025-05-25 04:38:46 - person_summary            - INFO - N/A - Missing person ID for person_event 1 in chunk 133.
2025-05-25 04:38:46 - person_summary            - INFO - N/A - No sentiment history found for person Arina Shokouhi in chunk 133, generating new.
2025-05-25 04:38:54 - event_scoring             - INFO - 46.372s - Successfully calculated event scores
2025-05-25 04:38:54 - event_scoring             - INFO - 46.372s - Chunk 128 processed successfully. Processed 1 general events.
2025-05-25 04:38:55 - sentiment_analysis        - INFO - 48.271s - Successfully got sentiment score
2025-05-25 04:38:55 - sentiment_analysis        - INFO - 48.271s - Chunk 128 processed successfully. Processed 1 person events.
2025-05-25 04:38:55 - inconsistency_detection   - INFO - N/A - (Stage 2) Inconsistency analysis for chunk 128 started
2025-05-25 04:38:55 - inconsistency_detection   - INFO - 0.011s - Chunk 128 processed successfully. Processed 1 person events.
2025-05-25 04:38:55 - person_summary            - INFO - N/A - (Stage 2.1) Person attitude analysis for chunk 128 started
2025-05-25 04:38:55 - person_summary            - INFO - N/A - Missing person ID for person_event 1 in chunk 128.
2025-05-25 04:38:55 - person_summary            - INFO - N/A - No sentiment history found for person Seasoned caretakers in chunk 128, generating new.
2025-05-25 04:39:03 - person_summary            - INFO - 45.883s - Successfully got comment
2025-05-25 04:39:03 - person_summary            - INFO - 45.883s - Chunk 134 processed successfully. Processed 1 person events.
2025-05-25 04:39:03 - opinion_scoring           - INFO - N/A - (Stage 3) Opinion scoring for chunk 134 started
2025-05-25 04:39:12 - event_scoring             - INFO - 36.775s - Successfully calculated event scores
2025-05-25 04:39:12 - event_scoring             - INFO - 36.776s - Chunk 129 processed successfully. Processed 1 general events.
2025-05-25 04:39:14 - sentiment_analysis        - INFO - 38.674s - Successfully got sentiment score
2025-05-25 04:39:14 - sentiment_analysis        - INFO - 38.674s - Chunk 129 processed successfully. Processed 1 person events.
2025-05-25 04:39:14 - inconsistency_detection   - INFO - N/A - (Stage 2) Inconsistency analysis for chunk 129 started
2025-05-25 04:39:14 - inconsistency_detection   - INFO - 0.012s - Chunk 129 processed successfully. Processed 1 person events.
2025-05-25 04:39:14 - person_summary            - INFO - N/A - (Stage 2.1) Person attitude analysis for chunk 129 started
2025-05-25 04:39:14 - person_summary            - INFO - N/A - Missing person ID for person_event 1 in chunk 129.
2025-05-25 04:39:14 - person_summary            - INFO - N/A - No sentiment history found for person Dr. Loren R. Oki in chunk 129, generating new.
2025-05-25 04:39:25 - person_summary            - ERROR - N/A - Error in refinement process: 'max_length'. Falling back to truncation.
2025-05-25 04:39:25 - person_summary            - INFO - 39.071s - Successfully got comment
2025-05-25 04:39:25 - person_summary            - INFO - 39.072s - Chunk 133 processed successfully. Processed 1 person events.
2025-05-25 04:39:25 - opinion_scoring           - INFO - N/A - (Stage 3) Opinion scoring for chunk 133 started
2025-05-25 04:39:31 - person_summary            - INFO - 35.510s - Successfully got comment
2025-05-25 04:39:31 - person_summary            - INFO - 35.512s - Chunk 128 processed successfully. Processed 1 person events.
2025-05-25 04:39:31 - opinion_scoring           - INFO - N/A - (Stage 3) Opinion scoring for chunk 128 started
2025-05-25 04:39:37 - opinion_scoring           - INFO - 33.800s - Successfully calculated opinion scores
2025-05-25 04:39:37 - opinion_scoring           - INFO - 33.800s - Chunk 134 processed successfully. Processed 1 person events.
2025-05-25 04:39:37 - write_node                - INFO - N/A - (Stage 3) Scores without inconsistency case
2025-05-25 04:39:37 - write_node                - ERROR - N/A - Opinion scores not saved correctly for ID 9: hotness: expected 0.44499999999999995, got 0.445
2025-05-25 04:39:37 - write_node                - INFO - N/A - (Stage 2.1) Summary/attitude full case
2025-05-25 04:39:37 - write_node                - ERROR - N/A - Error processing person event: add_attitude_full() got an unexpected keyword argument 'is_expert_flag'
2025-05-25 04:39:37 - write_node                - INFO - N/A - Chunk 134 marked as processed
2025-05-25 04:39:38 - event_classifier          - INFO - N/A - (Stage 0) Processing chunk 130 started
2025-05-25 04:39:45 - person_summary            - INFO - 30.868s - Successfully got comment
2025-05-25 04:39:45 - person_summary            - INFO - 30.870s - Chunk 129 processed successfully. Processed 1 person events.
2025-05-25 04:39:45 - opinion_scoring           - INFO - N/A - (Stage 3) Opinion scoring for chunk 129 started
2025-05-25 04:39:51 - opinion_scoring           - INFO - 26.640s - Successfully calculated opinion scores
2025-05-25 04:39:51 - opinion_scoring           - INFO - 26.640s - Chunk 133 processed successfully. Processed 1 person events.
2025-05-25 04:39:51 - write_node                - INFO - N/A - (Stage 3) Scores without inconsistency case
2025-05-25 04:39:51 - write_node                - ERROR - N/A - Opinion scores not saved correctly for ID 10: hotness: expected 0.7749999999999999, got 0.775
2025-05-25 04:39:51 - write_node                - INFO - N/A - (Stage 2.1) Summary/attitude full case
2025-05-25 04:39:51 - write_node                - ERROR - N/A - Error processing person event: add_attitude_full() got an unexpected keyword argument 'is_expert_flag'
2025-05-25 04:39:51 - write_node                - INFO - N/A - Chunk 133 marked as processed
2025-05-25 04:39:52 - event_classifier          - INFO - N/A - (Stage 0) Processing chunk 131 started
2025-05-25 04:39:56 - opinion_scoring           - INFO - 24.837s - Successfully calculated opinion scores
2025-05-25 04:39:56 - opinion_scoring           - INFO - 24.838s - Chunk 128 processed successfully. Processed 1 person events.
2025-05-25 04:39:56 - write_node                - INFO - N/A - (Stage 3) Scores without inconsistency case
2025-05-25 04:39:56 - write_node                - INFO - N/A - (Stage 2.1) Summary/attitude full case
2025-05-25 04:39:56 - write_node                - ERROR - N/A - Error processing person event: add_attitude_full() got an unexpected keyword argument 'is_expert_flag'
2025-05-25 04:39:56 - write_node                - INFO - N/A - Chunk 128 marked as processed
2025-05-25 04:39:57 - event_classifier          - INFO - N/A - (Stage 0) Processing chunk 132 started
2025-05-25 04:40:10 - event_classifier          - WARNING - N/A - Received invalid JSON response: Expecting ',' delimiter: line 9 column 2 (char 318). Attempting to fix...
2025-05-25 04:40:10 - event_classifier          - WARNING - N/A - Failed parsing code block content with substring method
2025-05-25 04:40:10 - event_classifier          - WARNING - N/A - Failed to extract with regex: Unterminated string starting at: line 1 column 253 (char 252)
2025-05-25 04:40:10 - event_classifier          - INFO - 31.982s - Chunk 130 processed, (1) general events, (1) opinions.
2025-05-25 04:40:10 - event_scoring             - INFO - N/A - (Stage 1) Event scoring for chunk 130 started
2025-05-25 04:40:10 - sentiment_analysis        - INFO - N/A - (Stage 1) Sentiment analysis for chunk 130 started
2025-05-25 04:40:16 - opinion_scoring           - INFO - 31.617s - Successfully calculated opinion scores
2025-05-25 04:40:16 - opinion_scoring           - INFO - 31.617s - Chunk 129 processed successfully. Processed 1 person events.
2025-05-25 04:40:16 - write_node                - INFO - N/A - (Stage 3) Scores without inconsistency case
2025-05-25 04:40:16 - write_node                - INFO - N/A - (Stage 2.1) Summary/attitude full case
2025-05-25 04:40:16 - write_node                - ERROR - N/A - Error processing person event: add_attitude_full() got an unexpected keyword argument 'is_expert_flag'
2025-05-25 04:40:16 - write_node                - INFO - N/A - Chunk 129 marked as processed
2025-05-25 04:40:17 - event_classifier          - INFO - N/A - (Stage 0) Processing chunk 127 started
2025-05-25 04:40:28 - event_classifier          - WARNING - N/A - Received invalid JSON response: Invalid control character at: line 8 column 141 (char 371). Attempting to fix...
2025-05-25 04:40:28 - event_classifier          - WARNING - N/A - Failed parsing code block content with substring method
2025-05-25 04:40:28 - event_classifier          - WARNING - N/A - Failed to extract with regex: Unterminated string starting at: line 1 column 228 (char 227)
2025-05-25 04:40:28 - event_classifier          - INFO - 35.888s - Chunk 131 processed, (1) general events, (1) opinions.
2025-05-25 04:40:28 - event_scoring             - INFO - N/A - (Stage 1) Event scoring for chunk 131 started
2025-05-25 04:40:28 - sentiment_analysis        - INFO - N/A - (Stage 1) Sentiment analysis for chunk 131 started
2025-05-25 04:40:40 - event_classifier          - WARNING - N/A - Received invalid JSON response: Expecting ',' delimiter: line 9 column 2 (char 335). Attempting to fix...
2025-05-25 04:40:40 - event_classifier          - WARNING - N/A - Failed parsing code block content with substring method
2025-05-25 04:40:40 - event_classifier          - INFO - N/A - Successfully reconstructed JSON with regex field extraction
2025-05-25 04:40:40 - event_classifier          - INFO - 43.870s - Chunk 132 processed, (1) general events, (1) opinions.
2025-05-25 04:40:40 - event_scoring             - INFO - N/A - (Stage 1) Event scoring for chunk 132 started
2025-05-25 04:40:40 - sentiment_analysis        - INFO - N/A - (Stage 1) Sentiment analysis for chunk 132 started
2025-05-25 04:40:49 - event_scoring             - INFO - 39.535s - Successfully calculated event scores
2025-05-25 04:40:49 - event_scoring             - INFO - 39.536s - Chunk 130 processed successfully. Processed 1 general events.
2025-05-25 04:40:51 - sentiment_analysis        - INFO - 41.324s - Successfully got sentiment score
2025-05-25 04:40:51 - sentiment_analysis        - INFO - 41.324s - Chunk 130 processed successfully. Processed 1 person events.
2025-05-25 04:40:51 - inconsistency_detection   - INFO - N/A - (Stage 2) Inconsistency analysis for chunk 130 started
2025-05-25 04:40:51 - inconsistency_detection   - INFO - 0.012s - Chunk 130 processed successfully. Processed 1 person events.
2025-05-25 04:40:51 - person_summary            - INFO - N/A - (Stage 2.1) Person attitude analysis for chunk 130 started
2025-05-25 04:40:51 - person_summary            - INFO - N/A - Missing person ID for person_event 1 in chunk 130.
2025-05-25 04:40:51 - person_summary            - INFO - N/A - No sentiment history found for person Andreas Szankay in chunk 130, generating new.
2025-05-25 04:41:03 - event_classifier          - WARNING - N/A - Received invalid JSON response: Expecting ',' delimiter: line 9 column 2 (char 471). Attempting to fix...
2025-05-25 04:41:03 - event_classifier          - WARNING - N/A - Failed parsing code block content with substring method
2025-05-25 04:41:03 - event_classifier          - INFO - N/A - Successfully reconstructed JSON with regex field extraction
2025-05-25 04:41:03 - event_classifier          - INFO - 46.424s - Chunk 127 processed, (1) general events, (1) opinions.
2025-05-25 04:41:03 - event_scoring             - INFO - N/A - (Stage 1) Event scoring for chunk 127 started
2025-05-25 04:41:03 - sentiment_analysis        - INFO - N/A - (Stage 1) Sentiment analysis for chunk 127 started
2025-05-25 04:41:10 - event_scoring             - INFO - 41.963s - Successfully calculated event scores
2025-05-25 04:41:10 - event_scoring             - INFO - 41.963s - Chunk 131 processed successfully. Processed 1 general events.
2025-05-25 04:41:12 - sentiment_analysis        - INFO - 43.753s - Successfully got sentiment score
2025-05-25 04:41:12 - sentiment_analysis        - INFO - 43.753s - Chunk 131 processed successfully. Processed 1 person events.
2025-05-25 04:41:12 - inconsistency_detection   - INFO - N/A - (Stage 2) Inconsistency analysis for chunk 131 started
2025-05-25 04:41:12 - inconsistency_detection   - INFO - 0.012s - Chunk 131 processed successfully. Processed 1 person events.
2025-05-25 04:41:12 - person_summary            - INFO - N/A - (Stage 2.1) Person attitude analysis for chunk 131 started
2025-05-25 04:41:12 - person_summary            - INFO - N/A - Missing person ID for person_event 1 in chunk 131.
2025-05-25 04:41:12 - person_summary            - INFO - N/A - No sentiment history found for person Sarah Bidwell in chunk 131, generating new.
2025-05-25 04:41:20 - event_scoring             - INFO - 39.567s - Successfully calculated event scores
2025-05-25 04:41:20 - event_scoring             - INFO - 39.567s - Chunk 132 processed successfully. Processed 1 general events.
2025-05-25 04:41:22 - sentiment_analysis        - INFO - 41.461s - Successfully got sentiment score
2025-05-25 04:41:22 - sentiment_analysis        - INFO - 41.461s - Chunk 132 processed successfully. Processed 1 person events.
2025-05-25 04:41:22 - inconsistency_detection   - INFO - N/A - (Stage 2) Inconsistency analysis for chunk 132 started
2025-05-25 04:41:22 - inconsistency_detection   - INFO - 0.012s - Chunk 132 processed successfully. Processed 1 person events.
2025-05-25 04:41:22 - person_summary            - INFO - N/A - (Stage 2.1) Person attitude analysis for chunk 132 started
2025-05-25 04:41:22 - person_summary            - INFO - N/A - Missing person ID for person_event 1 in chunk 132.
2025-05-25 04:41:22 - person_summary            - INFO - N/A - No sentiment history found for person @the.plant.baddie in chunk 132, generating new.
2025-05-25 04:41:32 - person_summary            - INFO - 40.659s - Successfully got comment
2025-05-25 04:41:32 - person_summary            - INFO - 40.660s - Chunk 130 processed successfully. Processed 1 person events.
2025-05-25 04:41:32 - opinion_scoring           - INFO - N/A - (Stage 3) Opinion scoring for chunk 130 started
2025-05-25 04:41:38 - event_scoring             - INFO - 34.707s - Successfully calculated event scores
2025-05-25 04:41:38 - event_scoring             - INFO - 34.708s - Chunk 127 processed successfully. Processed 1 general events.
2025-05-25 04:41:40 - sentiment_analysis        - INFO - 36.434s - Successfully got sentiment score
2025-05-25 04:41:40 - sentiment_analysis        - INFO - 36.434s - Chunk 127 processed successfully. Processed 1 person events.
2025-05-25 04:41:40 - inconsistency_detection   - INFO - N/A - (Stage 2) Inconsistency analysis for chunk 127 started
2025-05-25 04:41:40 - inconsistency_detection   - INFO - 0.012s - Chunk 127 processed successfully. Processed 1 person events.
2025-05-25 04:41:40 - person_summary            - INFO - N/A - (Stage 2.1) Person attitude analysis for chunk 127 started
2025-05-25 04:41:40 - person_summary            - INFO - N/A - Missing person ID for person_event 1 in chunk 127.
2025-05-25 04:41:40 - person_summary            - INFO - N/A - No sentiment history found for person George Saitoti in chunk 127, generating new.
2025-05-25 04:41:45 - person_summary            - INFO - 33.099s - Successfully got comment
2025-05-25 04:41:45 - person_summary            - INFO - 33.100s - Chunk 131 processed successfully. Processed 1 person events.
2025-05-25 04:41:45 - opinion_scoring           - INFO - N/A - (Stage 3) Opinion scoring for chunk 131 started
2025-05-25 04:41:51 - person_summary            - INFO - 29.511s - Successfully got comment
2025-05-25 04:41:51 - person_summary            - INFO - 29.512s - Chunk 132 processed successfully. Processed 1 person events.
2025-05-25 04:41:51 - opinion_scoring           - INFO - N/A - (Stage 3) Opinion scoring for chunk 132 started
2025-05-25 04:41:58 - opinion_scoring           - INFO - 25.740s - Successfully calculated opinion scores
2025-05-25 04:41:58 - opinion_scoring           - INFO - 25.741s - Chunk 130 processed successfully. Processed 1 person events.
2025-05-25 04:41:58 - write_node                - INFO - N/A - (Stage 3) Scores without inconsistency case
2025-05-25 04:41:58 - write_node                - ERROR - N/A - Opinion scores not saved correctly for ID 13: hotness: expected 0.44499999999999995, got 0.445
2025-05-25 04:41:58 - write_node                - INFO - N/A - (Stage 2.1) Summary/attitude full case
2025-05-25 04:41:58 - write_node                - ERROR - N/A - Error processing person event: add_attitude_full() got an unexpected keyword argument 'is_expert_flag'
2025-05-25 04:41:58 - write_node                - INFO - N/A - Chunk 130 marked as processed
2025-05-25 04:41:58 - event_classifier          - INFO - N/A - (Stage 0) Processing chunk 126 started
2025-05-25 04:42:03 - person_summary            - INFO - 23.076s - Successfully got comment
2025-05-25 04:42:03 - person_summary            - INFO - 23.076s - Chunk 127 processed successfully. Processed 1 person events.
2025-05-25 04:42:03 - opinion_scoring           - INFO - N/A - (Stage 3) Opinion scoring for chunk 127 started
2025-05-25 04:42:09 - opinion_scoring           - INFO - 24.448s - Successfully calculated opinion scores
2025-05-25 04:42:09 - opinion_scoring           - INFO - 24.448s - Chunk 131 processed successfully. Processed 1 person events.
2025-05-25 04:42:09 - write_node                - INFO - N/A - (Stage 3) Scores without inconsistency case
2025-05-25 04:42:09 - write_node                - INFO - N/A - (Stage 2.1) Summary/attitude full case
2025-05-25 04:42:09 - write_node                - ERROR - N/A - Error processing person event: add_attitude_full() got an unexpected keyword argument 'is_expert_flag'
2025-05-25 04:42:09 - write_node                - INFO - N/A - Chunk 131 marked as processed
2025-05-25 04:42:10 - event_classifier          - INFO - N/A - (Stage 0) Processing chunk 125 started
2025-05-25 04:42:14 - opinion_scoring           - INFO - 22.324s - Successfully calculated opinion scores
2025-05-25 04:42:14 - opinion_scoring           - INFO - 22.334s - Chunk 132 processed successfully. Processed 1 person events.
2025-05-25 04:42:14 - write_node                - INFO - N/A - (Stage 3) Scores without inconsistency case
2025-05-25 04:42:14 - write_node                - INFO - N/A - (Stage 2.1) Summary/attitude full case
2025-05-25 04:42:14 - write_node                - ERROR - N/A - Error processing person event: add_attitude_full() got an unexpected keyword argument 'is_expert_flag'
2025-05-25 04:42:14 - write_node                - INFO - N/A - Chunk 132 marked as processed
2025-05-25 04:42:14 - event_classifier          - INFO - N/A - (Stage 0) Processing chunk 124 started
2025-05-25 04:42:28 - event_classifier          - WARNING - N/A - Received invalid JSON response: Expecting ',' delimiter: line 9 column 2 (char 426). Attempting to fix...
2025-05-25 04:42:28 - event_classifier          - WARNING - N/A - Failed parsing code block content with substring method
2025-05-25 04:42:28 - event_classifier          - WARNING - N/A - Failed to extract with regex: Unterminated string starting at: line 1 column 199 (char 198)
2025-05-25 04:42:28 - event_classifier          - INFO - 29.774s - Chunk 126 processed, (1) general events, (1) opinions.
2025-05-25 04:42:28 - event_scoring             - INFO - N/A - (Stage 1) Event scoring for chunk 126 started
2025-05-25 04:42:28 - sentiment_analysis        - INFO - N/A - (Stage 1) Sentiment analysis for chunk 126 started
2025-05-25 04:42:34 - opinion_scoring           - INFO - 31.198s - Successfully calculated opinion scores
2025-05-25 04:42:34 - opinion_scoring           - INFO - 31.198s - Chunk 127 processed successfully. Processed 1 person events.
2025-05-25 04:42:34 - write_node                - INFO - N/A - (Stage 3) Scores without inconsistency case
2025-05-25 04:42:34 - write_node                - INFO - N/A - (Stage 2.1) Summary/attitude full case
2025-05-25 04:42:34 - write_node                - ERROR - N/A - Error processing person event: add_attitude_full() got an unexpected keyword argument 'is_expert_flag'
2025-05-25 04:42:34 - write_node                - INFO - N/A - Chunk 127 marked as processed
2025-05-25 04:42:35 - event_classifier          - INFO - N/A - (Stage 0) Processing chunk 123 started
2025-05-25 04:42:49 - event_classifier          - WARNING - N/A - Received invalid JSON response: Expecting ',' delimiter: line 9 column 2 (char 385). Attempting to fix...
2025-05-25 04:42:49 - event_classifier          - WARNING - N/A - Failed parsing code block content with substring method
2025-05-25 04:42:49 - event_classifier          - INFO - N/A - Successfully reconstructed JSON with regex field extraction
2025-05-25 04:42:49 - event_classifier          - INFO - 38.656s - Chunk 125 processed, (1) general events, (1) opinions.
2025-05-25 04:42:49 - event_scoring             - INFO - N/A - (Stage 1) Event scoring for chunk 125 started
2025-05-25 04:42:49 - sentiment_analysis        - INFO - N/A - (Stage 1) Sentiment analysis for chunk 125 started
2025-05-25 04:43:00 - event_classifier          - WARNING - N/A - Received invalid JSON response: Expecting ',' delimiter: line 9 column 2 (char 299). Attempting to fix...
2025-05-25 04:43:00 - event_classifier          - WARNING - N/A - Failed parsing code block content with substring method
2025-05-25 04:43:00 - event_classifier          - WARNING - N/A - Failed to extract with regex: Unterminated string starting at: line 1 column 210 (char 209)
2025-05-25 04:43:00 - event_classifier          - INFO - 45.692s - Chunk 124 processed, (1) general events, (1) opinions.
2025-05-25 04:43:00 - event_scoring             - INFO - N/A - (Stage 1) Event scoring for chunk 124 started
2025-05-25 04:43:00 - sentiment_analysis        - INFO - N/A - (Stage 1) Sentiment analysis for chunk 124 started
2025-05-25 04:43:09 - event_scoring             - INFO - 40.642s - Successfully calculated event scores
2025-05-25 04:43:09 - event_scoring             - INFO - 40.644s - Chunk 126 processed successfully. Processed 1 general events.
2025-05-25 04:43:11 - sentiment_analysis        - INFO - 42.541s - Successfully got sentiment score
2025-05-25 04:43:11 - sentiment_analysis        - INFO - 42.542s - Chunk 126 processed successfully. Processed 1 person events.
2025-05-25 04:43:11 - inconsistency_detection   - INFO - N/A - (Stage 2) Inconsistency analysis for chunk 126 started
2025-05-25 04:43:11 - inconsistency_detection   - INFO - 0.012s - Chunk 126 processed successfully. Processed 1 person events.
2025-05-25 04:43:11 - person_summary            - INFO - N/A - (Stage 2.1) Person attitude analysis for chunk 126 started
2025-05-25 04:43:11 - person_summary            - INFO - N/A - Missing person ID for person_event 1 in chunk 126.
2025-05-25 04:43:11 - person_summary            - INFO - N/A - No sentiment history found for person Helena Geingos in chunk 126, generating new.
2025-05-25 04:43:28 - event_classifier          - WARNING - N/A - Received invalid JSON response: Expecting ',' delimiter: line 9 column 2 (char 492). Attempting to fix...
2025-05-25 04:43:28 - event_classifier          - WARNING - N/A - Failed parsing code block content with substring method
2025-05-25 04:43:28 - event_classifier          - WARNING - N/A - Failed to extract with regex: Unterminated string starting at: line 1 column 279 (char 278)
2025-05-25 04:43:28 - event_classifier          - INFO - 53.004s - Chunk 123 processed, (1) general events, (1) opinions.
2025-05-25 04:43:28 - event_scoring             - INFO - N/A - (Stage 1) Event scoring for chunk 123 started
2025-05-25 04:43:28 - sentiment_analysis        - INFO - N/A - (Stage 1) Sentiment analysis for chunk 123 started
2025-05-25 04:43:36 - event_scoring             - INFO - 47.061s - Successfully calculated event scores
2025-05-25 04:43:36 - event_scoring             - INFO - 47.061s - Chunk 125 processed successfully. Processed 1 general events.
2025-05-25 04:43:37 - sentiment_analysis        - INFO - 48.845s - Successfully got sentiment score
2025-05-25 04:43:37 - sentiment_analysis        - INFO - 48.845s - Chunk 125 processed successfully. Processed 1 person events.
2025-05-25 04:43:37 - inconsistency_detection   - INFO - N/A - (Stage 2) Inconsistency analysis for chunk 125 started
2025-05-25 04:43:37 - inconsistency_detection   - INFO - 0.016s - Chunk 125 processed successfully. Processed 1 person events.
2025-05-25 04:43:37 - person_summary            - INFO - N/A - (Stage 2.1) Person attitude analysis for chunk 125 started
2025-05-25 04:43:37 - person_summary            - INFO - N/A - Missing person ID for person_event 1 in chunk 125.
2025-05-25 04:43:37 - person_summary            - INFO - N/A - No sentiment history found for person Monica Geingos in chunk 125, generating new.
2025-05-25 04:43:45 - event_scoring             - INFO - 44.518s - Successfully calculated event scores
2025-05-25 04:43:45 - event_scoring             - INFO - 44.518s - Chunk 124 processed successfully. Processed 1 general events.
2025-05-25 04:43:46 - sentiment_analysis        - INFO - 46.305s - Successfully got sentiment score
2025-05-25 04:43:46 - sentiment_analysis        - INFO - 46.305s - Chunk 124 processed successfully. Processed 1 person events.
2025-05-25 04:43:46 - inconsistency_detection   - INFO - N/A - (Stage 2) Inconsistency analysis for chunk 124 started
2025-05-25 04:43:46 - inconsistency_detection   - INFO - 0.010s - Chunk 124 processed successfully. Processed 1 person events.
2025-05-25 04:43:46 - person_summary            - INFO - N/A - (Stage 2.1) Person attitude analysis for chunk 124 started
2025-05-25 04:43:46 - person_summary            - INFO - N/A - Missing person ID for person_event 1 in chunk 124.
2025-05-25 04:43:46 - person_summary            - INFO - N/A - No sentiment history found for person European Commission in chunk 124, generating new.
2025-05-25 04:43:55 - person_summary            - INFO - 44.241s - Successfully got comment
2025-05-25 04:43:55 - person_summary            - INFO - 44.241s - Chunk 126 processed successfully. Processed 1 person events.
2025-05-25 04:43:55 - opinion_scoring           - INFO - N/A - (Stage 3) Opinion scoring for chunk 126 started
2025-05-25 04:44:04 - event_scoring             - INFO - 36.383s - Successfully calculated event scores
2025-05-25 04:44:04 - event_scoring             - INFO - 36.383s - Chunk 123 processed successfully. Processed 1 general events.
2025-05-25 04:44:06 - sentiment_analysis        - INFO - 38.185s - Successfully got sentiment score
2025-05-25 04:44:06 - sentiment_analysis        - INFO - 38.185s - Chunk 123 processed successfully. Processed 1 person events.
2025-05-25 04:44:06 - inconsistency_detection   - INFO - N/A - (Stage 2) Inconsistency analysis for chunk 123 started
2025-05-25 04:44:06 - inconsistency_detection   - INFO - 0.012s - Chunk 123 processed successfully. Processed 1 person events.
2025-05-25 04:44:06 - person_summary            - INFO - N/A - (Stage 2.1) Person attitude analysis for chunk 123 started
2025-05-25 04:44:06 - person_summary            - INFO - N/A - Missing person ID for person_event 1 in chunk 123.
2025-05-25 04:44:06 - person_summary            - INFO - N/A - No sentiment history found for person Chris Rosslowe in chunk 123, generating new.
2025-05-25 04:44:14 - person_summary            - INFO - 36.165s - Successfully got comment
2025-05-25 04:44:14 - person_summary            - INFO - 36.166s - Chunk 125 processed successfully. Processed 1 person events.
2025-05-25 04:44:14 - opinion_scoring           - INFO - N/A - (Stage 3) Opinion scoring for chunk 125 started
2025-05-25 04:44:20 - person_summary            - INFO - 33.199s - Successfully got comment
2025-05-25 04:44:20 - person_summary            - INFO - 33.199s - Chunk 124 processed successfully. Processed 1 person events.
2025-05-25 04:44:20 - opinion_scoring           - INFO - N/A - (Stage 3) Opinion scoring for chunk 124 started
2025-05-25 04:44:26 - opinion_scoring           - INFO - 30.961s - Successfully calculated opinion scores
2025-05-25 04:44:26 - opinion_scoring           - INFO - 30.961s - Chunk 126 processed successfully. Processed 1 person events.
2025-05-25 04:44:26 - write_node                - ERROR - N/A - Event scores not saved correctly: Expected 0.95, 0.75, 0.6, 0.7274999999999999 but got 0.95, 0.75, 0.6, 0.7275
2025-05-25 04:44:26 - write_node                - INFO - N/A - (Stage 3) Scores without inconsistency case
2025-05-25 04:44:26 - write_node                - INFO - N/A - (Stage 2.1) Summary/attitude full case
2025-05-25 04:44:26 - write_node                - ERROR - N/A - Error processing person event: add_attitude_full() got an unexpected keyword argument 'is_expert_flag'
2025-05-25 04:44:26 - write_node                - INFO - N/A - Chunk 126 marked as processed
2025-05-25 04:44:26 - event_classifier          - INFO - N/A - (Stage 0) Processing chunk 122 started
2025-05-25 04:44:37 - person_summary            - INFO - 30.761s - Successfully got comment
2025-05-25 04:44:37 - person_summary            - INFO - 30.762s - Chunk 123 processed successfully. Processed 1 person events.
2025-05-25 04:44:37 - opinion_scoring           - INFO - N/A - (Stage 3) Opinion scoring for chunk 123 started
2025-05-25 04:44:43 - opinion_scoring           - INFO - 29.455s - Successfully calculated opinion scores
2025-05-25 04:44:43 - opinion_scoring           - INFO - 29.455s - Chunk 125 processed successfully. Processed 1 person events.
2025-05-25 04:44:43 - write_node                - INFO - N/A - (Stage 3) Scores without inconsistency case
2025-05-25 04:44:43 - write_node                - INFO - N/A - (Stage 2.1) Summary/attitude full case
2025-05-25 04:44:43 - write_node                - ERROR - N/A - Error processing person event: add_attitude_full() got an unexpected keyword argument 'is_expert_flag'
2025-05-25 04:44:43 - write_node                - INFO - N/A - Chunk 125 marked as processed
2025-05-25 04:44:44 - event_classifier          - INFO - N/A - (Stage 0) Processing chunk 121 started
2025-05-25 04:44:48 - opinion_scoring           - INFO - 27.931s - Successfully calculated opinion scores
2025-05-25 04:44:48 - opinion_scoring           - INFO - 27.931s - Chunk 124 processed successfully. Processed 1 person events.
2025-05-25 04:44:48 - write_node                - INFO - N/A - (Stage 3) Scores without inconsistency case
2025-05-25 04:44:48 - write_node                - INFO - N/A - (Stage 2.1) Summary/attitude full case
2025-05-25 04:44:48 - write_node                - ERROR - N/A - Error processing person event: add_attitude_full() got an unexpected keyword argument 'is_expert_flag'
2025-05-25 04:44:48 - write_node                - INFO - N/A - Chunk 124 marked as processed
2025-05-25 04:44:48 - event_classifier          - INFO - N/A - (Stage 0) Processing chunk 120 started
2025-05-25 04:45:01 - event_classifier          - WARNING - N/A - Received invalid JSON response: Expecting ',' delimiter: line 9 column 2 (char 401). Attempting to fix...
2025-05-25 04:45:01 - event_classifier          - WARNING - N/A - Failed parsing code block content with substring method
2025-05-25 04:45:01 - event_classifier          - INFO - N/A - Successfully reconstructed JSON with regex field extraction
2025-05-25 04:45:01 - event_classifier          - INFO - 34.515s - Chunk 122 processed, (1) general events, (1) opinions.
2025-05-25 04:45:01 - event_scoring             - INFO - N/A - (Stage 1) Event scoring for chunk 122 started
2025-05-25 04:45:01 - sentiment_analysis        - INFO - N/A - (Stage 1) Sentiment analysis for chunk 122 started
2025-05-25 04:45:08 - opinion_scoring           - INFO - 30.835s - Successfully calculated opinion scores
2025-05-25 04:45:08 - opinion_scoring           - INFO - 30.836s - Chunk 123 processed successfully. Processed 1 person events.
2025-05-25 04:45:08 - write_node                - INFO - N/A - (Stage 3) Scores without inconsistency case
2025-05-25 04:45:08 - write_node                - INFO - N/A - (Stage 2.1) Summary/attitude full case
2025-05-25 04:45:08 - write_node                - ERROR - N/A - Error processing person event: add_attitude_full() got an unexpected keyword argument 'is_expert_flag'
2025-05-25 04:45:08 - write_node                - INFO - N/A - Chunk 123 marked as processed
2025-05-25 04:45:08 - event_classifier          - INFO - N/A - (Stage 0) Processing chunk 117 started
2025-05-25 04:45:22 - event_classifier          - WARNING - N/A - Received invalid JSON response: Expecting ',' delimiter: line 9 column 2 (char 432). Attempting to fix...
2025-05-25 04:45:22 - event_classifier          - WARNING - N/A - Failed parsing code block content with substring method
2025-05-25 04:45:22 - event_classifier          - WARNING - N/A - Failed to extract with regex: Unterminated string starting at: line 1 column 213 (char 212)
2025-05-25 04:45:22 - event_classifier          - INFO - 38.687s - Chunk 121 processed, (1) general events, (1) opinions.
2025-05-25 04:45:22 - event_scoring             - INFO - N/A - (Stage 1) Event scoring for chunk 121 started
2025-05-25 04:45:22 - sentiment_analysis        - INFO - N/A - (Stage 1) Sentiment analysis for chunk 121 started
2025-05-25 04:45:35 - event_classifier          - WARNING - N/A - Received invalid JSON response: Expecting ',' delimiter: line 9 column 2 (char 430). Attempting to fix...
2025-05-25 04:45:35 - event_classifier          - WARNING - N/A - Failed parsing code block content with substring method
2025-05-25 04:45:35 - event_classifier          - INFO - N/A - Successfully reconstructed JSON with regex field extraction
2025-05-25 04:45:35 - event_classifier          - INFO - 46.777s - Chunk 120 processed, (1) general events, (1) opinions.
2025-05-25 04:45:35 - event_scoring             - INFO - N/A - (Stage 1) Event scoring for chunk 120 started
2025-05-25 04:45:35 - sentiment_analysis        - INFO - N/A - (Stage 1) Sentiment analysis for chunk 120 started
2025-05-25 04:45:42 - event_scoring             - INFO - 41.022s - Successfully calculated event scores
2025-05-25 04:45:42 - event_scoring             - INFO - 41.023s - Chunk 122 processed successfully. Processed 1 general events.
2025-05-25 04:45:44 - sentiment_analysis        - INFO - 42.912s - Successfully got sentiment score
2025-05-25 04:45:44 - sentiment_analysis        - INFO - 42.912s - Chunk 122 processed successfully. Processed 1 person events.
2025-05-25 04:45:44 - inconsistency_detection   - INFO - N/A - (Stage 2) Inconsistency analysis for chunk 122 started
2025-05-25 04:45:44 - inconsistency_detection   - INFO - 0.012s - Chunk 122 processed successfully. Processed 1 person events.
2025-05-25 04:45:44 - person_summary            - INFO - N/A - (Stage 2.1) Person attitude analysis for chunk 122 started
2025-05-25 04:45:44 - person_summary            - INFO - N/A - Missing person ID for person_event 1 in chunk 122.
2025-05-25 04:45:44 - person_summary            - INFO - N/A - No sentiment history found for person IEA Scientists in chunk 122, generating new.
2025-05-25 04:45:58 - event_classifier          - WARNING - N/A - Received invalid JSON response: Expecting ',' delimiter: line 9 column 2 (char 412). Attempting to fix...
2025-05-25 04:45:58 - event_classifier          - WARNING - N/A - Failed parsing code block content with substring method
2025-05-25 04:45:58 - event_classifier          - INFO - N/A - Successfully reconstructed JSON with regex field extraction
2025-05-25 04:45:58 - event_classifier          - INFO - 49.365s - Chunk 117 processed, (1) general events, (1) opinions.
2025-05-25 04:45:58 - event_scoring             - INFO - N/A - (Stage 1) Event scoring for chunk 117 started
2025-05-25 04:45:58 - sentiment_analysis        - INFO - N/A - (Stage 1) Sentiment analysis for chunk 117 started
2025-05-25 04:46:06 - event_scoring             - INFO - 43.511s - Successfully calculated event scores
2025-05-25 04:46:06 - event_scoring             - INFO - 43.512s - Chunk 121 processed successfully. Processed 1 general events.
2025-05-25 04:46:08 - sentiment_analysis        - INFO - 45.303s - Successfully got sentiment score
2025-05-25 04:46:08 - sentiment_analysis        - INFO - 45.303s - Chunk 121 processed successfully. Processed 1 person events.
2025-05-25 04:46:08 - inconsistency_detection   - INFO - N/A - (Stage 2) Inconsistency analysis for chunk 121 started
2025-05-25 04:46:08 - inconsistency_detection   - INFO - 0.011s - Chunk 121 processed successfully. Processed 1 person events.
2025-05-25 04:46:08 - person_summary            - INFO - N/A - (Stage 2.1) Person attitude analysis for chunk 121 started
2025-05-25 04:46:08 - person_summary            - INFO - N/A - Missing person ID for person_event 1 in chunk 121.
2025-05-25 04:46:08 - person_summary            - INFO - N/A - No sentiment history found for person Fatih Birol in chunk 121, generating new.
2025-05-25 04:46:15 - event_scoring             - INFO - 39.416s - Successfully calculated event scores
2025-05-25 04:46:15 - event_scoring             - INFO - 39.416s - Chunk 120 processed successfully. Processed 1 general events.
2025-05-25 04:46:16 - sentiment_analysis        - INFO - 41.321s - Successfully got sentiment score
2025-05-25 04:46:16 - sentiment_analysis        - INFO - 41.321s - Chunk 120 processed successfully. Processed 1 person events.
2025-05-25 04:46:16 - inconsistency_detection   - INFO - N/A - (Stage 2) Inconsistency analysis for chunk 120 started
2025-05-25 04:46:16 - inconsistency_detection   - INFO - 0.012s - Chunk 120 processed successfully. Processed 1 person events.
2025-05-25 04:46:16 - person_summary            - INFO - N/A - (Stage 2.1) Person attitude analysis for chunk 120 started
2025-05-25 04:46:16 - person_summary            - INFO - N/A - Missing person ID for person_event 1 in chunk 120.
2025-05-25 04:46:16 - person_summary            - INFO - N/A - No sentiment history found for person International Energy Agency in chunk 120, generating new.
2025-05-25 04:46:23 - person_summary            - INFO - 39.179s - Successfully got comment
2025-05-25 04:46:23 - person_summary            - INFO - 39.179s - Chunk 122 processed successfully. Processed 1 person events.
2025-05-25 04:46:23 - opinion_scoring           - INFO - N/A - (Stage 3) Opinion scoring for chunk 122 started
2025-05-25 04:46:31 - event_scoring             - INFO - 33.157s - Successfully calculated event scores
2025-05-25 04:46:31 - event_scoring             - INFO - 33.157s - Chunk 117 processed successfully. Processed 1 general events.
2025-05-25 04:46:33 - sentiment_analysis        - INFO - 34.948s - Successfully got sentiment score
2025-05-25 04:46:33 - sentiment_analysis        - INFO - 34.948s - Chunk 117 processed successfully. Processed 1 person events.
2025-05-25 04:46:33 - inconsistency_detection   - INFO - N/A - (Stage 2) Inconsistency analysis for chunk 117 started
2025-05-25 04:46:33 - inconsistency_detection   - INFO - 0.012s - Chunk 117 processed successfully. Processed 1 person events.
2025-05-25 04:46:33 - person_summary            - INFO - N/A - (Stage 2.1) Person attitude analysis for chunk 117 started
2025-05-25 04:46:33 - person_summary            - INFO - N/A - Missing person ID for person_event 1 in chunk 117.
2025-05-25 04:46:33 - person_summary            - INFO - N/A - No sentiment history found for person Verner Ayukegba in chunk 117, generating new.
2025-05-25 04:46:41 - person_summary            - INFO - 32.830s - Successfully got comment
2025-05-25 04:46:41 - person_summary            - INFO - 32.832s - Chunk 121 processed successfully. Processed 1 person events.
2025-05-25 04:46:41 - opinion_scoring           - INFO - N/A - (Stage 3) Opinion scoring for chunk 121 started
2025-05-25 04:46:47 - person_summary            - INFO - 30.287s - Successfully got comment
2025-05-25 04:46:47 - person_summary            - INFO - 30.288s - Chunk 120 processed successfully. Processed 1 person events.
2025-05-25 04:46:47 - opinion_scoring           - INFO - N/A - (Stage 3) Opinion scoring for chunk 120 started
2025-05-25 04:46:53 - opinion_scoring           - INFO - 29.728s - Successfully calculated opinion scores
2025-05-25 04:46:53 - opinion_scoring           - INFO - 29.729s - Chunk 122 processed successfully. Processed 1 person events.
2025-05-25 04:46:53 - write_node                - INFO - N/A - (Stage 3) Scores without inconsistency case
2025-05-25 04:46:53 - write_node                - INFO - N/A - (Stage 2.1) Summary/attitude full case
2025-05-25 04:46:53 - write_node                - ERROR - N/A - Error processing person event: add_attitude_full() got an unexpected keyword argument 'is_expert_flag'
2025-05-25 04:46:53 - write_node                - INFO - N/A - Chunk 122 marked as processed
2025-05-25 04:46:54 - event_classifier          - INFO - N/A - (Stage 0) Processing chunk 118 started
2025-05-25 04:47:01 - person_summary            - INFO - 28.073s - Successfully got comment
2025-05-25 04:47:01 - person_summary            - INFO - 28.073s - Chunk 117 processed successfully. Processed 1 person events.
2025-05-25 04:47:01 - opinion_scoring           - INFO - N/A - (Stage 3) Opinion scoring for chunk 117 started
2025-05-25 04:47:07 - opinion_scoring           - INFO - 26.395s - Successfully calculated opinion scores
2025-05-25 04:47:07 - opinion_scoring           - INFO - 26.395s - Chunk 121 processed successfully. Processed 1 person events.
2025-05-25 04:47:07 - write_node                - INFO - N/A - (Stage 3) Scores without inconsistency case
2025-05-25 04:47:07 - write_node                - ERROR - N/A - Opinion scores not saved correctly for ID 22: hotness: expected 0.7749999999999999, got 0.775
2025-05-25 04:47:07 - write_node                - INFO - N/A - (Stage 2.1) Summary/attitude full case
2025-05-25 04:47:07 - write_node                - ERROR - N/A - Error processing person event: add_attitude_full() got an unexpected keyword argument 'is_expert_flag'
2025-05-25 04:47:07 - write_node                - INFO - N/A - Chunk 121 marked as processed
2025-05-25 04:47:08 - event_classifier          - INFO - N/A - (Stage 0) Processing chunk 119 started
2025-05-25 04:47:12 - opinion_scoring           - INFO - 25.286s - Successfully calculated opinion scores
2025-05-25 04:47:12 - opinion_scoring           - INFO - 25.286s - Chunk 120 processed successfully. Processed 1 person events.
2025-05-25 04:47:12 - write_node                - ERROR - N/A - Event scores not saved correctly: Expected 0.85, 0.75, 0.6, 0.7124999999999999 but got 0.85, 0.75, 0.6, 0.7125
2025-05-25 04:47:12 - write_node                - INFO - N/A - (Stage 3) Scores without inconsistency case
2025-05-25 04:47:12 - write_node                - INFO - N/A - (Stage 2.1) Summary/attitude full case
2025-05-25 04:47:12 - write_node                - ERROR - N/A - Error processing person event: add_attitude_full() got an unexpected keyword argument 'is_expert_flag'
2025-05-25 04:47:12 - write_node                - INFO - N/A - Chunk 120 marked as processed
2025-05-25 04:47:13 - event_classifier          - INFO - N/A - (Stage 0) Processing chunk 115 started
2025-05-25 04:47:29 - event_classifier          - WARNING - N/A - Received invalid JSON response: Expecting ',' delimiter: line 9 column 2 (char 534). Attempting to fix...
2025-05-25 04:47:29 - event_classifier          - WARNING - N/A - Failed parsing code block content with substring method
2025-05-25 04:47:29 - event_classifier          - INFO - N/A - Successfully reconstructed JSON with regex field extraction
2025-05-25 04:47:29 - event_classifier          - INFO - 35.475s - Chunk 118 processed, (1) general events, (1) opinions.
2025-05-25 04:47:29 - event_scoring             - INFO - N/A - (Stage 1) Event scoring for chunk 118 started
2025-05-25 04:47:29 - sentiment_analysis        - INFO - N/A - (Stage 1) Sentiment analysis for chunk 118 started
2025-05-25 04:47:35 - opinion_scoring           - INFO - 34.580s - Successfully calculated opinion scores
2025-05-25 04:47:35 - opinion_scoring           - INFO - 34.580s - Chunk 117 processed successfully. Processed 1 person events.
2025-05-25 04:47:35 - write_node                - INFO - N/A - (Stage 3) Scores without inconsistency case
2025-05-25 04:47:35 - write_node                - INFO - N/A - (Stage 2.1) Summary/attitude full case
2025-05-25 04:47:35 - write_node                - ERROR - N/A - Error processing person event: add_attitude_full() got an unexpected keyword argument 'is_expert_flag'
2025-05-25 04:47:35 - write_node                - INFO - N/A - Chunk 117 marked as processed
2025-05-25 04:47:36 - event_classifier          - INFO - N/A - (Stage 0) Processing chunk 116 started
2025-05-25 04:47:49 - event_classifier          - WARNING - N/A - Received invalid JSON response: Expecting ',' delimiter: line 9 column 2 (char 437). Attempting to fix...
2025-05-25 04:47:49 - event_classifier          - WARNING - N/A - Failed parsing code block content with substring method
2025-05-25 04:47:49 - event_classifier          - INFO - N/A - Successfully reconstructed JSON with regex field extraction
2025-05-25 04:47:49 - event_classifier          - INFO - 41.497s - Chunk 119 processed, (1) general events, (1) opinions.
2025-05-25 04:47:49 - event_scoring             - INFO - N/A - (Stage 1) Event scoring for chunk 119 started
2025-05-25 04:47:49 - sentiment_analysis        - INFO - N/A - (Stage 1) Sentiment analysis for chunk 119 started
2025-05-25 04:48:06 - event_classifier          - WARNING - N/A - Received invalid JSON response: Expecting ',' delimiter: line 9 column 2 (char 601). Attempting to fix...
2025-05-25 04:48:06 - event_classifier          - WARNING - N/A - Failed parsing code block content with substring method
2025-05-25 04:48:06 - event_classifier          - WARNING - N/A - Failed to extract with regex: Unterminated string starting at: line 1 column 333 (char 332)
2025-05-25 04:48:06 - event_classifier          - INFO - 53.565s - Chunk 115 processed, (1) general events, (1) opinions.
2025-05-25 04:48:06 - event_scoring             - INFO - N/A - (Stage 1) Event scoring for chunk 115 started
2025-05-25 04:48:06 - sentiment_analysis        - INFO - N/A - (Stage 1) Sentiment analysis for chunk 115 started
2025-05-25 04:48:15 - event_scoring             - INFO - 45.775s - Successfully calculated event scores
2025-05-25 04:48:15 - event_scoring             - INFO - 45.775s - Chunk 118 processed successfully. Processed 1 general events.
2025-05-25 04:48:17 - sentiment_analysis        - INFO - 47.676s - Successfully got sentiment score
2025-05-25 04:48:17 - sentiment_analysis        - INFO - 47.676s - Chunk 118 processed successfully. Processed 1 person events.
2025-05-25 04:48:17 - inconsistency_detection   - INFO - N/A - (Stage 2) Inconsistency analysis for chunk 118 started
2025-05-25 04:48:17 - inconsistency_detection   - INFO - 0.011s - Chunk 118 processed successfully. Processed 1 person events.
2025-05-25 04:48:17 - person_summary            - INFO - N/A - (Stage 2.1) Person attitude analysis for chunk 118 started
2025-05-25 04:48:17 - person_summary            - INFO - N/A - Missing person ID for person_event 1 in chunk 118.
2025-05-25 04:48:17 - person_summary            - INFO - N/A - No sentiment history found for person Ayukegba in chunk 118, generating new.
2025-05-25 04:48:32 - event_classifier          - WARNING - N/A - Received invalid JSON response: Expecting ',' delimiter: line 9 column 2 (char 469). Attempting to fix...
2025-05-25 04:48:32 - event_classifier          - WARNING - N/A - Failed parsing code block content with substring method
2025-05-25 04:48:32 - event_classifier          - WARNING - N/A - Failed to extract with regex: Unterminated string starting at: line 1 column 288 (char 287)
2025-05-25 04:48:32 - event_classifier          - INFO - 56.449s - Chunk 116 processed, (1) general events, (1) opinions.
2025-05-25 04:48:32 - event_scoring             - INFO - N/A - (Stage 1) Event scoring for chunk 116 started
2025-05-25 04:48:32 - sentiment_analysis        - INFO - N/A - (Stage 1) Sentiment analysis for chunk 116 started
2025-05-25 04:48:40 - event_scoring             - INFO - 50.425s - Successfully calculated event scores
2025-05-25 04:48:40 - event_scoring             - INFO - 50.426s - Chunk 119 processed successfully. Processed 1 general events.
2025-05-25 04:48:41 - sentiment_analysis        - INFO - 52.239s - Successfully got sentiment score
2025-05-25 04:48:41 - sentiment_analysis        - INFO - 52.240s - Chunk 119 processed successfully. Processed 1 person events.
2025-05-25 04:48:41 - inconsistency_detection   - INFO - N/A - (Stage 2) Inconsistency analysis for chunk 119 started
2025-05-25 04:48:41 - inconsistency_detection   - INFO - 0.012s - Chunk 119 processed successfully. Processed 1 person events.
2025-05-25 04:48:41 - person_summary            - INFO - N/A - (Stage 2.1) Person attitude analysis for chunk 119 started
2025-05-25 04:48:41 - person_summary            - INFO - N/A - Missing person ID for person_event 1 in chunk 119.
2025-05-25 04:48:41 - person_summary            - INFO - N/A - No sentiment history found for person Chancel Ayukegba in chunk 119, generating new.
2025-05-25 04:48:50 - event_scoring             - INFO - 44.006s - Successfully calculated event scores
2025-05-25 04:48:50 - event_scoring             - INFO - 44.007s - Chunk 115 processed successfully. Processed 1 general events.
2025-05-25 04:48:52 - sentiment_analysis        - INFO - 45.824s - Successfully got sentiment score
2025-05-25 04:48:52 - sentiment_analysis        - INFO - 45.824s - Chunk 115 processed successfully. Processed 1 person events.
2025-05-25 04:48:52 - inconsistency_detection   - INFO - N/A - (Stage 2) Inconsistency analysis for chunk 115 started
2025-05-25 04:48:52 - inconsistency_detection   - INFO - 0.012s - Chunk 115 processed successfully. Processed 1 person events.
2025-05-25 04:48:52 - person_summary            - INFO - N/A - (Stage 2.1) Person attitude analysis for chunk 115 started
2025-05-25 04:48:52 - person_summary            - INFO - N/A - Missing person ID for person_event 1 in chunk 115.
2025-05-25 04:48:52 - person_summary            - INFO - N/A - No sentiment history found for person Donnel Baird in chunk 115, generating new.
2025-05-25 04:49:01 - person_summary            - INFO - 44.658s - Successfully got comment
2025-05-25 04:49:01 - person_summary            - INFO - 44.660s - Chunk 118 processed successfully. Processed 1 person events.
2025-05-25 04:49:01 - opinion_scoring           - INFO - N/A - (Stage 3) Opinion scoring for chunk 118 started
2025-05-25 04:49:10 - event_scoring             - INFO - 37.456s - Successfully calculated event scores
2025-05-25 04:49:10 - event_scoring             - INFO - 37.456s - Chunk 116 processed successfully. Processed 1 general events.
2025-05-25 04:49:12 - sentiment_analysis        - INFO - 39.268s - Successfully got sentiment score
2025-05-25 04:49:12 - sentiment_analysis        - INFO - 39.268s - Chunk 116 processed successfully. Processed 1 person events.
2025-05-25 04:49:12 - inconsistency_detection   - INFO - N/A - (Stage 2) Inconsistency analysis for chunk 116 started
2025-05-25 04:49:12 - inconsistency_detection   - INFO - 0.012s - Chunk 116 processed successfully. Processed 1 person events.
2025-05-25 04:49:12 - person_summary            - INFO - N/A - (Stage 2.1) Person attitude analysis for chunk 116 started
2025-05-25 04:49:12 - person_summary            - INFO - N/A - Missing person ID for person_event 1 in chunk 116.
2025-05-25 04:49:12 - person_summary            - INFO - N/A - No sentiment history found for person Lincoln Eccles in chunk 116, generating new.
2025-05-25 04:49:19 - person_summary            - INFO - 37.161s - Successfully got comment
2025-05-25 04:49:19 - person_summary            - INFO - 37.162s - Chunk 119 processed successfully. Processed 1 person events.
2025-05-25 04:49:19 - opinion_scoring           - INFO - N/A - (Stage 3) Opinion scoring for chunk 119 started
2025-05-25 04:49:29 - person_summary            - ERROR - N/A - Error in refinement process: 'max_length'. Falling back to truncation.
2025-05-25 04:49:29 - person_summary            - INFO - 36.434s - Successfully got comment
2025-05-25 04:49:29 - person_summary            - INFO - 36.435s - Chunk 115 processed successfully. Processed 1 person events.
2025-05-25 04:49:29 - opinion_scoring           - INFO - N/A - (Stage 3) Opinion scoring for chunk 115 started
2025-05-25 04:49:35 - opinion_scoring           - INFO - 33.653s - Successfully calculated opinion scores
2025-05-25 04:49:35 - opinion_scoring           - INFO - 33.653s - Chunk 118 processed successfully. Processed 1 person events.
2025-05-25 04:49:35 - write_node                - ERROR - N/A - Event scores not saved correctly: Expected 0.85, 0.75, 0.6, 0.7124999999999999 but got 0.85, 0.75, 0.6, 0.7125
2025-05-25 04:49:35 - write_node                - INFO - N/A - (Stage 3) Scores without inconsistency case
2025-05-25 04:49:35 - write_node                - INFO - N/A - (Stage 2.1) Summary/attitude full case
2025-05-25 04:49:35 - write_node                - ERROR - N/A - Error processing person event: add_attitude_full() got an unexpected keyword argument 'is_expert_flag'
2025-05-25 04:49:35 - write_node                - INFO - N/A - Chunk 118 marked as processed
2025-05-25 04:49:36 - event_classifier          - INFO - N/A - (Stage 0) Processing chunk 113 started
2025-05-25 04:49:44 - person_summary            - INFO - 32.246s - Successfully got comment
2025-05-25 04:49:44 - person_summary            - INFO - 32.248s - Chunk 116 processed successfully. Processed 1 person events.
2025-05-25 04:49:44 - opinion_scoring           - INFO - N/A - (Stage 3) Opinion scoring for chunk 116 started
2025-05-25 04:49:50 - opinion_scoring           - INFO - 31.612s - Successfully calculated opinion scores
2025-05-25 04:49:50 - opinion_scoring           - INFO - 31.612s - Chunk 119 processed successfully. Processed 1 person events.
2025-05-25 04:49:50 - write_node                - INFO - N/A - (Stage 3) Scores without inconsistency case
2025-05-25 04:49:50 - write_node                - INFO - N/A - (Stage 2.1) Summary/attitude full case
2025-05-25 04:49:50 - write_node                - ERROR - N/A - Error processing person event: add_attitude_full() got an unexpected keyword argument 'is_expert_flag'
2025-05-25 04:49:50 - write_node                - INFO - N/A - Chunk 119 marked as processed
2025-05-25 04:49:51 - event_classifier          - INFO - N/A - (Stage 0) Processing chunk 114 started
2025-05-25 04:49:55 - opinion_scoring           - INFO - 26.694s - Successfully calculated opinion scores
2025-05-25 04:49:55 - opinion_scoring           - INFO - 26.695s - Chunk 115 processed successfully. Processed 1 person events.
2025-05-25 04:49:55 - write_node                - INFO - N/A - (Stage 3) Scores without inconsistency case
2025-05-25 04:49:55 - write_node                - INFO - N/A - (Stage 2.1) Summary/attitude full case
2025-05-25 04:49:55 - write_node                - ERROR - N/A - Error processing person event: add_attitude_full() got an unexpected keyword argument 'is_expert_flag'
2025-05-25 04:49:55 - write_node                - INFO - N/A - Chunk 115 marked as processed
2025-05-25 04:49:56 - event_classifier          - INFO - N/A - (Stage 0) Processing chunk 111 started
2025-05-25 04:50:09 - event_classifier          - WARNING - N/A - Received invalid JSON response: Expecting ',' delimiter: line 9 column 2 (char 395). Attempting to fix...
2025-05-25 04:50:09 - event_classifier          - WARNING - N/A - Failed parsing code block content with substring method
2025-05-25 04:50:09 - event_classifier          - WARNING - N/A - Failed to extract with regex: Unterminated string starting at: line 1 column 224 (char 223)
2025-05-25 04:50:09 - event_classifier          - INFO - 33.199s - Chunk 113 processed, (1) general events, (1) opinions.
2025-05-25 04:50:09 - event_scoring             - INFO - N/A - (Stage 1) Event scoring for chunk 113 started
2025-05-25 04:50:09 - sentiment_analysis        - INFO - N/A - (Stage 1) Sentiment analysis for chunk 113 started
2025-05-25 04:50:15 - opinion_scoring           - INFO - 31.236s - Successfully calculated opinion scores
2025-05-25 04:50:15 - opinion_scoring           - INFO - 31.236s - Chunk 116 processed successfully. Processed 1 person events.
2025-05-25 04:50:15 - write_node                - INFO - N/A - (Stage 3) Scores without inconsistency case
2025-05-25 04:50:15 - write_node                - ERROR - N/A - Opinion scores not saved correctly for ID 28: hotness: expected 0.6549999999999999, got 0.655
2025-05-25 04:50:15 - write_node                - INFO - N/A - (Stage 2.1) Summary/attitude full case
2025-05-25 04:50:15 - write_node                - ERROR - N/A - Error processing person event: add_attitude_full() got an unexpected keyword argument 'is_expert_flag'
2025-05-25 04:50:15 - write_node                - INFO - N/A - Chunk 116 marked as processed
2025-05-25 04:50:16 - event_classifier          - INFO - N/A - (Stage 0) Processing chunk 112 started
2025-05-25 04:50:32 - event_classifier          - WARNING - N/A - Received invalid JSON response: Expecting ',' delimiter: line 9 column 2 (char 489). Attempting to fix...
2025-05-25 04:50:32 - event_classifier          - WARNING - N/A - Failed parsing code block content with substring method
2025-05-25 04:50:32 - event_classifier          - WARNING - N/A - Failed to extract with regex: Unterminated string starting at: line 1 column 228 (char 227)
2025-05-25 04:50:32 - event_classifier          - INFO - 40.905s - Chunk 114 processed, (1) general events, (1) opinions.
2025-05-25 04:50:32 - event_scoring             - INFO - N/A - (Stage 1) Event scoring for chunk 114 started
2025-05-25 04:50:32 - sentiment_analysis        - INFO - N/A - (Stage 1) Sentiment analysis for chunk 114 started
2025-05-25 04:50:48 - event_classifier          - WARNING - N/A - Received invalid JSON response: Expecting ',' delimiter: line 9 column 2 (char 559). Attempting to fix...
2025-05-25 04:50:48 - event_classifier          - WARNING - N/A - Failed parsing code block content with substring method
2025-05-25 04:50:48 - event_classifier          - WARNING - N/A - Failed to extract with regex: Unterminated string starting at: line 1 column 269 (char 268)
2025-05-25 04:50:48 - event_classifier          - INFO - 52.099s - Chunk 111 processed, (1) general events, (1) opinions.
2025-05-25 04:50:48 - event_scoring             - INFO - N/A - (Stage 1) Event scoring for chunk 111 started
2025-05-25 04:50:48 - sentiment_analysis        - INFO - N/A - (Stage 1) Sentiment analysis for chunk 111 started
2025-05-25 04:50:56 - event_scoring             - INFO - 46.733s - Successfully calculated event scores
2025-05-25 04:50:56 - event_scoring             - INFO - 46.734s - Chunk 113 processed successfully. Processed 1 general events.
2025-05-25 04:50:58 - sentiment_analysis        - INFO - 48.523s - Successfully got sentiment score
2025-05-25 04:50:58 - sentiment_analysis        - INFO - 48.524s - Chunk 113 processed successfully. Processed 1 person events.
2025-05-25 04:50:58 - inconsistency_detection   - INFO - N/A - (Stage 2) Inconsistency analysis for chunk 113 started
2025-05-25 04:50:58 - inconsistency_detection   - INFO - 0.051s - Chunk 113 processed successfully. Processed 1 person events.
2025-05-25 04:50:58 - person_summary            - INFO - N/A - (Stage 2.1) Person attitude analysis for chunk 113 started
2025-05-25 04:50:58 - person_summary            - INFO - N/A - Sentiment history found for person Fatih Birol in chunk 113.
2025-05-25 04:51:16 - event_classifier          - WARNING - N/A - Received invalid JSON response: Expecting ',' delimiter: line 9 column 2 (char 559). Attempting to fix...
2025-05-25 04:51:16 - event_classifier          - WARNING - N/A - Failed parsing code block content with substring method
2025-05-25 04:51:16 - event_classifier          - WARNING - N/A - Failed to extract with regex: Unterminated string starting at: line 1 column 249 (char 248)
2025-05-25 04:51:16 - event_classifier          - INFO - 60.049s - Chunk 112 processed, (1) general events, (1) opinions.
2025-05-25 04:51:16 - event_scoring             - INFO - N/A - (Stage 1) Event scoring for chunk 112 started
2025-05-25 04:51:16 - sentiment_analysis        - INFO - N/A - (Stage 1) Sentiment analysis for chunk 112 started
2025-05-25 04:51:24 - event_scoring             - INFO - 52.303s - Successfully calculated event scores
2025-05-25 04:51:24 - event_scoring             - INFO - 52.303s - Chunk 114 processed successfully. Processed 1 general events.
2025-05-25 04:51:26 - sentiment_analysis        - INFO - 54.093s - Successfully got sentiment score
2025-05-25 04:51:26 - sentiment_analysis        - INFO - 54.093s - Chunk 114 processed successfully. Processed 1 person events.
2025-05-25 04:51:26 - inconsistency_detection   - INFO - N/A - (Stage 2) Inconsistency analysis for chunk 114 started
2025-05-25 04:51:26 - inconsistency_detection   - INFO - 0.027s - Chunk 114 processed successfully. Processed 1 person events.
2025-05-25 04:51:26 - person_summary            - INFO - N/A - (Stage 2.1) Person attitude analysis for chunk 114 started
2025-05-25 04:51:26 - person_summary            - INFO - N/A - Sentiment history found for person Unspecified in chunk 114.
2025-05-25 04:51:35 - event_scoring             - INFO - 46.704s - Successfully calculated event scores
2025-05-25 04:51:35 - event_scoring             - INFO - 46.705s - Chunk 111 processed successfully. Processed 1 general events.
2025-05-25 04:51:37 - sentiment_analysis        - INFO - 48.608s - Successfully got sentiment score
2025-05-25 04:51:37 - sentiment_analysis        - INFO - 48.609s - Chunk 111 processed successfully. Processed 1 person events.
2025-05-25 04:51:37 - inconsistency_detection   - INFO - N/A - (Stage 2) Inconsistency analysis for chunk 111 started
2025-05-25 04:51:37 - inconsistency_detection   - INFO - 0.012s - Chunk 111 processed successfully. Processed 1 person events.
2025-05-25 04:51:37 - person_summary            - INFO - N/A - (Stage 2.1) Person attitude analysis for chunk 111 started
2025-05-25 04:51:37 - person_summary            - INFO - N/A - Missing person ID for person_event 1 in chunk 111.
2025-05-25 04:51:37 - person_summary            - INFO - N/A - No sentiment history found for person Fatima AlQubaisi in chunk 111, generating new.
2025-05-25 04:51:45 - person_summary            - INFO - 47.248s - Successfully got comment
2025-05-25 04:51:45 - person_summary            - INFO - 47.312s - Chunk 113 processed successfully. Processed 1 person events.
2025-05-25 04:51:45 - opinion_scoring           - INFO - N/A - (Stage 3) Opinion scoring for chunk 113 started
2025-05-25 04:51:53 - event_scoring             - INFO - 37.164s - Successfully calculated event scores
2025-05-25 04:51:53 - event_scoring             - INFO - 37.164s - Chunk 112 processed successfully. Processed 1 general events.
2025-05-25 04:51:55 - sentiment_analysis        - INFO - 38.980s - Successfully got sentiment score
2025-05-25 04:51:55 - sentiment_analysis        - INFO - 38.981s - Chunk 112 processed successfully. Processed 1 person events.
2025-05-25 04:51:55 - inconsistency_detection   - INFO - N/A - (Stage 2) Inconsistency analysis for chunk 112 started
2025-05-25 04:51:55 - inconsistency_detection   - INFO - 0.013s - Chunk 112 processed successfully. Processed 1 person events.
2025-05-25 04:51:55 - person_summary            - INFO - N/A - (Stage 2.1) Person attitude analysis for chunk 112 started
2025-05-25 04:51:55 - person_summary            - INFO - N/A - Missing person ID for person_event 1 in chunk 112.
2025-05-25 04:51:55 - person_summary            - INFO - N/A - No sentiment history found for person AlQubaisi in chunk 112, generating new.
2025-05-25 04:52:02 - person_summary            - INFO - 36.128s - Successfully got comment
2025-05-25 04:52:02 - person_summary            - INFO - 36.156s - Chunk 114 processed successfully. Processed 1 person events.
2025-05-25 04:52:02 - opinion_scoring           - INFO - N/A - (Stage 3) Opinion scoring for chunk 114 started
2025-05-25 04:52:12 - person_summary            - ERROR - N/A - Error in refinement process: 'max_length'. Falling back to truncation.
2025-05-25 04:52:12 - person_summary            - INFO - 34.883s - Successfully got comment
2025-05-25 04:52:12 - person_summary            - INFO - 34.884s - Chunk 111 processed successfully. Processed 1 person events.
2025-05-25 04:52:12 - opinion_scoring           - INFO - N/A - (Stage 3) Opinion scoring for chunk 111 started
2025-05-25 04:52:18 - opinion_scoring           - INFO - 33.030s - Successfully calculated opinion scores
2025-05-25 04:52:18 - opinion_scoring           - INFO - 33.030s - Chunk 113 processed successfully. Processed 1 person events.
2025-05-25 04:52:18 - write_node                - INFO - N/A - (Stage 3) Scored case
2025-05-25 04:52:18 - write_node                - ERROR - N/A - Opinion scores not saved correctly for ID 29: hotness: expected 0.7749999999999999, got 0.775
2025-05-25 04:52:18 - write_node                - INFO - N/A - (Stage 2.1) Summary/attitude full case
2025-05-25 04:52:18 - write_node                - ERROR - N/A - Error processing person event: add_attitude_full() got an unexpected keyword argument 'is_expert_flag'
2025-05-25 04:52:18 - write_node                - INFO - N/A - Chunk 113 marked as processed
2025-05-25 04:52:19 - event_classifier          - INFO - N/A - (Stage 0) Processing chunk 110 started
2025-05-25 04:52:27 - person_summary            - INFO - 31.609s - Successfully got comment
2025-05-25 04:52:27 - person_summary            - INFO - 31.609s - Chunk 112 processed successfully. Processed 1 person events.
2025-05-25 04:52:27 - opinion_scoring           - INFO - N/A - (Stage 3) Opinion scoring for chunk 112 started
2025-05-25 04:52:33 - opinion_scoring           - INFO - 31.007s - Successfully calculated opinion scores
2025-05-25 04:52:33 - opinion_scoring           - INFO - 31.007s - Chunk 114 processed successfully. Processed 1 person events.
2025-05-25 04:52:33 - write_node                - INFO - N/A - (Stage 3) Scored case
2025-05-25 04:52:33 - write_node                - ERROR - N/A - Opinion scores not saved correctly for ID 30: hotness: expected 0.7749999999999999, got 0.775
2025-05-25 04:52:33 - write_node                - INFO - N/A - (Stage 2.1) Summary/attitude full case
2025-05-25 04:52:33 - write_node                - ERROR - N/A - Error processing person event: add_attitude_full() got an unexpected keyword argument 'is_expert_flag'
2025-05-25 04:52:33 - write_node                - INFO - N/A - Chunk 114 marked as processed
2025-05-25 04:52:34 - event_classifier          - INFO - N/A - (Stage 0) Processing chunk 109 started
2025-05-25 04:52:38 - opinion_scoring           - INFO - 26.759s - Successfully calculated opinion scores
2025-05-25 04:52:38 - opinion_scoring           - INFO - 26.759s - Chunk 111 processed successfully. Processed 1 person events.
2025-05-25 04:52:38 - write_node                - ERROR - N/A - Event scores not saved correctly: Expected 0.85, 0.75, 0.6, 0.7124999999999999 but got 0.85, 0.75, 0.6, 0.7125
2025-05-25 04:52:38 - write_node                - INFO - N/A - (Stage 3) Scores without inconsistency case
2025-05-25 04:52:39 - write_node                - ERROR - N/A - Opinion scores not saved correctly for ID 31: hotness: expected 0.7749999999999999, got 0.775
2025-05-25 04:52:39 - write_node                - INFO - N/A - (Stage 2.1) Summary/attitude full case
2025-05-25 04:52:39 - write_node                - ERROR - N/A - Error processing person event: add_attitude_full() got an unexpected keyword argument 'is_expert_flag'
2025-05-25 04:52:39 - write_node                - INFO - N/A - Chunk 111 marked as processed
2025-05-25 04:52:39 - event_classifier          - INFO - N/A - (Stage 0) Processing chunk 108 started
2025-05-25 04:52:55 - event_classifier          - WARNING - N/A - Received invalid JSON response: Expecting ',' delimiter: line 9 column 2 (char 393). Attempting to fix...
2025-05-25 04:52:55 - event_classifier          - WARNING - N/A - Failed parsing code block content with substring method
2025-05-25 04:52:55 - event_classifier          - WARNING - N/A - Failed to extract with regex: Unterminated string starting at: line 1 column 225 (char 224)
2025-05-25 04:52:55 - event_classifier          - INFO - 35.957s - Chunk 110 processed, (1) general events, (1) opinions.
2025-05-25 04:52:55 - event_scoring             - INFO - N/A - (Stage 1) Event scoring for chunk 110 started
2025-05-25 04:52:55 - sentiment_analysis        - INFO - N/A - (Stage 1) Sentiment analysis for chunk 110 started
2025-05-25 04:53:01 - opinion_scoring           - INFO - 34.584s - Successfully calculated opinion scores
2025-05-25 04:53:01 - opinion_scoring           - INFO - 34.584s - Chunk 112 processed successfully. Processed 1 person events.
2025-05-25 04:53:01 - write_node                - INFO - N/A - (Stage 3) Scores without inconsistency case
2025-05-25 04:53:01 - write_node                - ERROR - N/A - Opinion scores not saved correctly for ID 32: hotness: expected 0.7749999999999999, got 0.775
2025-05-25 04:53:01 - write_node                - INFO - N/A - (Stage 2.1) Summary/attitude full case
2025-05-25 04:53:01 - write_node                - ERROR - N/A - Error processing person event: add_attitude_full() got an unexpected keyword argument 'is_expert_flag'
2025-05-25 04:53:01 - write_node                - INFO - N/A - Chunk 112 marked as processed
2025-05-25 04:53:02 - event_classifier          - INFO - N/A - (Stage 0) Processing chunk 106 started
2025-05-25 04:53:14 - event_classifier          - WARNING - N/A - Received invalid JSON response: Expecting ',' delimiter: line 9 column 2 (char 410). Attempting to fix...
2025-05-25 04:53:14 - event_classifier          - WARNING - N/A - Failed parsing code block content with substring method
2025-05-25 04:53:14 - event_classifier          - WARNING - N/A - Failed to extract with regex: Unterminated string starting at: line 1 column 249 (char 248)
2025-05-25 04:53:14 - event_classifier          - INFO - 39.950s - Chunk 109 processed, (1) general events, (1) opinions.
2025-05-25 04:53:14 - event_scoring             - INFO - N/A - (Stage 1) Event scoring for chunk 109 started
2025-05-25 04:53:14 - sentiment_analysis        - INFO - N/A - (Stage 1) Sentiment analysis for chunk 109 started
2025-05-25 04:53:27 - event_classifier          - WARNING - N/A - Received invalid JSON response: Expecting ',' delimiter: line 9 column 2 (char 375). Attempting to fix...
2025-05-25 04:53:27 - event_classifier          - WARNING - N/A - Failed parsing code block content with substring method
2025-05-25 04:53:27 - event_classifier          - WARNING - N/A - Failed to extract with regex: Unterminated string starting at: line 1 column 264 (char 263)
2025-05-25 04:53:27 - event_classifier          - INFO - 47.675s - Chunk 108 processed, (1) general events, (1) opinions.
2025-05-25 04:53:27 - event_scoring             - INFO - N/A - (Stage 1) Event scoring for chunk 108 started
2025-05-25 04:53:27 - sentiment_analysis        - INFO - N/A - (Stage 1) Sentiment analysis for chunk 108 started
2025-05-25 04:53:36 - event_scoring             - INFO - 41.106s - Successfully calculated event scores
2025-05-25 04:53:36 - event_scoring             - INFO - 41.106s - Chunk 110 processed successfully. Processed 1 general events.
2025-05-25 04:53:37 - sentiment_analysis        - INFO - 42.898s - Successfully got sentiment score
2025-05-25 04:53:37 - sentiment_analysis        - INFO - 42.898s - Chunk 110 processed successfully. Processed 1 person events.
2025-05-25 04:53:37 - inconsistency_detection   - INFO - N/A - (Stage 2) Inconsistency analysis for chunk 110 started
2025-05-25 04:53:37 - inconsistency_detection   - INFO - 0.011s - Chunk 110 processed successfully. Processed 1 person events.
2025-05-25 04:53:37 - person_summary            - INFO - N/A - (Stage 2.1) Person attitude analysis for chunk 110 started
2025-05-25 04:53:37 - person_summary            - INFO - N/A - Missing person ID for person_event 1 in chunk 110.
2025-05-25 04:53:38 - person_summary            - INFO - N/A - No sentiment history found for person Mariam AlQubaisi in chunk 110, generating new.
2025-05-25 04:53:52 - event_classifier          - WARNING - N/A - Received invalid JSON response: Expecting ',' delimiter: line 9 column 2 (char 361). Attempting to fix...
2025-05-25 04:53:52 - event_classifier          - WARNING - N/A - Failed parsing code block content with substring method
2025-05-25 04:53:52 - event_classifier          - WARNING - N/A - Failed to extract with regex: Unterminated string starting at: line 1 column 241 (char 240)
2025-05-25 04:53:52 - event_classifier          - INFO - 49.806s - Chunk 106 processed, (1) general events, (1) opinions.
2025-05-25 04:53:52 - event_scoring             - INFO - N/A - (Stage 1) Event scoring for chunk 106 started
2025-05-25 04:53:52 - sentiment_analysis        - INFO - N/A - (Stage 1) Sentiment analysis for chunk 106 started
2025-05-25 04:53:59 - event_scoring             - INFO - 44.715s - Successfully calculated event scores
2025-05-25 04:53:59 - event_scoring             - INFO - 44.716s - Chunk 109 processed successfully. Processed 1 general events.
2025-05-25 04:54:00 - sentiment_analysis        - INFO - 46.613s - Successfully got sentiment score
2025-05-25 04:54:00 - sentiment_analysis        - INFO - 46.613s - Chunk 109 processed successfully. Processed 1 person events.
2025-05-25 04:54:00 - inconsistency_detection   - INFO - N/A - (Stage 2) Inconsistency analysis for chunk 109 started
2025-05-25 04:54:00 - inconsistency_detection   - INFO - 0.012s - Chunk 109 processed successfully. Processed 1 person events.
2025-05-25 04:54:00 - person_summary            - INFO - N/A - (Stage 2.1) Person attitude analysis for chunk 109 started
2025-05-25 04:54:00 - person_summary            - INFO - N/A - Missing person ID for person_event 1 in chunk 109.
2025-05-25 04:54:00 - person_summary            - INFO - N/A - No sentiment history found for person Julia Horowitz in chunk 109, generating new.
2025-05-25 04:54:09 - event_scoring             - INFO - 41.827s - Successfully calculated event scores
2025-05-25 04:54:09 - event_scoring             - INFO - 41.827s - Chunk 108 processed successfully. Processed 1 general events.
2025-05-25 04:54:10 - sentiment_analysis        - INFO - 43.609s - Successfully got sentiment score
2025-05-25 04:54:10 - sentiment_analysis        - INFO - 43.609s - Chunk 108 processed successfully. Processed 1 person events.
2025-05-25 04:54:10 - inconsistency_detection   - INFO - N/A - (Stage 2) Inconsistency analysis for chunk 108 started
2025-05-25 04:54:10 - inconsistency_detection   - INFO - 0.016s - Chunk 108 processed successfully. Processed 1 person events.
2025-05-25 04:54:10 - person_summary            - INFO - N/A - (Stage 2.1) Person attitude analysis for chunk 108 started
2025-05-25 04:54:10 - person_summary            - INFO - N/A - Missing person ID for person_event 1 in chunk 108.
2025-05-25 04:54:10 - person_summary            - INFO - N/A - No sentiment history found for person Ursula von der Leyen in chunk 108, generating new.
2025-05-25 04:54:19 - person_summary            - INFO - 41.563s - Successfully got comment
2025-05-25 04:54:19 - person_summary            - INFO - 41.564s - Chunk 110 processed successfully. Processed 1 person events.
2025-05-25 04:54:19 - opinion_scoring           - INFO - N/A - (Stage 3) Opinion scoring for chunk 110 started
2025-05-25 04:54:27 - event_scoring             - INFO - 35.394s - Successfully calculated event scores
2025-05-25 04:54:27 - event_scoring             - INFO - 35.394s - Chunk 106 processed successfully. Processed 1 general events.
2025-05-25 04:54:29 - sentiment_analysis        - INFO - 37.186s - Successfully got sentiment score
2025-05-25 04:54:29 - sentiment_analysis        - INFO - 37.186s - Chunk 106 processed successfully. Processed 1 person events.
2025-05-25 04:54:29 - inconsistency_detection   - INFO - N/A - (Stage 2) Inconsistency analysis for chunk 106 started
2025-05-25 04:54:29 - inconsistency_detection   - INFO - 0.013s - Chunk 106 processed successfully. Processed 1 person events.
2025-05-25 04:54:29 - person_summary            - INFO - N/A - (Stage 2.1) Person attitude analysis for chunk 106 started
2025-05-25 04:54:29 - person_summary            - INFO - N/A - Missing person ID for person_event 1 in chunk 106.
2025-05-25 04:54:29 - person_summary            - INFO - N/A - No sentiment history found for person Hank Green in chunk 106, generating new.
2025-05-25 04:54:36 - person_summary            - INFO - 35.780s - Successfully got comment
2025-05-25 04:54:36 - person_summary            - INFO - 35.781s - Chunk 109 processed successfully. Processed 1 person events.
2025-05-25 04:54:36 - opinion_scoring           - INFO - N/A - (Stage 3) Opinion scoring for chunk 109 started
2025-05-25 04:54:44 - person_summary            - INFO - 33.386s - Successfully got comment
2025-05-25 04:54:44 - person_summary            - INFO - 33.386s - Chunk 108 processed successfully. Processed 1 person events.
2025-05-25 04:54:44 - opinion_scoring           - INFO - N/A - (Stage 3) Opinion scoring for chunk 108 started
2025-05-25 04:54:50 - opinion_scoring           - INFO - 31.009s - Successfully calculated opinion scores
2025-05-25 04:54:50 - opinion_scoring           - INFO - 31.009s - Chunk 110 processed successfully. Processed 1 person events.
2025-05-25 04:54:50 - write_node                - INFO - N/A - (Stage 3) Scores without inconsistency case
2025-05-25 04:54:50 - write_node                - INFO - N/A - (Stage 2.1) Summary/attitude full case
2025-05-25 04:54:50 - write_node                - ERROR - N/A - Error processing person event: add_attitude_full() got an unexpected keyword argument 'is_expert_flag'
2025-05-25 04:54:50 - write_node                - INFO - N/A - Chunk 110 marked as processed
2025-05-25 04:54:51 - event_classifier          - INFO - N/A - (Stage 0) Processing chunk 107 started
2025-05-25 04:54:59 - person_summary            - INFO - 29.923s - Successfully got comment
2025-05-25 04:54:59 - person_summary            - INFO - 29.923s - Chunk 106 processed successfully. Processed 1 person events.
2025-05-25 04:54:59 - opinion_scoring           - INFO - N/A - (Stage 3) Opinion scoring for chunk 106 started
2025-05-25 04:55:05 - opinion_scoring           - INFO - 28.710s - Successfully calculated opinion scores
2025-05-25 04:55:05 - opinion_scoring           - INFO - 28.710s - Chunk 109 processed successfully. Processed 1 person events.
2025-05-25 04:55:05 - write_node                - ERROR - N/A - Event scores not saved correctly: Expected 0.85, 0.75, 0.6, 0.7124999999999999 but got 0.85, 0.75, 0.6, 0.7125
2025-05-25 04:55:05 - write_node                - INFO - N/A - (Stage 3) Scores without inconsistency case
2025-05-25 04:55:05 - write_node                - INFO - N/A - (Stage 2.1) Summary/attitude full case
2025-05-25 04:55:05 - write_node                - ERROR - N/A - Error processing person event: add_attitude_full() got an unexpected keyword argument 'is_expert_flag'
2025-05-25 04:55:05 - write_node                - INFO - N/A - Chunk 109 marked as processed
2025-05-25 04:55:06 - event_classifier          - INFO - N/A - (Stage 0) Processing chunk 105 started
2025-05-25 04:55:10 - opinion_scoring           - INFO - 25.705s - Successfully calculated opinion scores
2025-05-25 04:55:10 - opinion_scoring           - INFO - 25.706s - Chunk 108 processed successfully. Processed 1 person events.
2025-05-25 04:55:10 - write_node                - INFO - N/A - (Stage 3) Scores without inconsistency case
2025-05-25 04:55:10 - write_node                - INFO - N/A - (Stage 2.1) Summary/attitude full case
2025-05-25 04:55:10 - write_node                - ERROR - N/A - Error processing person event: add_attitude_full() got an unexpected keyword argument 'is_expert_flag'
2025-05-25 04:55:10 - write_node                - INFO - N/A - Chunk 108 marked as processed
2025-05-25 04:55:10 - event_classifier          - INFO - N/A - (Stage 0) Processing chunk 104 started
2025-05-25 04:55:24 - event_classifier          - WARNING - N/A - Received invalid JSON response: Expecting ',' delimiter: line 9 column 2 (char 421). Attempting to fix...
2025-05-25 04:55:24 - event_classifier          - WARNING - N/A - Failed parsing code block content with substring method
2025-05-25 04:55:24 - event_classifier          - WARNING - N/A - Failed to extract with regex: Unterminated string starting at: line 1 column 215 (char 214)
2025-05-25 04:55:24 - event_classifier          - INFO - 33.526s - Chunk 107 processed, (1) general events, (1) opinions.
2025-05-25 04:55:24 - event_scoring             - INFO - N/A - (Stage 1) Event scoring for chunk 107 started
2025-05-25 04:55:24 - sentiment_analysis        - INFO - N/A - (Stage 1) Sentiment analysis for chunk 107 started
2025-05-25 04:55:31 - opinion_scoring           - INFO - 31.734s - Successfully calculated opinion scores
2025-05-25 04:55:31 - opinion_scoring           - INFO - 31.734s - Chunk 106 processed successfully. Processed 1 person events.
2025-05-25 04:55:31 - write_node                - INFO - N/A - (Stage 3) Scores without inconsistency case
2025-05-25 04:55:31 - write_node                - INFO - N/A - (Stage 2.1) Summary/attitude full case
2025-05-25 04:55:31 - write_node                - ERROR - N/A - Error processing person event: add_attitude_full() got an unexpected keyword argument 'is_expert_flag'
2025-05-25 04:55:31 - write_node                - INFO - N/A - Chunk 106 marked as processed
2025-05-25 04:55:31 - event_classifier          - INFO - N/A - (Stage 0) Processing chunk 99 started
2025-05-25 04:55:42 - event_classifier          - WARNING - N/A - Received invalid JSON response: Expecting ',' delimiter: line 9 column 2 (char 360). Attempting to fix...
2025-05-25 04:55:42 - event_classifier          - WARNING - N/A - Failed parsing code block content with substring method
2025-05-25 04:55:42 - event_classifier          - INFO - N/A - Successfully reconstructed JSON with regex field extraction
2025-05-25 04:55:42 - event_classifier          - INFO - 36.695s - Chunk 105 processed, (1) general events, (1) opinions.
2025-05-25 04:55:42 - event_scoring             - INFO - N/A - (Stage 1) Event scoring for chunk 105 started
2025-05-25 04:55:42 - sentiment_analysis        - INFO - N/A - (Stage 1) Sentiment analysis for chunk 105 started
2025-05-25 04:55:55 - event_classifier          - WARNING - N/A - Received invalid JSON response: Expecting ',' delimiter: line 9 column 2 (char 345). Attempting to fix...
2025-05-25 04:55:55 - event_classifier          - WARNING - N/A - Failed parsing code block content with substring method
2025-05-25 04:55:55 - event_classifier          - INFO - N/A - Successfully reconstructed JSON with regex field extraction
2025-05-25 04:55:55 - event_classifier          - INFO - 44.774s - Chunk 104 processed, (1) general events, (1) opinions.
2025-05-25 04:55:55 - event_scoring             - INFO - N/A - (Stage 1) Event scoring for chunk 104 started
2025-05-25 04:55:55 - sentiment_analysis        - INFO - N/A - (Stage 1) Sentiment analysis for chunk 104 started
2025-05-25 04:56:03 - event_scoring             - INFO - 38.215s - Successfully calculated event scores
2025-05-25 04:56:03 - event_scoring             - INFO - 38.215s - Chunk 107 processed successfully. Processed 1 general events.
2025-05-25 04:56:04 - sentiment_analysis        - INFO - 40.121s - Successfully got sentiment score
2025-05-25 04:56:04 - sentiment_analysis        - INFO - 40.122s - Chunk 107 processed successfully. Processed 1 person events.
2025-05-25 04:56:04 - inconsistency_detection   - INFO - N/A - (Stage 2) Inconsistency analysis for chunk 107 started
2025-05-25 04:56:04 - inconsistency_detection   - INFO - 0.012s - Chunk 107 processed successfully. Processed 1 person events.
2025-05-25 04:56:04 - person_summary            - INFO - N/A - (Stage 2.1) Person attitude analysis for chunk 107 started
2025-05-25 04:56:04 - person_summary            - INFO - N/A - Missing person ID for person_event 1 in chunk 107.
2025-05-25 04:56:04 - person_summary            - INFO - N/A - No sentiment history found for person David Green in chunk 107, generating new.
2025-05-25 04:56:19 - event_classifier          - WARNING - N/A - Received invalid JSON response: Expecting ',' delimiter: line 9 column 2 (char 398). Attempting to fix...
2025-05-25 04:56:19 - event_classifier          - WARNING - N/A - Failed parsing code block content with substring method
2025-05-25 04:56:19 - event_classifier          - WARNING - N/A - Failed to extract with regex: Unterminated string starting at: line 1 column 249 (char 248)
2025-05-25 04:56:19 - event_classifier          - INFO - 47.353s - Chunk 99 processed, (1) general events, (1) opinions.
2025-05-25 04:56:19 - event_scoring             - INFO - N/A - (Stage 1) Event scoring for chunk 99 started
2025-05-25 04:56:19 - sentiment_analysis        - INFO - N/A - (Stage 1) Sentiment analysis for chunk 99 started
2025-05-25 04:56:25 - event_scoring             - INFO - 42.566s - Successfully calculated event scores
2025-05-25 04:56:25 - event_scoring             - INFO - 42.566s - Chunk 105 processed successfully. Processed 1 general events.
2025-05-25 04:56:27 - sentiment_analysis        - INFO - 44.446s - Successfully got sentiment score
2025-05-25 04:56:27 - sentiment_analysis        - INFO - 44.446s - Chunk 105 processed successfully. Processed 1 person events.
2025-05-25 04:56:27 - inconsistency_detection   - INFO - N/A - (Stage 2) Inconsistency analysis for chunk 105 started
2025-05-25 04:56:36 - event_scoring             - INFO - 40.496s - Successfully calculated event scores
2025-05-25 04:56:36 - event_scoring             - INFO - 40.497s - Chunk 104 processed successfully. Processed 1 general events.
2025-05-25 04:56:37 - sentiment_analysis        - INFO - 42.403s - Successfully got sentiment score
2025-05-25 04:56:37 - sentiment_analysis        - INFO - 42.403s - Chunk 104 processed successfully. Processed 1 person events.
2025-05-25 04:56:37 - inconsistency_detection   - INFO - N/A - (Stage 2) Inconsistency analysis for chunk 104 started
2025-05-25 04:56:45 - person_summary            - INFO - 40.154s - Successfully got comment
2025-05-25 04:56:45 - person_summary            - INFO - 40.155s - Chunk 107 processed successfully. Processed 1 person events.
2025-05-25 04:56:45 - opinion_scoring           - INFO - N/A - (Stage 3) Opinion scoring for chunk 107 started
2025-05-25 04:56:53 - event_scoring             - INFO - 34.190s - Successfully calculated event scores
2025-05-25 04:56:53 - event_scoring             - INFO - 34.191s - Chunk 99 processed successfully. Processed 1 general events.
2025-05-25 04:56:55 - sentiment_analysis        - INFO - 35.987s - Successfully got sentiment score
2025-05-25 04:56:55 - sentiment_analysis        - INFO - 35.987s - Chunk 99 processed successfully. Processed 1 person events.
2025-05-25 04:56:55 - inconsistency_detection   - INFO - N/A - (Stage 2) Inconsistency analysis for chunk 99 started
2025-05-25 04:56:55 - inconsistency_detection   - INFO - 0.012s - Chunk 99 processed successfully. Processed 1 person events.
2025-05-25 04:56:55 - person_summary            - INFO - N/A - (Stage 2.1) Person attitude analysis for chunk 99 started
2025-05-25 04:56:55 - person_summary            - INFO - N/A - Missing person ID for person_event 1 in chunk 99.
2025-05-25 04:56:55 - person_summary            - INFO - N/A - No sentiment history found for person Lori Lodes in chunk 99, generating new.
2025-05-25 04:57:12 - opinion_scoring           - INFO - 27.748s - Successfully calculated opinion scores
2025-05-25 04:57:12 - opinion_scoring           - INFO - 27.748s - Chunk 107 processed successfully. Processed 1 person events.
2025-05-25 04:57:12 - write_node                - ERROR - N/A - Event scores not saved correctly: Expected 0.4, 0.3, 0.2, 0.27999999999999997 but got 0.4, 0.3, 0.2, 0.28
2025-05-25 04:57:12 - write_node                - INFO - N/A - (Stage 3) Scores without inconsistency case
2025-05-25 04:57:13 - write_node                - INFO - N/A - (Stage 2.1) Summary/attitude full case
2025-05-25 04:57:13 - write_node                - ERROR - N/A - Error processing person event: add_attitude_full() got an unexpected keyword argument 'is_expert_flag'
2025-05-25 04:57:13 - write_node                - INFO - N/A - Chunk 107 marked as processed
2025-05-25 04:57:13 - event_classifier          - INFO - N/A - (Stage 0) Processing chunk 98 started
2025-05-25 04:57:21 - person_summary            - ERROR - N/A - Error in refinement process: 'max_length'. Falling back to truncation.
2025-05-25 04:57:21 - person_summary            - INFO - 26.832s - Successfully got comment
2025-05-25 04:57:21 - person_summary            - INFO - 26.834s - Chunk 99 processed successfully. Processed 1 person events.
2025-05-25 04:57:21 - opinion_scoring           - INFO - N/A - (Stage 3) Opinion scoring for chunk 99 started
2025-05-25 04:57:31 - inconsistency_detection   - INFO - 64.078s - Successfully got comment
2025-05-25 04:57:31 - inconsistency_detection   - INFO - 64.109s - Chunk 105 processed successfully. Processed 1 person events.
2025-05-25 04:57:31 - person_summary            - INFO - N/A - (Stage 2.1) Person attitude analysis for chunk 105 started
2025-05-25 04:57:31 - person_summary            - INFO - N/A - Sentiment history found for person Unspecified in chunk 105.
2025-05-25 04:57:42 - inconsistency_detection   - INFO - 64.352s - Successfully got comment
2025-05-25 04:57:42 - inconsistency_detection   - INFO - 64.384s - Chunk 104 processed successfully. Processed 1 person events.
2025-05-25 04:57:42 - person_summary            - INFO - N/A - (Stage 2.1) Person attitude analysis for chunk 104 started
2025-05-25 04:57:42 - person_summary            - INFO - N/A - Sentiment history found for person Unspecified in chunk 104.
2025-05-25 04:57:57 - event_classifier          - WARNING - N/A - Received invalid JSON response: Expecting ',' delimiter: line 9 column 2 (char 451). Attempting to fix...
2025-05-25 04:57:57 - event_classifier          - WARNING - N/A - Failed parsing code block content with substring method
2025-05-25 04:57:57 - event_classifier          - INFO - N/A - Successfully reconstructed JSON with regex field extraction
2025-05-25 04:57:57 - event_classifier          - INFO - 43.517s - Chunk 98 processed, (1) general events, (1) opinions.
2025-05-25 04:57:57 - event_scoring             - INFO - N/A - (Stage 1) Event scoring for chunk 98 started
2025-05-25 04:57:57 - sentiment_analysis        - INFO - N/A - (Stage 1) Sentiment analysis for chunk 98 started
2025-05-25 04:58:03 - opinion_scoring           - INFO - 41.326s - Successfully calculated opinion scores
2025-05-25 04:58:03 - opinion_scoring           - INFO - 41.327s - Chunk 99 processed successfully. Processed 1 person events.
2025-05-25 04:58:03 - write_node                - ERROR - N/A - Event scores not saved correctly: Expected 0.95, 0.75, 0.6, 0.7274999999999999 but got 0.95, 0.75, 0.6, 0.7275
2025-05-25 04:58:03 - write_node                - INFO - N/A - (Stage 3) Scores without inconsistency case
2025-05-25 04:58:03 - write_node                - ERROR - N/A - Opinion scores not saved correctly for ID 38: hotness: expected 0.7749999999999999, got 0.775
2025-05-25 04:58:03 - write_node                - INFO - N/A - (Stage 2.1) Summary/attitude full case
2025-05-25 04:58:03 - write_node                - ERROR - N/A - Error processing person event: add_attitude_full() got an unexpected keyword argument 'is_expert_flag'
2025-05-25 04:58:03 - write_node                - INFO - N/A - Chunk 99 marked as processed
2025-05-25 04:58:04 - event_classifier          - INFO - N/A - (Stage 0) Processing chunk 97 started
2025-05-25 04:58:08 - person_summary            - INFO - 37.140s - Successfully got comment
2025-05-25 04:58:08 - person_summary            - INFO - 37.175s - Chunk 105 processed successfully. Processed 1 person events.
2025-05-25 04:58:08 - opinion_scoring           - INFO - N/A - (Stage 3) Opinion scoring for chunk 105 started
2025-05-25 04:58:15 - person_summary            - INFO - 32.727s - Successfully got comment
2025-05-25 04:58:15 - person_summary            - INFO - 32.760s - Chunk 104 processed successfully. Processed 1 person events.
2025-05-25 04:58:15 - opinion_scoring           - INFO - N/A - (Stage 3) Opinion scoring for chunk 104 started
2025-05-25 04:58:24 - event_scoring             - INFO - 26.932s - Successfully calculated event scores
2025-05-25 04:58:24 - event_scoring             - INFO - 26.932s - Chunk 98 processed successfully. Processed 1 general events.
2025-05-25 04:58:25 - sentiment_analysis        - INFO - 28.721s - Successfully got sentiment score
2025-05-25 04:58:25 - sentiment_analysis        - INFO - 28.721s - Chunk 98 processed successfully. Processed 1 person events.
2025-05-25 04:58:25 - inconsistency_detection   - INFO - N/A - (Stage 2) Inconsistency analysis for chunk 98 started
2025-05-25 04:58:25 - inconsistency_detection   - INFO - 0.012s - Chunk 98 processed successfully. Processed 1 person events.
2025-05-25 04:58:25 - person_summary            - INFO - N/A - (Stage 2.1) Person attitude analysis for chunk 98 started
2025-05-25 04:58:25 - person_summary            - INFO - N/A - Missing person ID for person_event 1 in chunk 98.
2025-05-25 04:58:25 - person_summary            - INFO - N/A - No sentiment history found for person Brandon Williams in chunk 98, generating new.
2025-05-25 04:58:41 - event_classifier          - WARNING - N/A - Received invalid JSON response: Expecting ',' delimiter: line 9 column 2 (char 494). Attempting to fix...
2025-05-25 04:58:41 - event_classifier          - WARNING - N/A - Failed parsing code block content with substring method
2025-05-25 04:58:41 - event_classifier          - WARNING - N/A - Failed to extract with regex: Unterminated string starting at: line 1 column 269 (char 268)
2025-05-25 04:58:41 - event_classifier          - INFO - 37.948s - Chunk 97 processed, (1) general events, (1) opinions.
2025-05-25 04:58:41 - event_scoring             - INFO - N/A - (Stage 1) Event scoring for chunk 97 started
2025-05-25 04:58:41 - sentiment_analysis        - INFO - N/A - (Stage 1) Sentiment analysis for chunk 97 started
2025-05-25 04:58:48 - opinion_scoring           - INFO - 39.917s - Successfully calculated opinion scores
2025-05-25 04:58:48 - opinion_scoring           - INFO - 39.917s - Chunk 105 processed successfully. Processed 1 person events.
2025-05-25 04:58:48 - write_node                - ERROR - N/A - Event scores not saved correctly: Expected 0.3, 0.2, 0.1, 0.18000000000000002 but got 0.3, 0.2, 0.1, 0.18
2025-05-25 04:58:48 - write_node                - INFO - N/A - (Stage 3) Scored case
2025-05-25 04:58:48 - write_node                - ERROR - N/A - Opinion scores not saved correctly for ID 39: hotness: expected 0.052500000000000005, got 0.0525
2025-05-25 04:58:48 - write_node                - INFO - N/A - (Stage 2.1) Summary/attitude full case
2025-05-25 04:58:48 - write_node                - ERROR - N/A - Error processing person event: add_attitude_full() got an unexpected keyword argument 'is_expert_flag'
2025-05-25 04:58:48 - write_node                - INFO - N/A - Chunk 105 marked as processed
2025-05-25 04:58:49 - event_classifier          - INFO - N/A - (Stage 0) Processing chunk 96 started
2025-05-25 04:58:53 - opinion_scoring           - INFO - 38.419s - Successfully calculated opinion scores
2025-05-25 04:58:53 - opinion_scoring           - INFO - 38.419s - Chunk 104 processed successfully. Processed 1 person events.
2025-05-25 04:58:53 - write_node                - ERROR - N/A - Event scores not saved correctly: Expected 0.3, 0.1, 0.2, 0.16499999999999998 but got 0.3, 0.1, 0.2, 0.165
2025-05-25 04:58:53 - write_node                - INFO - N/A - (Stage 3) Scored case
2025-05-25 04:58:53 - write_node                - INFO - N/A - (Stage 2.1) Summary/attitude full case
2025-05-25 04:58:53 - write_node                - ERROR - N/A - Error processing person event: add_attitude_full() got an unexpected keyword argument 'is_expert_flag'
2025-05-25 04:58:53 - write_node                - INFO - N/A - Chunk 104 marked as processed
2025-05-25 04:58:54 - event_classifier          - INFO - N/A - (Stage 0) Processing chunk 100 started
2025-05-25 04:59:01 - person_summary            - INFO - 35.608s - Successfully got comment
2025-05-25 04:59:01 - person_summary            - INFO - 35.609s - Chunk 98 processed successfully. Processed 1 person events.
2025-05-25 04:59:01 - opinion_scoring           - INFO - N/A - (Stage 3) Opinion scoring for chunk 98 started
2025-05-25 04:59:10 - event_scoring             - INFO - 28.366s - Successfully calculated event scores
2025-05-25 04:59:10 - event_scoring             - INFO - 28.367s - Chunk 97 processed successfully. Processed 1 general events.
2025-05-25 04:59:12 - sentiment_analysis        - INFO - 30.255s - Successfully got sentiment score
2025-05-25 04:59:12 - sentiment_analysis        - INFO - 30.256s - Chunk 97 processed successfully. Processed 1 person events.
2025-05-25 04:59:12 - inconsistency_detection   - INFO - N/A - (Stage 2) Inconsistency analysis for chunk 97 started
2025-05-25 04:59:12 - inconsistency_detection   - INFO - 0.013s - Chunk 97 processed successfully. Processed 1 person events.
2025-05-25 04:59:12 - person_summary            - INFO - N/A - (Stage 2.1) Person attitude analysis for chunk 97 started
2025-05-25 04:59:12 - person_summary            - INFO - N/A - Missing person ID for person_event 1 in chunk 97.
2025-05-25 04:59:12 - person_summary            - INFO - N/A - No sentiment history found for person Anthony Leiserowitz in chunk 97, generating new.
2025-05-25 04:59:26 - event_classifier          - WARNING - N/A - Received invalid JSON response: Expecting ',' delimiter: line 9 column 2 (char 462). Attempting to fix...
2025-05-25 04:59:26 - event_classifier          - WARNING - N/A - Failed parsing code block content with substring method
2025-05-25 04:59:26 - event_classifier          - INFO - N/A - Successfully reconstructed JSON with regex field extraction
2025-05-25 04:59:26 - event_classifier          - INFO - 37.115s - Chunk 96 processed, (1) general events, (1) opinions.
2025-05-25 04:59:26 - event_scoring             - INFO - N/A - (Stage 1) Event scoring for chunk 96 started
2025-05-25 04:59:26 - sentiment_analysis        - INFO - N/A - (Stage 1) Sentiment analysis for chunk 96 started
2025-05-25 04:59:39 - event_classifier          - WARNING - N/A - Received invalid JSON response: Expecting ',' delimiter: line 9 column 2 (char 399). Attempting to fix...
2025-05-25 04:59:39 - event_classifier          - WARNING - N/A - Failed parsing code block content with substring method
2025-05-25 04:59:39 - event_classifier          - INFO - N/A - Successfully reconstructed JSON with regex field extraction
2025-05-25 04:59:39 - event_classifier          - INFO - 45.020s - Chunk 100 processed, (1) general events, (1) opinions.
2025-05-25 04:59:39 - event_scoring             - INFO - N/A - (Stage 1) Event scoring for chunk 100 started
2025-05-25 04:59:39 - sentiment_analysis        - INFO - N/A - (Stage 1) Sentiment analysis for chunk 100 started
2025-05-25 04:59:45 - opinion_scoring           - INFO - 44.036s - Successfully calculated opinion scores
2025-05-25 04:59:45 - opinion_scoring           - INFO - 44.037s - Chunk 98 processed successfully. Processed 1 person events.
2025-05-25 04:59:45 - write_node                - INFO - N/A - (Stage 3) Scores without inconsistency case
2025-05-25 04:59:45 - write_node                - ERROR - N/A - Opinion scores not saved correctly for ID 41: hotness: expected 0.7749999999999999, got 0.775
2025-05-25 04:59:45 - write_node                - INFO - N/A - (Stage 2.1) Summary/attitude full case
2025-05-25 04:59:45 - write_node                - ERROR - N/A - Error processing person event: add_attitude_full() got an unexpected keyword argument 'is_expert_flag'
2025-05-25 04:59:45 - write_node                - INFO - N/A - Chunk 98 marked as processed
2025-05-25 04:59:46 - event_classifier          - INFO - N/A - (Stage 0) Processing chunk 101 started
2025-05-25 04:59:55 - person_summary            - INFO - 43.010s - Successfully got comment
2025-05-25 04:59:55 - person_summary            - INFO - 43.011s - Chunk 97 processed successfully. Processed 1 person events.
2025-05-25 04:59:55 - opinion_scoring           - INFO - N/A - (Stage 3) Opinion scoring for chunk 97 started
2025-05-25 05:00:03 - event_scoring             - INFO - 37.135s - Successfully calculated event scores
2025-05-25 05:00:03 - event_scoring             - INFO - 37.136s - Chunk 96 processed successfully. Processed 1 general events.
2025-05-25 05:00:05 - sentiment_analysis        - INFO - 38.999s - Successfully got sentiment score
2025-05-25 05:00:05 - sentiment_analysis        - INFO - 38.999s - Chunk 96 processed successfully. Processed 1 person events.
2025-05-25 05:00:05 - inconsistency_detection   - INFO - N/A - (Stage 2) Inconsistency analysis for chunk 96 started
2025-05-25 05:00:05 - inconsistency_detection   - INFO - 0.012s - Chunk 96 processed successfully. Processed 1 person events.
2025-05-25 05:00:05 - person_summary            - INFO - N/A - (Stage 2.1) Person attitude analysis for chunk 96 started
2025-05-25 05:00:05 - person_summary            - INFO - N/A - Missing person ID for person_event 1 in chunk 96.
2025-05-25 05:00:05 - person_summary            - INFO - N/A - No sentiment history found for person Joe Biden in chunk 96, generating new.
2025-05-25 05:00:13 - event_scoring             - INFO - 34.709s - Successfully calculated event scores
2025-05-25 05:00:13 - event_scoring             - INFO - 34.709s - Chunk 100 processed successfully. Processed 1 general events.
2025-05-25 05:00:15 - sentiment_analysis        - INFO - 36.587s - Successfully got sentiment score
2025-05-25 05:00:15 - sentiment_analysis        - INFO - 36.587s - Chunk 100 processed successfully. Processed 1 person events.
2025-05-25 05:00:15 - inconsistency_detection   - INFO - N/A - (Stage 2) Inconsistency analysis for chunk 100 started
2025-05-25 05:00:15 - inconsistency_detection   - INFO - 0.012s - Chunk 100 processed successfully. Processed 1 person events.
2025-05-25 05:00:15 - person_summary            - INFO - N/A - (Stage 2.1) Person attitude analysis for chunk 100 started
2025-05-25 05:00:15 - person_summary            - INFO - N/A - Missing person ID for person_event 1 in chunk 100.
2025-05-25 05:00:15 - person_summary            - INFO - N/A - No sentiment history found for person Ron DeSantis in chunk 100, generating new.
2025-05-25 05:00:30 - event_classifier          - WARNING - N/A - Received invalid JSON response: Expecting ',' delimiter: line 9 column 2 (char 376). Attempting to fix...
2025-05-25 05:00:30 - event_classifier          - WARNING - N/A - Failed parsing code block content with substring method
2025-05-25 05:00:30 - event_classifier          - INFO - N/A - Successfully reconstructed JSON with regex field extraction
2025-05-25 05:00:30 - event_classifier          - INFO - 44.000s - Chunk 101 processed, (1) general events, (1) opinions.
2025-05-25 05:00:30 - event_scoring             - INFO - N/A - (Stage 1) Event scoring for chunk 101 started
2025-05-25 05:00:30 - sentiment_analysis        - INFO - N/A - (Stage 1) Sentiment analysis for chunk 101 started
2025-05-25 05:00:36 - opinion_scoring           - INFO - 41.396s - Successfully calculated opinion scores
2025-05-25 05:00:36 - opinion_scoring           - INFO - 41.396s - Chunk 97 processed successfully. Processed 1 person events.
2025-05-25 05:00:36 - write_node                - INFO - N/A - (Stage 3) Scores without inconsistency case
2025-05-25 05:00:36 - write_node                - ERROR - N/A - Opinion scores not saved correctly for ID 42: hotness: expected 0.7849999999999999, got 0.785
2025-05-25 05:00:36 - write_node                - INFO - N/A - (Stage 2.1) Summary/attitude full case
2025-05-25 05:00:36 - write_node                - ERROR - N/A - Error processing person event: add_attitude_full() got an unexpected keyword argument 'is_expert_flag'
2025-05-25 05:00:36 - write_node                - INFO - N/A - Chunk 97 marked as processed
2025-05-25 05:00:37 - event_classifier          - INFO - N/A - (Stage 0) Processing chunk 102 started
2025-05-25 05:00:45 - person_summary            - INFO - 39.692s - Successfully got comment
2025-05-25 05:00:45 - person_summary            - INFO - 39.692s - Chunk 96 processed successfully. Processed 1 person events.
2025-05-25 05:00:45 - opinion_scoring           - INFO - N/A - (Stage 3) Opinion scoring for chunk 96 started
2025-05-25 05:00:53 - person_summary            - INFO - 37.574s - Successfully got comment
2025-05-25 05:00:53 - person_summary            - INFO - 37.575s - Chunk 100 processed successfully. Processed 1 person events.
2025-05-25 05:00:53 - opinion_scoring           - INFO - N/A - (Stage 3) Opinion scoring for chunk 100 started
2025-05-25 05:01:02 - event_scoring             - INFO - 31.881s - Successfully calculated event scores
2025-05-25 05:01:02 - event_scoring             - INFO - 31.882s - Chunk 101 processed successfully. Processed 1 general events.
2025-05-25 05:01:03 - sentiment_analysis        - INFO - 33.674s - Successfully got sentiment score
2025-05-25 05:01:03 - sentiment_analysis        - INFO - 33.674s - Chunk 101 processed successfully. Processed 1 person events.
2025-05-25 05:01:03 - inconsistency_detection   - INFO - N/A - (Stage 2) Inconsistency analysis for chunk 101 started
2025-05-25 05:01:03 - inconsistency_detection   - INFO - 0.013s - Chunk 101 processed successfully. Processed 1 person events.
2025-05-25 05:01:03 - person_summary            - INFO - N/A - (Stage 2.1) Person attitude analysis for chunk 101 started
2025-05-25 05:01:03 - person_summary            - INFO - N/A - Missing person ID for person_event 1 in chunk 101.
2025-05-25 05:01:03 - person_summary            - INFO - N/A - No sentiment history found for person John Curtis in chunk 101, generating new.
2025-05-25 05:01:18 - event_classifier          - WARNING - N/A - Received invalid JSON response: Expecting ',' delimiter: line 9 column 2 (char 449). Attempting to fix...
2025-05-25 05:01:18 - event_classifier          - WARNING - N/A - Failed parsing code block content with substring method
2025-05-25 05:01:18 - event_classifier          - WARNING - N/A - Failed to extract with regex: Unterminated string starting at: line 1 column 228 (char 227)
2025-05-25 05:01:18 - event_classifier          - INFO - 40.873s - Chunk 102 processed, (1) general events, (1) opinions.
2025-05-25 05:01:18 - event_scoring             - INFO - N/A - (Stage 1) Event scoring for chunk 102 started
2025-05-25 05:01:18 - sentiment_analysis        - INFO - N/A - (Stage 1) Sentiment analysis for chunk 102 started
2025-05-25 05:01:24 - opinion_scoring           - INFO - 39.421s - Successfully calculated opinion scores
2025-05-25 05:01:24 - opinion_scoring           - INFO - 39.421s - Chunk 96 processed successfully. Processed 1 person events.
2025-05-25 05:01:24 - write_node                - INFO - N/A - (Stage 3) Scores without inconsistency case
2025-05-25 05:01:24 - write_node                - INFO - N/A - (Stage 2.1) Summary/attitude full case
2025-05-25 05:01:24 - write_node                - ERROR - N/A - Error processing person event: add_attitude_full() got an unexpected keyword argument 'is_expert_flag'
2025-05-25 05:01:24 - write_node                - INFO - N/A - Chunk 96 marked as processed
2025-05-25 05:01:25 - event_classifier          - INFO - N/A - (Stage 0) Processing chunk 103 started
2025-05-25 05:01:29 - opinion_scoring           - INFO - 35.935s - Successfully calculated opinion scores
2025-05-25 05:01:29 - opinion_scoring           - INFO - 35.935s - Chunk 100 processed successfully. Processed 1 person events.
2025-05-25 05:01:29 - write_node                - INFO - N/A - (Stage 3) Scores without inconsistency case
2025-05-25 05:01:29 - write_node                - INFO - N/A - (Stage 2.1) Summary/attitude full case
2025-05-25 05:01:29 - write_node                - ERROR - N/A - Error processing person event: add_attitude_full() got an unexpected keyword argument 'is_expert_flag'
2025-05-25 05:01:29 - write_node                - INFO - N/A - Chunk 100 marked as processed
2025-05-25 05:01:30 - event_classifier          - INFO - N/A - (Stage 0) Processing chunk 95 started
2025-05-25 05:01:37 - person_summary            - INFO - 33.193s - Successfully got comment
2025-05-25 05:01:37 - person_summary            - INFO - 33.193s - Chunk 101 processed successfully. Processed 1 person events.
2025-05-25 05:01:37 - opinion_scoring           - INFO - N/A - (Stage 3) Opinion scoring for chunk 101 started
2025-05-25 05:01:45 - event_scoring             - INFO - 27.115s - Successfully calculated event scores
2025-05-25 05:01:45 - event_scoring             - INFO - 27.116s - Chunk 102 processed successfully. Processed 1 general events.
2025-05-25 05:01:47 - sentiment_analysis        - INFO - 29.012s - Successfully got sentiment score
2025-05-25 05:01:47 - sentiment_analysis        - INFO - 29.012s - Chunk 102 processed successfully. Processed 1 person events.
2025-05-25 05:01:47 - inconsistency_detection   - INFO - N/A - (Stage 2) Inconsistency analysis for chunk 102 started
2025-05-25 05:01:47 - inconsistency_detection   - INFO - 0.011s - Chunk 102 processed successfully. Processed 1 person events.
2025-05-25 05:01:47 - person_summary            - INFO - N/A - (Stage 2.1) Person attitude analysis for chunk 102 started
2025-05-25 05:01:47 - person_summary            - INFO - N/A - Missing person ID for person_event 1 in chunk 102.
2025-05-25 05:01:47 - person_summary            - INFO - N/A - No sentiment history found for person Leiserowitz in chunk 102, generating new.
2025-05-25 05:02:00 - event_classifier          - WARNING - N/A - Received invalid JSON response: Expecting ',' delimiter: line 9 column 2 (char 487). Attempting to fix...
2025-05-25 05:02:00 - event_classifier          - WARNING - N/A - Failed parsing code block content with substring method
2025-05-25 05:02:00 - event_classifier          - INFO - N/A - Successfully reconstructed JSON with regex field extraction
2025-05-25 05:02:00 - event_classifier          - INFO - 35.233s - Chunk 103 processed, (1) general events, (1) opinions.
2025-05-25 05:02:00 - event_scoring             - INFO - N/A - (Stage 1) Event scoring for chunk 103 started
2025-05-25 05:02:00 - sentiment_analysis        - INFO - N/A - (Stage 1) Sentiment analysis for chunk 103 started
2025-05-25 05:02:20 - event_classifier          - WARNING - N/A - Received invalid JSON response: Expecting ',' delimiter: line 9 column 2 (char 699). Attempting to fix...
2025-05-25 05:02:20 - event_classifier          - WARNING - N/A - Failed parsing code block content with substring method
2025-05-25 05:02:20 - event_classifier          - WARNING - N/A - Failed to extract with regex: Unterminated string starting at: line 1 column 282 (char 281)
2025-05-25 05:02:27 - opinion_scoring           - INFO - 50.014s - Successfully calculated opinion scores
2025-05-25 05:02:27 - opinion_scoring           - INFO - 50.014s - Chunk 101 processed successfully. Processed 1 person events.
2025-05-25 05:02:27 - write_node                - INFO - N/A - (Stage 3) Scores without inconsistency case
2025-05-25 05:02:27 - write_node                - INFO - N/A - (Stage 2.1) Summary/attitude full case
2025-05-25 05:02:27 - write_node                - ERROR - N/A - Error processing person event: add_attitude_full() got an unexpected keyword argument 'is_expert_flag'
2025-05-25 05:02:27 - write_node                - INFO - N/A - Chunk 101 marked as processed
2025-05-25 05:02:27 - event_classifier          - INFO - N/A - (Stage 0) Processing chunk 94 started
2025-05-25 05:02:36 - person_summary            - ERROR - N/A - Error in refinement process: 'max_length'. Falling back to truncation.
2025-05-25 05:02:36 - person_summary            - INFO - 49.081s - Successfully got comment
2025-05-25 05:02:36 - person_summary            - INFO - 49.082s - Chunk 102 processed successfully. Processed 1 person events.
2025-05-25 05:02:36 - opinion_scoring           - INFO - N/A - (Stage 3) Opinion scoring for chunk 102 started
2025-05-25 05:02:42 - event_scoring             - INFO - 42.346s - Successfully calculated event scores
2025-05-25 05:02:42 - event_scoring             - INFO - 42.346s - Chunk 103 processed successfully. Processed 1 general events.
2025-05-25 05:02:44 - sentiment_analysis        - INFO - 44.230s - Successfully got sentiment score
2025-05-25 05:02:44 - sentiment_analysis        - INFO - 44.230s - Chunk 103 processed successfully. Processed 1 person events.
2025-05-25 05:02:44 - inconsistency_detection   - INFO - N/A - (Stage 2) Inconsistency analysis for chunk 103 started
2025-05-25 05:03:04 - event_classifier          - INFO - 94.808s - Chunk 95 processed, (1) general events, (1) opinions.
2025-05-25 05:03:04 - event_scoring             - INFO - N/A - (Stage 1) Event scoring for chunk 95 started
2025-05-25 05:03:04 - sentiment_analysis        - INFO - N/A - (Stage 1) Sentiment analysis for chunk 95 started
2025-05-25 05:03:19 - event_classifier          - WARNING - N/A - Received invalid JSON response: Expecting ',' delimiter: line 9 column 2 (char 410). Attempting to fix...
2025-05-25 05:03:19 - event_classifier          - WARNING - N/A - Failed parsing code block content with substring method
2025-05-25 05:03:19 - event_classifier          - WARNING - N/A - Failed to extract with regex: Unterminated string starting at: line 1 column 231 (char 230)
2025-05-25 05:03:19 - event_classifier          - INFO - 52.121s - Chunk 94 processed, (1) general events, (1) opinions.
2025-05-25 05:03:19 - event_scoring             - INFO - N/A - (Stage 1) Event scoring for chunk 94 started
2025-05-25 05:03:19 - sentiment_analysis        - INFO - N/A - (Stage 1) Sentiment analysis for chunk 94 started
2025-05-25 05:03:26 - opinion_scoring           - INFO - 49.858s - Successfully calculated opinion scores
2025-05-25 05:03:26 - opinion_scoring           - INFO - 49.858s - Chunk 102 processed successfully. Processed 1 person events.
2025-05-25 05:03:26 - write_node                - ERROR - N/A - Event scores not saved correctly: Expected 0.85, 0.75, 0.6, 0.7124999999999999 but got 0.85, 0.75, 0.6, 0.7125
2025-05-25 05:03:26 - write_node                - INFO - N/A - (Stage 3) Scores without inconsistency case
2025-05-25 05:03:26 - write_node                - INFO - N/A - (Stage 2.1) Summary/attitude full case
2025-05-25 05:03:26 - write_node                - ERROR - N/A - Error processing person event: add_attitude_full() got an unexpected keyword argument 'is_expert_flag'
2025-05-25 05:03:26 - write_node                - INFO - N/A - Chunk 102 marked as processed
2025-05-25 05:03:26 - event_classifier          - INFO - N/A - (Stage 0) Processing chunk 93 started
2025-05-25 05:03:39 - event_scoring             - INFO - 35.010s - Successfully calculated event scores
2025-05-25 05:03:39 - event_scoring             - INFO - 35.010s - Chunk 95 processed successfully. Processed 1 general events.
2025-05-25 05:03:42 - sentiment_analysis        - INFO - 37.193s - Successfully got sentiment score
2025-05-25 05:03:42 - sentiment_analysis        - INFO - 37.193s - Chunk 95 processed successfully. Processed 1 person events.
2025-05-25 05:03:42 - inconsistency_detection   - INFO - N/A - (Stage 2) Inconsistency analysis for chunk 95 started
2025-05-25 05:03:42 - inconsistency_detection   - INFO - 0.011s - Chunk 95 processed successfully. Processed 1 person events.
2025-05-25 05:03:42 - person_summary            - INFO - N/A - (Stage 2.1) Person attitude analysis for chunk 95 started
2025-05-25 05:03:42 - person_summary            - INFO - N/A - Missing person ID for person_event 1 in chunk 95.
2025-05-25 05:03:42 - person_summary            - INFO - N/A - No sentiment history found for person Asanda Xawuka in chunk 95, generating new.
2025-05-25 05:03:50 - event_scoring             - INFO - 31.044s - Successfully calculated event scores
2025-05-25 05:03:50 - event_scoring             - INFO - 31.044s - Chunk 94 processed successfully. Processed 1 general events.
2025-05-25 05:03:52 - sentiment_analysis        - INFO - 32.835s - Successfully got sentiment score
2025-05-25 05:03:52 - sentiment_analysis        - INFO - 32.835s - Chunk 94 processed successfully. Processed 1 person events.
2025-05-25 05:03:52 - inconsistency_detection   - INFO - N/A - (Stage 2) Inconsistency analysis for chunk 94 started
2025-05-25 05:03:52 - inconsistency_detection   - INFO - 0.012s - Chunk 94 processed successfully. Processed 1 person events.
2025-05-25 05:03:52 - person_summary            - INFO - N/A - (Stage 2.1) Person attitude analysis for chunk 94 started
2025-05-25 05:03:52 - person_summary            - INFO - N/A - Missing person ID for person_event 1 in chunk 94.
2025-05-25 05:03:52 - person_summary            - INFO - N/A - No sentiment history found for person Colin Loubser in chunk 94, generating new.
2025-05-25 05:04:09 - event_classifier          - WARNING - N/A - Received invalid JSON response: Expecting ',' delimiter: line 9 column 2 (char 455). Attempting to fix...
2025-05-25 05:04:09 - event_classifier          - WARNING - N/A - Failed parsing code block content with substring method
2025-05-25 05:04:09 - event_classifier          - WARNING - N/A - Failed to extract with regex: Unterminated string starting at: line 1 column 233 (char 232)
2025-05-25 05:04:09 - event_classifier          - INFO - 42.096s - Chunk 93 processed, (1) general events, (1) opinions.
2025-05-25 05:04:09 - event_scoring             - INFO - N/A - (Stage 1) Event scoring for chunk 93 started
2025-05-25 05:04:09 - sentiment_analysis        - INFO - N/A - (Stage 1) Sentiment analysis for chunk 93 started
2025-05-25 05:04:21 - inconsistency_detection   - INFO - 97.002s - Successfully got comment
2025-05-25 05:04:21 - inconsistency_detection   - INFO - 97.038s - Chunk 103 processed successfully. Processed 1 person events.
2025-05-25 05:04:21 - person_summary            - INFO - N/A - (Stage 2.1) Person attitude analysis for chunk 103 started
2025-05-25 05:04:21 - person_summary            - INFO - N/A - Sentiment history found for person Unspecified in chunk 103.
2025-05-25 05:04:29 - person_summary            - INFO - 47.410s - Successfully got comment
2025-05-25 05:04:29 - person_summary            - INFO - 47.410s - Chunk 95 processed successfully. Processed 1 person events.
2025-05-25 05:04:29 - opinion_scoring           - INFO - N/A - (Stage 3) Opinion scoring for chunk 95 started
2025-05-25 05:04:37 - person_summary            - INFO - 44.616s - Successfully got comment
2025-05-25 05:04:37 - person_summary            - INFO - 44.616s - Chunk 94 processed successfully. Processed 1 person events.
2025-05-25 05:04:37 - opinion_scoring           - INFO - N/A - (Stage 3) Opinion scoring for chunk 94 started
2025-05-25 05:04:44 - event_scoring             - INFO - 35.948s - Successfully calculated event scores
2025-05-25 05:04:44 - event_scoring             - INFO - 35.948s - Chunk 93 processed successfully. Processed 1 general events.
2025-05-25 05:04:46 - sentiment_analysis        - INFO - 37.745s - Successfully got sentiment score
2025-05-25 05:04:46 - sentiment_analysis        - INFO - 37.745s - Chunk 93 processed successfully. Processed 1 person events.
2025-05-25 05:04:46 - inconsistency_detection   - INFO - N/A - (Stage 2) Inconsistency analysis for chunk 93 started
2025-05-25 05:04:46 - inconsistency_detection   - INFO - 0.012s - Chunk 93 processed successfully. Processed 1 person events.
2025-05-25 05:04:46 - person_summary            - INFO - N/A - (Stage 2.1) Person attitude analysis for chunk 93 started
2025-05-25 05:04:46 - person_summary            - INFO - N/A - Missing person ID for person_event 1 in chunk 93.
2025-05-25 05:04:46 - person_summary            - INFO - N/A - No sentiment history found for person Billie Joe Armstrong in chunk 93, generating new.
2025-05-25 05:04:51 - person_summary            - INFO - 29.759s - Successfully got comment
2025-05-25 05:04:51 - person_summary            - INFO - 29.790s - Chunk 103 processed successfully. Processed 1 person events.
2025-05-25 05:04:51 - opinion_scoring           - INFO - N/A - (Stage 3) Opinion scoring for chunk 103 started
2025-05-25 05:04:58 - opinion_scoring           - INFO - 28.576s - Successfully calculated opinion scores
2025-05-25 05:04:58 - opinion_scoring           - INFO - 28.577s - Chunk 95 processed successfully. Processed 1 person events.
2025-05-25 05:04:58 - write_node                - INFO - N/A - (Stage 3) Scores without inconsistency case
2025-05-25 05:04:58 - write_node                - ERROR - N/A - Opinion scores not saved correctly for ID 47: hotness: expected 0.7749999999999999, got 0.775
2025-05-25 05:04:58 - write_node                - INFO - N/A - (Stage 2.1) Summary/attitude full case
2025-05-25 05:04:58 - write_node                - ERROR - N/A - Error processing person event: add_attitude_full() got an unexpected keyword argument 'is_expert_flag'
2025-05-25 05:04:58 - write_node                - INFO - N/A - Chunk 95 marked as processed
2025-05-25 05:04:58 - event_classifier          - INFO - N/A - (Stage 0) Processing chunk 92 started
2025-05-25 05:05:02 - opinion_scoring           - INFO - 25.412s - Successfully calculated opinion scores
2025-05-25 05:05:02 - opinion_scoring           - INFO - 25.412s - Chunk 94 processed successfully. Processed 1 person events.
2025-05-25 05:05:02 - write_node                - INFO - N/A - (Stage 3) Scores without inconsistency case
2025-05-25 05:05:02 - write_node                - INFO - N/A - (Stage 2.1) Summary/attitude full case
2025-05-25 05:05:02 - write_node                - ERROR - N/A - Error processing person event: add_attitude_full() got an unexpected keyword argument 'is_expert_flag'
2025-05-25 05:05:02 - write_node                - INFO - N/A - Chunk 94 marked as processed
2025-05-25 05:05:03 - event_classifier          - INFO - N/A - (Stage 0) Processing chunk 91 started
2025-05-25 05:05:10 - person_summary            - INFO - 23.231s - Successfully got comment
2025-05-25 05:05:10 - person_summary            - INFO - 23.232s - Chunk 93 processed successfully. Processed 1 person events.
2025-05-25 05:05:10 - opinion_scoring           - INFO - N/A - (Stage 3) Opinion scoring for chunk 93 started
2025-05-25 05:05:16 - opinion_scoring           - INFO - 25.111s - Successfully calculated opinion scores
2025-05-25 05:05:16 - opinion_scoring           - INFO - 25.112s - Chunk 103 processed successfully. Processed 1 person events.
2025-05-25 05:05:16 - write_node                - ERROR - N/A - Event scores not saved correctly: Expected 0.85, 0.75, 0.6, 0.7124999999999999 but got 0.85, 0.75, 0.6, 0.7125
2025-05-25 05:05:16 - write_node                - INFO - N/A - (Stage 3) Scored case
2025-05-25 05:05:16 - write_node                - INFO - N/A - (Stage 2.1) Summary/attitude full case
2025-05-25 05:05:16 - write_node                - ERROR - N/A - Error processing person event: add_attitude_full() got an unexpected keyword argument 'is_expert_flag'
2025-05-25 05:05:16 - write_node                - INFO - N/A - Chunk 103 marked as processed
2025-05-25 05:05:17 - event_classifier          - INFO - N/A - (Stage 0) Processing chunk 90 started
2025-05-25 05:05:32 - event_classifier          - WARNING - N/A - Received invalid JSON response: Expecting ',' delimiter: line 9 column 2 (char 506). Attempting to fix...
2025-05-25 05:05:32 - event_classifier          - WARNING - N/A - Failed parsing code block content with substring method
2025-05-25 05:05:32 - event_classifier          - WARNING - N/A - Failed to extract with regex: Unterminated string starting at: line 1 column 278 (char 277)
2025-05-25 05:05:32 - event_classifier          - INFO - 33.360s - Chunk 92 processed, (1) general events, (1) opinions.
2025-05-25 05:05:32 - event_scoring             - INFO - N/A - (Stage 1) Event scoring for chunk 92 started
2025-05-25 05:05:32 - sentiment_analysis        - INFO - N/A - (Stage 1) Sentiment analysis for chunk 92 started
2025-05-25 05:05:45 - event_classifier          - WARNING - N/A - Received invalid JSON response: Expecting ',' delimiter: line 9 column 2 (char 372). Attempting to fix...
2025-05-25 05:05:45 - event_classifier          - WARNING - N/A - Failed parsing code block content with substring method
2025-05-25 05:05:45 - event_classifier          - WARNING - N/A - Failed to extract with regex: Unterminated string starting at: line 1 column 235 (char 234)
2025-05-25 05:05:45 - event_classifier          - INFO - 42.379s - Chunk 91 processed, (1) general events, (1) opinions.
2025-05-25 05:05:45 - event_scoring             - INFO - N/A - (Stage 1) Event scoring for chunk 91 started
2025-05-25 05:05:45 - sentiment_analysis        - INFO - N/A - (Stage 1) Sentiment analysis for chunk 91 started
2025-05-25 05:05:52 - opinion_scoring           - INFO - 42.326s - Successfully calculated opinion scores
2025-05-25 05:05:52 - opinion_scoring           - INFO - 42.326s - Chunk 93 processed successfully. Processed 1 person events.
2025-05-25 05:05:52 - write_node                - INFO - N/A - (Stage 3) Scores without inconsistency case
2025-05-25 05:05:52 - write_node                - INFO - N/A - (Stage 2.1) Summary/attitude full case
2025-05-25 05:05:52 - write_node                - ERROR - N/A - Error processing person event: add_attitude_full() got an unexpected keyword argument 'is_expert_flag'
2025-05-25 05:05:52 - write_node                - INFO - N/A - Chunk 93 marked as processed
2025-05-25 05:05:53 - event_classifier          - INFO - N/A - (Stage 0) Processing chunk 89 started
2025-05-25 05:06:06 - event_classifier          - WARNING - N/A - Received invalid JSON response: Expecting ',' delimiter: line 9 column 2 (char 338). Attempting to fix...
2025-05-25 05:06:06 - event_classifier          - WARNING - N/A - Failed parsing code block content with substring method
2025-05-25 05:06:06 - event_classifier          - WARNING - N/A - Failed to extract with regex: Unterminated string starting at: line 1 column 248 (char 247)
2025-05-25 05:06:06 - event_classifier          - INFO - 49.124s - Chunk 90 processed, (1) general events, (1) opinions.
2025-05-25 05:06:06 - event_scoring             - INFO - N/A - (Stage 1) Event scoring for chunk 90 started
2025-05-25 05:06:06 - sentiment_analysis        - INFO - N/A - (Stage 1) Sentiment analysis for chunk 90 started
2025-05-25 05:06:14 - event_scoring             - INFO - 42.354s - Successfully calculated event scores
2025-05-25 05:06:14 - event_scoring             - INFO - 42.354s - Chunk 92 processed successfully. Processed 1 general events.
2025-05-25 05:06:16 - sentiment_analysis        - INFO - 44.161s - Successfully got sentiment score
2025-05-25 05:06:16 - sentiment_analysis        - INFO - 44.162s - Chunk 92 processed successfully. Processed 1 person events.
2025-05-25 05:06:16 - inconsistency_detection   - INFO - N/A - (Stage 2) Inconsistency analysis for chunk 92 started
2025-05-25 05:06:16 - inconsistency_detection   - INFO - 0.012s - Chunk 92 processed successfully. Processed 1 person events.
2025-05-25 05:06:16 - person_summary            - INFO - N/A - (Stage 2.1) Person attitude analysis for chunk 92 started
2025-05-25 05:06:16 - person_summary            - INFO - N/A - Missing person ID for person_event 1 in chunk 92.
2025-05-25 05:06:16 - person_summary            - INFO - N/A - No sentiment history found for person Ben Moussa in chunk 92, generating new.
2025-05-25 05:06:25 - event_scoring             - INFO - 39.084s - Successfully calculated event scores
2025-05-25 05:06:25 - event_scoring             - INFO - 39.084s - Chunk 91 processed successfully. Processed 1 general events.
2025-05-25 05:06:26 - sentiment_analysis        - INFO - 40.969s - Successfully got sentiment score
2025-05-25 05:06:26 - sentiment_analysis        - INFO - 40.969s - Chunk 91 processed successfully. Processed 1 person events.
2025-05-25 05:06:26 - inconsistency_detection   - INFO - N/A - (Stage 2) Inconsistency analysis for chunk 91 started
2025-05-25 05:06:26 - inconsistency_detection   - INFO - 0.011s - Chunk 91 processed successfully. Processed 1 person events.
2025-05-25 05:06:26 - person_summary            - INFO - N/A - (Stage 2.1) Person attitude analysis for chunk 91 started
2025-05-25 05:06:26 - person_summary            - INFO - N/A - Missing person ID for person_event 1 in chunk 91.
2025-05-25 05:06:26 - person_summary            - INFO - N/A - No sentiment history found for person Wissal Ben Moussa in chunk 91, generating new.
2025-05-25 05:06:46 - event_classifier          - WARNING - N/A - Received invalid JSON response: Invalid control character at: line 8 column 287 (char 627). Attempting to fix...
2025-05-25 05:06:46 - event_classifier          - WARNING - N/A - Failed parsing code block content with substring method
2025-05-25 05:06:46 - event_classifier          - WARNING - N/A - Failed to extract with regex: Unterminated string starting at: line 1 column 338 (char 337)
2025-05-25 05:06:46 - event_classifier          - INFO - 53.248s - Chunk 89 processed, (1) general events, (1) opinions.
2025-05-25 05:06:46 - event_scoring             - INFO - N/A - (Stage 1) Event scoring for chunk 89 started
2025-05-25 05:06:46 - sentiment_analysis        - INFO - N/A - (Stage 1) Sentiment analysis for chunk 89 started
2025-05-25 05:06:55 - event_scoring             - INFO - 48.887s - Successfully calculated event scores
2025-05-25 05:06:55 - event_scoring             - INFO - 48.887s - Chunk 90 processed successfully. Processed 1 general events.
2025-05-25 05:06:57 - sentiment_analysis        - INFO - 50.676s - Successfully got sentiment score
2025-05-25 05:06:57 - sentiment_analysis        - INFO - 50.676s - Chunk 90 processed successfully. Processed 1 person events.
2025-05-25 05:06:57 - inconsistency_detection   - INFO - N/A - (Stage 2) Inconsistency analysis for chunk 90 started
2025-05-25 05:06:57 - inconsistency_detection   - INFO - 0.012s - Chunk 90 processed successfully. Processed 1 person events.
2025-05-25 05:06:57 - person_summary            - INFO - N/A - (Stage 2.1) Person attitude analysis for chunk 90 started
2025-05-25 05:06:57 - person_summary            - INFO - N/A - Missing person ID for person_event 1 in chunk 90.
2025-05-25 05:06:57 - person_summary            - INFO - N/A - No sentiment history found for person Jesse Jenkins in chunk 90, generating new.
2025-05-25 05:07:06 - person_summary            - INFO - 49.734s - Successfully got comment
2025-05-25 05:07:06 - person_summary            - INFO - 49.735s - Chunk 92 processed successfully. Processed 1 person events.
2025-05-25 05:07:06 - opinion_scoring           - INFO - N/A - (Stage 3) Opinion scoring for chunk 92 started
2025-05-25 05:07:15 - person_summary            - ERROR - N/A - Error in refinement process: 'max_length'. Falling back to truncation.
2025-05-25 05:07:15 - person_summary            - INFO - 48.765s - Successfully got comment
2025-05-25 05:07:15 - person_summary            - INFO - 48.765s - Chunk 91 processed successfully. Processed 1 person events.
2025-05-25 05:07:15 - opinion_scoring           - INFO - N/A - (Stage 3) Opinion scoring for chunk 91 started
2025-05-25 05:07:24 - event_scoring             - INFO - 38.607s - Successfully calculated event scores
2025-05-25 05:07:24 - event_scoring             - INFO - 38.607s - Chunk 89 processed successfully. Processed 1 general events.
2025-05-25 05:07:26 - sentiment_analysis        - INFO - 40.423s - Successfully got sentiment score
2025-05-25 05:07:26 - sentiment_analysis        - INFO - 40.423s - Chunk 89 processed successfully. Processed 1 person events.
2025-05-25 05:07:26 - inconsistency_detection   - INFO - N/A - (Stage 2) Inconsistency analysis for chunk 89 started
2025-05-25 05:07:26 - inconsistency_detection   - INFO - 0.011s - Chunk 89 processed successfully. Processed 1 person events.
2025-05-25 05:07:26 - person_summary            - INFO - N/A - (Stage 2.1) Person attitude analysis for chunk 89 started
2025-05-25 05:07:26 - person_summary            - INFO - N/A - Missing person ID for person_event 1 in chunk 89.
2025-05-25 05:07:26 - person_summary            - INFO - N/A - No sentiment history found for person John O’Donnell in chunk 89, generating new.
2025-05-25 05:07:36 - person_summary            - ERROR - N/A - Error in refinement process: 'max_length'. Falling back to truncation.
2025-05-25 05:07:36 - person_summary            - INFO - 39.800s - Successfully got comment
2025-05-25 05:07:36 - person_summary            - INFO - 39.801s - Chunk 90 processed successfully. Processed 1 person events.
2025-05-25 05:07:36 - opinion_scoring           - INFO - N/A - (Stage 3) Opinion scoring for chunk 90 started
2025-05-25 05:07:43 - opinion_scoring           - INFO - 37.198s - Successfully calculated opinion scores
2025-05-25 05:07:43 - opinion_scoring           - INFO - 37.198s - Chunk 92 processed successfully. Processed 1 person events.
2025-05-25 05:07:43 - write_node                - INFO - N/A - (Stage 3) Scores without inconsistency case
2025-05-25 05:07:43 - write_node                - INFO - N/A - (Stage 2.1) Summary/attitude full case
2025-05-25 05:07:43 - write_node                - ERROR - N/A - Error processing person event: add_attitude_full() got an unexpected keyword argument 'is_expert_flag'
2025-05-25 05:07:43 - write_node                - INFO - N/A - Chunk 92 marked as processed
2025-05-25 05:07:43 - event_classifier          - INFO - N/A - (Stage 0) Processing chunk 88 started
2025-05-25 05:07:47 - opinion_scoring           - INFO - 32.177s - Successfully calculated opinion scores
2025-05-25 05:07:47 - opinion_scoring           - INFO - 32.178s - Chunk 91 processed successfully. Processed 1 person events.
2025-05-25 05:07:47 - write_node                - INFO - N/A - (Stage 3) Scores without inconsistency case
2025-05-25 05:07:47 - write_node                - INFO - N/A - (Stage 2.1) Summary/attitude full case
2025-05-25 05:07:47 - write_node                - ERROR - N/A - Error processing person event: add_attitude_full() got an unexpected keyword argument 'is_expert_flag'
2025-05-25 05:07:48 - write_node                - INFO - N/A - Chunk 91 marked as processed
2025-05-25 05:07:48 - event_classifier          - INFO - N/A - (Stage 0) Processing chunk 87 started
2025-05-25 05:07:57 - person_summary            - INFO - 30.858s - Successfully got comment
2025-05-25 05:07:57 - person_summary            - INFO - 30.860s - Chunk 89 processed successfully. Processed 1 person events.
2025-05-25 05:07:57 - opinion_scoring           - INFO - N/A - (Stage 3) Opinion scoring for chunk 89 started
2025-05-25 05:08:03 - opinion_scoring           - INFO - 26.752s - Successfully calculated opinion scores
2025-05-25 05:08:03 - opinion_scoring           - INFO - 26.753s - Chunk 90 processed successfully. Processed 1 person events.
2025-05-25 05:08:03 - write_node                - INFO - N/A - (Stage 3) Scores without inconsistency case
2025-05-25 05:08:03 - write_node                - INFO - N/A - (Stage 2.1) Summary/attitude full case
2025-05-25 05:08:03 - write_node                - ERROR - N/A - Error processing person event: add_attitude_full() got an unexpected keyword argument 'is_expert_flag'
2025-05-25 05:08:03 - write_node                - INFO - N/A - Chunk 90 marked as processed
2025-05-25 05:08:04 - event_classifier          - INFO - N/A - (Stage 0) Processing chunk 86 started
2025-05-25 05:08:23 - event_classifier          - WARNING - N/A - Received invalid JSON response: Expecting ',' delimiter: line 9 column 2 (char 606). Attempting to fix...
2025-05-25 05:08:23 - event_classifier          - WARNING - N/A - Failed parsing code block content with substring method
2025-05-25 05:08:23 - event_classifier          - WARNING - N/A - Failed to extract with regex: Unterminated string starting at: line 1 column 280 (char 279)
2025-05-25 05:08:36 - event_classifier          - WARNING - N/A - Received invalid JSON response: Expecting ',' delimiter: line 9 column 2 (char 472). Attempting to fix...
2025-05-25 05:08:36 - event_classifier          - WARNING - N/A - Failed parsing code block content with substring method
2025-05-25 05:08:36 - event_classifier          - WARNING - N/A - Failed to extract with regex: Unterminated string starting at: line 1 column 217 (char 216)
2025-05-25 05:08:36 - event_classifier          - INFO - 47.958s - Chunk 87 processed, (1) general events, (1) opinions.
2025-05-25 05:08:36 - event_scoring             - INFO - N/A - (Stage 1) Event scoring for chunk 87 started
2025-05-25 05:08:36 - sentiment_analysis        - INFO - N/A - (Stage 1) Sentiment analysis for chunk 87 started
2025-05-25 05:08:42 - opinion_scoring           - INFO - 45.328s - Successfully calculated opinion scores
2025-05-25 05:08:42 - opinion_scoring           - INFO - 45.328s - Chunk 89 processed successfully. Processed 1 person events.
2025-05-25 05:08:43 - write_node                - INFO - N/A - (Stage 3) Scores without inconsistency case
2025-05-25 05:08:43 - write_node                - INFO - N/A - (Stage 2.1) Summary/attitude full case
2025-05-25 05:08:43 - write_node                - ERROR - N/A - Error processing person event: add_attitude_full() got an unexpected keyword argument 'is_expert_flag'
2025-05-25 05:08:43 - write_node                - INFO - N/A - Chunk 89 marked as processed
2025-05-25 05:08:43 - event_classifier          - INFO - N/A - (Stage 0) Processing chunk 85 started
2025-05-25 05:08:57 - event_classifier          - WARNING - N/A - Received invalid JSON response: Expecting ',' delimiter: line 9 column 2 (char 314). Attempting to fix...
2025-05-25 05:08:57 - event_classifier          - WARNING - N/A - Failed parsing code block content with substring method
2025-05-25 05:08:57 - event_classifier          - INFO - N/A - Successfully reconstructed JSON with regex field extraction
2025-05-25 05:08:57 - event_classifier          - INFO - 52.564s - Chunk 86 processed, (1) general events, (1) opinions.
2025-05-25 05:08:57 - event_scoring             - INFO - N/A - (Stage 1) Event scoring for chunk 86 started
2025-05-25 05:08:57 - sentiment_analysis        - INFO - N/A - (Stage 1) Sentiment analysis for chunk 86 started
2025-05-25 05:09:16 - event_classifier          - INFO - 92.652s - Chunk 88 processed, (1) general events, (1) opinions.
2025-05-25 05:09:16 - event_scoring             - INFO - N/A - (Stage 1) Event scoring for chunk 88 started
2025-05-25 05:09:16 - sentiment_analysis        - INFO - N/A - (Stage 1) Sentiment analysis for chunk 88 started
2025-05-25 05:09:24 - event_scoring             - INFO - 48.229s - Successfully calculated event scores
2025-05-25 05:09:24 - event_scoring             - INFO - 48.229s - Chunk 87 processed successfully. Processed 1 general events.
2025-05-25 05:09:26 - sentiment_analysis        - INFO - 50.028s - Successfully got sentiment score
2025-05-25 05:09:26 - sentiment_analysis        - INFO - 50.028s - Chunk 87 processed successfully. Processed 1 person events.
2025-05-25 05:09:26 - inconsistency_detection   - INFO - N/A - (Stage 2) Inconsistency analysis for chunk 87 started
2025-05-25 05:09:26 - inconsistency_detection   - INFO - 0.012s - Chunk 87 processed successfully. Processed 1 person events.
2025-05-25 05:09:26 - person_summary            - INFO - N/A - (Stage 2.1) Person attitude analysis for chunk 87 started
2025-05-25 05:09:26 - person_summary            - INFO - N/A - Missing person ID for person_event 1 in chunk 87.
2025-05-25 05:09:26 - person_summary            - INFO - N/A - No sentiment history found for person Katharine Hayhoe in chunk 87, generating new.
2025-05-25 05:09:40 - event_classifier          - WARNING - N/A - Received invalid JSON response: Expecting ',' delimiter: line 9 column 2 (char 468). Attempting to fix...
2025-05-25 05:09:40 - event_classifier          - WARNING - N/A - Failed parsing code block content with substring method
2025-05-25 05:09:40 - event_classifier          - WARNING - N/A - Failed to extract with regex: Unterminated string starting at: line 1 column 284 (char 283)
2025-05-25 05:09:40 - event_classifier          - INFO - 56.472s - Chunk 85 processed, (1) general events, (1) opinions.
2025-05-25 05:09:40 - event_scoring             - INFO - N/A - (Stage 1) Event scoring for chunk 85 started
2025-05-25 05:09:40 - sentiment_analysis        - INFO - N/A - (Stage 1) Sentiment analysis for chunk 85 started
2025-05-25 05:09:49 - event_scoring             - INFO - 52.319s - Successfully calculated event scores
2025-05-25 05:09:49 - event_scoring             - INFO - 52.320s - Chunk 86 processed successfully. Processed 1 general events.
2025-05-25 05:09:51 - sentiment_analysis        - INFO - 54.204s - Successfully got sentiment score
2025-05-25 05:09:51 - sentiment_analysis        - INFO - 54.204s - Chunk 86 processed successfully. Processed 1 person events.
2025-05-25 05:09:51 - inconsistency_detection   - INFO - N/A - (Stage 2) Inconsistency analysis for chunk 86 started
2025-05-25 05:09:51 - inconsistency_detection   - INFO - 0.028s - Chunk 86 processed successfully. Processed 1 person events.
2025-05-25 05:09:51 - person_summary            - INFO - N/A - (Stage 2.1) Person attitude analysis for chunk 86 started
2025-05-25 05:09:51 - person_summary            - INFO - N/A - Sentiment history found for person Unspecified in chunk 86.
2025-05-25 05:10:00 - event_scoring             - INFO - 43.589s - Successfully calculated event scores
2025-05-25 05:10:00 - event_scoring             - INFO - 43.589s - Chunk 88 processed successfully. Processed 1 general events.
2025-05-25 05:10:02 - sentiment_analysis        - INFO - 45.413s - Successfully got sentiment score
2025-05-25 05:10:02 - sentiment_analysis        - INFO - 45.414s - Chunk 88 processed successfully. Processed 1 person events.
2025-05-25 05:10:02 - inconsistency_detection   - INFO - N/A - (Stage 2) Inconsistency analysis for chunk 88 started
2025-05-25 05:10:02 - inconsistency_detection   - INFO - 0.012s - Chunk 88 processed successfully. Processed 1 person events.
2025-05-25 05:10:02 - person_summary            - INFO - N/A - (Stage 2.1) Person attitude analysis for chunk 88 started
2025-05-25 05:10:02 - person_summary            - INFO - N/A - Missing person ID for person_event 1 in chunk 88.
2025-05-25 05:10:02 - person_summary            - INFO - N/A - No sentiment history found for person Andrew Ponec in chunk 88, generating new.
2025-05-25 05:10:10 - person_summary            - INFO - 43.668s - Successfully got comment
2025-05-25 05:10:10 - person_summary            - INFO - 43.668s - Chunk 87 processed successfully. Processed 1 person events.
2025-05-25 05:10:10 - opinion_scoring           - INFO - N/A - (Stage 3) Opinion scoring for chunk 87 started
2025-05-25 05:10:17 - event_scoring             - INFO - 36.895s - Successfully calculated event scores
2025-05-25 05:10:17 - event_scoring             - INFO - 36.896s - Chunk 85 processed successfully. Processed 1 general events.
2025-05-25 05:10:18 - sentiment_analysis        - INFO - 38.683s - Successfully got sentiment score
2025-05-25 05:10:18 - sentiment_analysis        - INFO - 38.683s - Chunk 85 processed successfully. Processed 1 person events.
2025-05-25 05:10:18 - inconsistency_detection   - INFO - N/A - (Stage 2) Inconsistency analysis for chunk 85 started
2025-05-25 05:10:18 - inconsistency_detection   - INFO - 0.012s - Chunk 85 processed successfully. Processed 1 person events.
2025-05-25 05:10:18 - person_summary            - INFO - N/A - (Stage 2.1) Person attitude analysis for chunk 85 started
2025-05-25 05:10:18 - person_summary            - INFO - N/A - Missing person ID for person_event 1 in chunk 85.
2025-05-25 05:10:18 - person_summary            - INFO - N/A - No sentiment history found for person Johannsen in chunk 85, generating new.
2025-05-25 05:10:27 - person_summary            - INFO - 36.585s - Successfully got comment
2025-05-25 05:10:27 - person_summary            - INFO - 36.613s - Chunk 86 processed successfully. Processed 1 person events.
2025-05-25 05:10:27 - opinion_scoring           - INFO - N/A - (Stage 3) Opinion scoring for chunk 86 started
2025-05-25 05:10:36 - person_summary            - INFO - 34.716s - Successfully got comment
2025-05-25 05:10:36 - person_summary            - INFO - 34.717s - Chunk 88 processed successfully. Processed 1 person events.
2025-05-25 05:10:36 - opinion_scoring           - INFO - N/A - (Stage 3) Opinion scoring for chunk 88 started
2025-05-25 05:10:43 - opinion_scoring           - INFO - 32.786s - Successfully calculated opinion scores
2025-05-25 05:10:43 - opinion_scoring           - INFO - 32.786s - Chunk 87 processed successfully. Processed 1 person events.
2025-05-25 05:10:43 - write_node                - INFO - N/A - (Stage 3) Scores without inconsistency case
2025-05-25 05:10:43 - write_node                - ERROR - N/A - Opinion scores not saved correctly for ID 55: hotness: expected 0.7749999999999999, got 0.775
2025-05-25 05:10:43 - write_node                - INFO - N/A - (Stage 2.1) Summary/attitude full case
2025-05-25 05:10:43 - write_node                - ERROR - N/A - Error processing person event: add_attitude_full() got an unexpected keyword argument 'is_expert_flag'
2025-05-25 05:10:43 - write_node                - INFO - N/A - Chunk 87 marked as processed
2025-05-25 05:10:43 - event_classifier          - INFO - N/A - (Stage 0) Processing chunk 83 started
2025-05-25 05:10:49 - person_summary            - INFO - 30.975s - Successfully got comment
2025-05-25 05:10:49 - person_summary            - INFO - 30.976s - Chunk 85 processed successfully. Processed 1 person events.
2025-05-25 05:10:49 - opinion_scoring           - INFO - N/A - (Stage 3) Opinion scoring for chunk 85 started
2025-05-25 05:10:55 - opinion_scoring           - INFO - 27.991s - Successfully calculated opinion scores
2025-05-25 05:10:55 - opinion_scoring           - INFO - 27.991s - Chunk 86 processed successfully. Processed 1 person events.
2025-05-25 05:10:55 - write_node                - ERROR - N/A - Event scores not saved correctly: Expected 0.85, 0.75, 0.6, 0.7124999999999999 but got 0.85, 0.75, 0.6, 0.7125
2025-05-25 05:10:56 - write_node                - INFO - N/A - (Stage 3) Scored case
2025-05-25 05:10:56 - write_node                - INFO - N/A - (Stage 2.1) Summary/attitude full case
2025-05-25 05:10:56 - write_node                - ERROR - N/A - Error processing person event: add_attitude_full() got an unexpected keyword argument 'is_expert_flag'
2025-05-25 05:10:56 - write_node                - INFO - N/A - Chunk 86 marked as processed
2025-05-25 05:10:56 - event_classifier          - INFO - N/A - (Stage 0) Processing chunk 84 started
2025-05-25 05:11:01 - opinion_scoring           - INFO - 24.415s - Successfully calculated opinion scores
2025-05-25 05:11:01 - opinion_scoring           - INFO - 24.415s - Chunk 88 processed successfully. Processed 1 person events.
2025-05-25 05:11:01 - write_node                - INFO - N/A - (Stage 3) Scores without inconsistency case
2025-05-25 05:11:01 - write_node                - ERROR - N/A - Opinion scores not saved correctly for ID 57: hotness: expected 0.7749999999999999, got 0.775
2025-05-25 05:11:01 - write_node                - INFO - N/A - (Stage 2.1) Summary/attitude full case
2025-05-25 05:11:01 - write_node                - ERROR - N/A - Error processing person event: add_attitude_full() got an unexpected keyword argument 'is_expert_flag'
2025-05-25 05:11:01 - write_node                - INFO - N/A - Chunk 88 marked as processed
2025-05-25 05:11:01 - event_classifier          - INFO - N/A - (Stage 0) Processing chunk 82 started
2025-05-25 05:11:16 - event_classifier          - WARNING - N/A - Received invalid JSON response: Expecting ',' delimiter: line 9 column 2 (char 385). Attempting to fix...
2025-05-25 05:11:16 - event_classifier          - WARNING - N/A - Failed parsing code block content with substring method
2025-05-25 05:11:16 - event_classifier          - WARNING - N/A - Failed to extract with regex: Unterminated string starting at: line 1 column 251 (char 250)
2025-05-25 05:11:16 - event_classifier          - INFO - 32.805s - Chunk 83 processed, (1) general events, (1) opinions.
2025-05-25 05:11:16 - event_scoring             - INFO - N/A - (Stage 1) Event scoring for chunk 83 started
2025-05-25 05:11:16 - sentiment_analysis        - INFO - N/A - (Stage 1) Sentiment analysis for chunk 83 started
2025-05-25 05:11:22 - opinion_scoring           - INFO - 32.966s - Successfully calculated opinion scores
2025-05-25 05:11:22 - opinion_scoring           - INFO - 32.967s - Chunk 85 processed successfully. Processed 1 person events.
2025-05-25 05:11:22 - write_node                - INFO - N/A - (Stage 3) Scores without inconsistency case
2025-05-25 05:11:23 - write_node                - INFO - N/A - (Stage 2.1) Summary/attitude full case
2025-05-25 05:11:23 - write_node                - ERROR - N/A - Error processing person event: add_attitude_full() got an unexpected keyword argument 'is_expert_flag'
2025-05-25 05:11:23 - write_node                - INFO - N/A - Chunk 85 marked as processed
2025-05-25 05:11:23 - event_classifier          - INFO - N/A - (Stage 0) Processing chunk 81 started
2025-05-25 05:11:40 - event_classifier          - WARNING - N/A - Received invalid JSON response: Expecting ',' delimiter: line 9 column 2 (char 514). Attempting to fix...
2025-05-25 05:11:40 - event_classifier          - WARNING - N/A - Failed parsing code block content with substring method
2025-05-25 05:11:40 - event_classifier          - WARNING - N/A - Failed to extract with regex: Unterminated string starting at: line 1 column 238 (char 237)
2025-05-25 05:11:40 - event_classifier          - INFO - 43.805s - Chunk 84 processed, (1) general events, (1) opinions.
2025-05-25 05:11:40 - event_scoring             - INFO - N/A - (Stage 1) Event scoring for chunk 84 started
2025-05-25 05:11:40 - sentiment_analysis        - INFO - N/A - (Stage 1) Sentiment analysis for chunk 84 started
2025-05-25 05:11:54 - event_classifier          - WARNING - N/A - Received invalid JSON response: Expecting ',' delimiter: line 9 column 2 (char 500). Attempting to fix...
2025-05-25 05:11:54 - event_classifier          - WARNING - N/A - Failed parsing code block content with substring method
2025-05-25 05:11:54 - event_classifier          - WARNING - N/A - Failed to extract with regex: Unterminated string starting at: line 1 column 278 (char 277)
2025-05-25 05:11:54 - event_classifier          - INFO - 52.971s - Chunk 82 processed, (1) general events, (1) opinions.
2025-05-25 05:11:54 - event_scoring             - INFO - N/A - (Stage 1) Event scoring for chunk 82 started
2025-05-25 05:11:54 - sentiment_analysis        - INFO - N/A - (Stage 1) Sentiment analysis for chunk 82 started
2025-05-25 05:12:03 - event_scoring             - INFO - 46.857s - Successfully calculated event scores
2025-05-25 05:12:03 - event_scoring             - INFO - 46.857s - Chunk 83 processed successfully. Processed 1 general events.
2025-05-25 05:12:05 - sentiment_analysis        - INFO - 48.639s - Successfully got sentiment score
2025-05-25 05:12:05 - sentiment_analysis        - INFO - 48.639s - Chunk 83 processed successfully. Processed 1 person events.
2025-05-25 05:12:05 - inconsistency_detection   - INFO - N/A - (Stage 2) Inconsistency analysis for chunk 83 started
2025-05-25 05:12:05 - inconsistency_detection   - INFO - 0.011s - Chunk 83 processed successfully. Processed 1 person events.
2025-05-25 05:12:05 - person_summary            - INFO - N/A - (Stage 2.1) Person attitude analysis for chunk 83 started
2025-05-25 05:12:05 - person_summary            - INFO - N/A - Missing person ID for person_event 1 in chunk 83.
2025-05-25 05:12:05 - person_summary            - INFO - N/A - No sentiment history found for person Kerri Johannsen in chunk 83, generating new.
2025-05-25 05:12:20 - event_classifier          - WARNING - N/A - Received invalid JSON response: Expecting ',' delimiter: line 9 column 2 (char 420). Attempting to fix...
2025-05-25 05:12:20 - event_classifier          - WARNING - N/A - Failed parsing code block content with substring method
2025-05-25 05:12:20 - event_classifier          - WARNING - N/A - Failed to extract with regex: Unterminated string starting at: line 1 column 247 (char 246)
2025-05-25 05:12:20 - event_classifier          - INFO - 56.652s - Chunk 81 processed, (1) general events, (1) opinions.
2025-05-25 05:12:20 - event_scoring             - INFO - N/A - (Stage 1) Event scoring for chunk 81 started
2025-05-25 05:12:20 - sentiment_analysis        - INFO - N/A - (Stage 1) Sentiment analysis for chunk 81 started
2025-05-25 05:12:29 - event_scoring             - INFO - 48.654s - Successfully calculated event scores
2025-05-25 05:12:29 - event_scoring             - INFO - 48.654s - Chunk 84 processed successfully. Processed 1 general events.
2025-05-25 05:12:31 - sentiment_analysis        - INFO - 50.575s - Successfully got sentiment score
2025-05-25 05:12:31 - sentiment_analysis        - INFO - 50.576s - Chunk 84 processed successfully. Processed 1 person events.
2025-05-25 05:12:31 - inconsistency_detection   - INFO - N/A - (Stage 2) Inconsistency analysis for chunk 84 started
2025-05-25 05:12:31 - inconsistency_detection   - INFO - 0.011s - Chunk 84 processed successfully. Processed 1 person events.
2025-05-25 05:12:31 - person_summary            - INFO - N/A - (Stage 2.1) Person attitude analysis for chunk 84 started
2025-05-25 05:12:31 - person_summary            - INFO - N/A - Missing person ID for person_event 1 in chunk 84.
2025-05-25 05:12:31 - person_summary            - INFO - N/A - No sentiment history found for person Peter Thorne in chunk 84, generating new.
2025-05-25 05:12:39 - event_scoring             - INFO - 44.934s - Successfully calculated event scores
2025-05-25 05:12:39 - event_scoring             - INFO - 44.934s - Chunk 82 processed successfully. Processed 1 general events.
2025-05-25 05:12:41 - sentiment_analysis        - INFO - 46.733s - Successfully got sentiment score
2025-05-25 05:12:41 - sentiment_analysis        - INFO - 46.734s - Chunk 82 processed successfully. Processed 1 person events.
2025-05-25 05:12:41 - inconsistency_detection   - INFO - N/A - (Stage 2) Inconsistency analysis for chunk 82 started
2025-05-25 05:12:41 - inconsistency_detection   - INFO - 0.012s - Chunk 82 processed successfully. Processed 1 person events.
2025-05-25 05:12:41 - person_summary            - INFO - N/A - (Stage 2.1) Person attitude analysis for chunk 82 started
2025-05-25 05:12:41 - person_summary            - INFO - N/A - Missing person ID for person_event 1 in chunk 82.
2025-05-25 05:12:41 - person_summary            - INFO - N/A - No sentiment history found for person Will Gardiner, CEO of Drax Group in chunk 82, generating new.
2025-05-25 05:12:50 - person_summary            - INFO - 45.680s - Successfully got comment
2025-05-25 05:12:50 - person_summary            - INFO - 45.683s - Chunk 83 processed successfully. Processed 1 person events.
2025-05-25 05:12:50 - opinion_scoring           - INFO - N/A - (Stage 3) Opinion scoring for chunk 83 started
2025-05-25 05:12:59 - event_scoring             - INFO - 39.078s - Successfully calculated event scores
2025-05-25 05:12:59 - event_scoring             - INFO - 39.078s - Chunk 81 processed successfully. Processed 1 general events.
2025-05-25 05:13:01 - sentiment_analysis        - INFO - 40.955s - Successfully got sentiment score
2025-05-25 05:13:01 - sentiment_analysis        - INFO - 40.955s - Chunk 81 processed successfully. Processed 1 person events.
2025-05-25 05:13:01 - inconsistency_detection   - INFO - N/A - (Stage 2) Inconsistency analysis for chunk 81 started
2025-05-25 05:13:01 - inconsistency_detection   - INFO - 0.012s - Chunk 81 processed successfully. Processed 1 person events.
2025-05-25 05:13:01 - person_summary            - INFO - N/A - (Stage 2.1) Person attitude analysis for chunk 81 started
2025-05-25 05:13:01 - person_summary            - INFO - N/A - Missing person ID for person_event 1 in chunk 81.
2025-05-25 05:13:01 - person_summary            - INFO - N/A - No sentiment history found for person Tomos Harrison in chunk 81, generating new.
2025-05-25 05:13:10 - person_summary            - INFO - 39.570s - Successfully got comment
2025-05-25 05:13:10 - person_summary            - INFO - 39.570s - Chunk 84 processed successfully. Processed 1 person events.
2025-05-25 05:13:10 - opinion_scoring           - INFO - N/A - (Stage 3) Opinion scoring for chunk 84 started
2025-05-25 05:13:19 - person_summary            - INFO - 37.415s - Successfully got comment
2025-05-25 05:13:19 - person_summary            - INFO - 37.415s - Chunk 82 processed successfully. Processed 1 person events.
2025-05-25 05:13:19 - opinion_scoring           - INFO - N/A - (Stage 3) Opinion scoring for chunk 82 started
2025-05-25 05:13:25 - opinion_scoring           - INFO - 34.217s - Successfully calculated opinion scores
2025-05-25 05:13:25 - opinion_scoring           - INFO - 34.217s - Chunk 83 processed successfully. Processed 1 person events.
2025-05-25 05:13:25 - write_node                - INFO - N/A - (Stage 3) Scores without inconsistency case
2025-05-25 05:13:25 - write_node                - ERROR - N/A - Opinion scores not saved correctly for ID 59: hotness: expected 0.6849999999999999, got 0.685
2025-05-25 05:13:25 - write_node                - INFO - N/A - (Stage 2.1) Summary/attitude full case
2025-05-25 05:13:25 - write_node                - ERROR - N/A - Error processing person event: add_attitude_full() got an unexpected keyword argument 'is_expert_flag'
2025-05-25 05:13:25 - write_node                - INFO - N/A - Chunk 83 marked as processed
2025-05-25 05:13:25 - event_classifier          - INFO - N/A - (Stage 0) Processing chunk 80 started
2025-05-25 05:13:33 - person_summary            - INFO - 31.841s - Successfully got comment
2025-05-25 05:13:33 - person_summary            - INFO - 31.842s - Chunk 81 processed successfully. Processed 1 person events.
2025-05-25 05:13:33 - opinion_scoring           - INFO - N/A - (Stage 3) Opinion scoring for chunk 81 started
2025-05-25 05:13:39 - opinion_scoring           - INFO - 28.892s - Successfully calculated opinion scores
2025-05-25 05:13:39 - opinion_scoring           - INFO - 28.892s - Chunk 84 processed successfully. Processed 1 person events.
2025-05-25 05:13:39 - write_node                - ERROR - N/A - Event scores not saved correctly: Expected 0.95, 0.75, 0.6, 0.7274999999999999 but got 0.95, 0.75, 0.6, 0.7275
2025-05-25 05:13:39 - write_node                - INFO - N/A - (Stage 3) Scores without inconsistency case
2025-05-25 05:13:39 - write_node                - ERROR - N/A - Opinion scores not saved correctly for ID 60: hotness: expected 0.8049999999999999, got 0.805
2025-05-25 05:13:39 - write_node                - INFO - N/A - (Stage 2.1) Summary/attitude full case
2025-05-25 05:13:39 - write_node                - ERROR - N/A - Error processing person event: add_attitude_full() got an unexpected keyword argument 'is_expert_flag'
2025-05-25 05:13:39 - write_node                - INFO - N/A - Chunk 84 marked as processed
2025-05-25 05:13:40 - event_classifier          - INFO - N/A - (Stage 0) Processing chunk 79 started
2025-05-25 05:13:44 - opinion_scoring           - INFO - 25.706s - Successfully calculated opinion scores
2025-05-25 05:13:44 - opinion_scoring           - INFO - 25.706s - Chunk 82 processed successfully. Processed 1 person events.
2025-05-25 05:13:44 - write_node                - INFO - N/A - (Stage 3) Scores without inconsistency case
2025-05-25 05:13:44 - write_node                - INFO - N/A - (Stage 2.1) Summary/attitude full case
2025-05-25 05:13:44 - write_node                - ERROR - N/A - Error processing person event: add_attitude_full() got an unexpected keyword argument 'is_expert_flag'
2025-05-25 05:13:44 - write_node                - INFO - N/A - Chunk 82 marked as processed
2025-05-25 05:13:45 - event_classifier          - INFO - N/A - (Stage 0) Processing chunk 78 started
2025-05-25 05:13:58 - event_classifier          - WARNING - N/A - Received invalid JSON response: Expecting ',' delimiter: line 9 column 2 (char 360). Attempting to fix...
2025-05-25 05:13:58 - event_classifier          - WARNING - N/A - Failed parsing code block content with substring method
2025-05-25 05:13:58 - event_classifier          - WARNING - N/A - Failed to extract with regex: Unterminated string starting at: line 1 column 216 (char 215)
2025-05-25 05:13:58 - event_classifier          - INFO - 32.743s - Chunk 80 processed, (1) general events, (1) opinions.
2025-05-25 05:13:58 - event_scoring             - INFO - N/A - (Stage 1) Event scoring for chunk 80 started
2025-05-25 05:13:58 - sentiment_analysis        - INFO - N/A - (Stage 1) Sentiment analysis for chunk 80 started
2025-05-25 05:14:04 - opinion_scoring           - INFO - 31.733s - Successfully calculated opinion scores
2025-05-25 05:14:04 - opinion_scoring           - INFO - 31.734s - Chunk 81 processed successfully. Processed 1 person events.
2025-05-25 05:14:04 - write_node                - INFO - N/A - (Stage 3) Scores without inconsistency case
2025-05-25 05:14:04 - write_node                - INFO - N/A - (Stage 2.1) Summary/attitude full case
2025-05-25 05:14:04 - write_node                - ERROR - N/A - Error processing person event: add_attitude_full() got an unexpected keyword argument 'is_expert_flag'
2025-05-25 05:14:04 - write_node                - INFO - N/A - Chunk 81 marked as processed
2025-05-25 05:14:05 - event_classifier          - INFO - N/A - (Stage 0) Processing chunk 75 started
2025-05-25 05:14:22 - event_classifier          - WARNING - N/A - Received invalid JSON response: Expecting ',' delimiter: line 9 column 2 (char 490). Attempting to fix...
2025-05-25 05:14:22 - event_classifier          - WARNING - N/A - Failed parsing code block content with substring method
2025-05-25 05:14:22 - event_classifier          - WARNING - N/A - Failed to extract with regex: Unterminated string starting at: line 1 column 204 (char 203)
2025-05-25 05:14:22 - event_classifier          - INFO - 42.042s - Chunk 79 processed, (1) general events, (1) opinions.
2025-05-25 05:14:22 - event_scoring             - INFO - N/A - (Stage 1) Event scoring for chunk 79 started
2025-05-25 05:14:22 - sentiment_analysis        - INFO - N/A - (Stage 1) Sentiment analysis for chunk 79 started
2025-05-25 05:14:35 - event_classifier          - WARNING - N/A - Received invalid JSON response: Expecting ',' delimiter: line 9 column 2 (char 437). Attempting to fix...
2025-05-25 05:14:35 - event_classifier          - WARNING - N/A - Failed parsing code block content with substring method
2025-05-25 05:14:35 - event_classifier          - INFO - N/A - Successfully reconstructed JSON with regex field extraction
2025-05-25 05:14:35 - event_classifier          - INFO - 49.743s - Chunk 78 processed, (1) general events, (1) opinions.
2025-05-25 05:14:35 - event_scoring             - INFO - N/A - (Stage 1) Event scoring for chunk 78 started
2025-05-25 05:14:35 - sentiment_analysis        - INFO - N/A - (Stage 1) Sentiment analysis for chunk 78 started
2025-05-25 05:14:43 - event_scoring             - INFO - 44.701s - Successfully calculated event scores
2025-05-25 05:14:43 - event_scoring             - INFO - 44.701s - Chunk 80 processed successfully. Processed 1 general events.
2025-05-25 05:14:44 - sentiment_analysis        - INFO - 46.404s - Successfully got sentiment score
2025-05-25 05:14:44 - sentiment_analysis        - INFO - 46.404s - Chunk 80 processed successfully. Processed 1 person events.
2025-05-25 05:14:44 - inconsistency_detection   - INFO - N/A - (Stage 2) Inconsistency analysis for chunk 80 started
2025-05-25 05:14:44 - inconsistency_detection   - INFO - 0.012s - Chunk 80 processed successfully. Processed 1 person events.
2025-05-25 05:14:44 - person_summary            - INFO - N/A - (Stage 2.1) Person attitude analysis for chunk 80 started
2025-05-25 05:14:44 - person_summary            - INFO - N/A - Missing person ID for person_event 1 in chunk 80.
2025-05-25 05:14:44 - person_summary            - INFO - N/A - No sentiment history found for person Grant Hill in chunk 80, generating new.
2025-05-25 05:14:58 - event_classifier          - WARNING - N/A - Received invalid JSON response: Expecting ',' delimiter: line 9 column 2 (char 426). Attempting to fix...
2025-05-25 05:14:58 - event_classifier          - WARNING - N/A - Failed parsing code block content with substring method
2025-05-25 05:14:58 - event_classifier          - INFO - N/A - Successfully reconstructed JSON with regex field extraction
2025-05-25 05:14:58 - event_classifier          - INFO - 53.203s - Chunk 75 processed, (1) general events, (1) opinions.
2025-05-25 05:14:58 - event_scoring             - INFO - N/A - (Stage 1) Event scoring for chunk 75 started
2025-05-25 05:14:58 - sentiment_analysis        - INFO - N/A - (Stage 1) Sentiment analysis for chunk 75 started
2025-05-25 05:15:00 - sentiment_analysis        - INFO - 38.357s - Successfully got sentiment score
2025-05-25 05:15:00 - sentiment_analysis        - INFO - 38.357s - Chunk 79 processed successfully. Processed 1 person events.
2025-05-25 05:15:09 - event_scoring             - INFO - 47.095s - Successfully calculated event scores
2025-05-25 05:15:09 - event_scoring             - INFO - 47.096s - Chunk 79 processed successfully. Processed 1 general events.
2025-05-25 05:15:09 - inconsistency_detection   - INFO - N/A - (Stage 2) Inconsistency analysis for chunk 79 started
2025-05-25 05:15:09 - inconsistency_detection   - INFO - 0.012s - Chunk 79 processed successfully. Processed 1 person events.
2025-05-25 05:15:09 - person_summary            - INFO - N/A - (Stage 2.1) Person attitude analysis for chunk 79 started
2025-05-25 05:15:09 - person_summary            - INFO - N/A - Missing person ID for person_event 1 in chunk 79.
2025-05-25 05:15:09 - person_summary            - INFO - N/A - No sentiment history found for person Mark Green in chunk 79, generating new.
2025-05-25 05:15:16 - event_scoring             - INFO - 41.065s - Successfully calculated event scores
2025-05-25 05:15:16 - event_scoring             - INFO - 41.065s - Chunk 78 processed successfully. Processed 1 general events.
2025-05-25 05:15:18 - sentiment_analysis        - INFO - 42.971s - Successfully got sentiment score
2025-05-25 05:15:18 - sentiment_analysis        - INFO - 42.972s - Chunk 78 processed successfully. Processed 1 person events.
2025-05-25 05:15:18 - inconsistency_detection   - INFO - N/A - (Stage 2) Inconsistency analysis for chunk 78 started
2025-05-25 05:15:18 - inconsistency_detection   - INFO - 0.012s - Chunk 78 processed successfully. Processed 1 person events.
2025-05-25 05:15:18 - person_summary            - INFO - N/A - (Stage 2.1) Person attitude analysis for chunk 78 started
2025-05-25 05:15:18 - person_summary            - INFO - N/A - Missing person ID for person_event 1 in chunk 78.
2025-05-25 05:15:18 - person_summary            - INFO - N/A - No sentiment history found for person Mark Green in chunk 78, generating new.
2025-05-25 05:15:25 - person_summary            - INFO - 40.690s - Successfully got comment
2025-05-25 05:15:25 - person_summary            - INFO - 40.691s - Chunk 80 processed successfully. Processed 1 person events.
2025-05-25 05:15:25 - opinion_scoring           - INFO - N/A - (Stage 3) Opinion scoring for chunk 80 started
2025-05-25 05:15:33 - event_scoring             - INFO - 34.643s - Successfully calculated event scores
2025-05-25 05:15:33 - event_scoring             - INFO - 34.643s - Chunk 75 processed successfully. Processed 1 general events.
2025-05-25 05:15:35 - sentiment_analysis        - INFO - 36.433s - Successfully got sentiment score
2025-05-25 05:15:35 - sentiment_analysis        - INFO - 36.434s - Chunk 75 processed successfully. Processed 1 person events.
2025-05-25 05:15:35 - inconsistency_detection   - INFO - N/A - (Stage 2) Inconsistency analysis for chunk 75 started
2025-05-25 05:15:44 - person_summary            - INFO - 35.324s - Successfully got comment
2025-05-25 05:15:44 - person_summary            - INFO - 35.324s - Chunk 79 processed successfully. Processed 1 person events.
2025-05-25 05:15:44 - opinion_scoring           - INFO - N/A - (Stage 3) Opinion scoring for chunk 79 started
2025-05-25 05:15:51 - person_summary            - INFO - 33.237s - Successfully got comment
2025-05-25 05:15:51 - person_summary            - INFO - 33.239s - Chunk 78 processed successfully. Processed 1 person events.
2025-05-25 05:15:51 - opinion_scoring           - INFO - N/A - (Stage 3) Opinion scoring for chunk 78 started
2025-05-25 05:15:57 - opinion_scoring           - INFO - 31.884s - Successfully calculated opinion scores
2025-05-25 05:15:57 - opinion_scoring           - INFO - 31.884s - Chunk 80 processed successfully. Processed 1 person events.
2025-05-25 05:15:57 - write_node                - INFO - N/A - (Stage 3) Scores without inconsistency case
2025-05-25 05:15:57 - write_node                - INFO - N/A - (Stage 2.1) Summary/attitude full case
2025-05-25 05:15:57 - write_node                - ERROR - N/A - Error processing person event: add_attitude_full() got an unexpected keyword argument 'is_expert_flag'
2025-05-25 05:15:57 - write_node                - INFO - N/A - Chunk 80 marked as processed
2025-05-25 05:15:58 - event_classifier          - INFO - N/A - (Stage 0) Processing chunk 77 started
2025-05-25 05:16:02 - inconsistency_detection   - INFO - 27.028s - Successfully got comment
2025-05-25 05:16:02 - inconsistency_detection   - INFO - 27.058s - Chunk 75 processed successfully. Processed 1 person events.
2025-05-25 05:16:02 - person_summary            - INFO - N/A - (Stage 2.1) Person attitude analysis for chunk 75 started
2025-05-25 05:16:02 - person_summary            - INFO - N/A - Sentiment history found for person Unspecified in chunk 75.
2025-05-25 05:16:08 - opinion_scoring           - INFO - 23.963s - Successfully calculated opinion scores
2025-05-25 05:16:08 - opinion_scoring           - INFO - 23.963s - Chunk 79 processed successfully. Processed 1 person events.
2025-05-25 05:16:08 - write_node                - ERROR - N/A - Event scores not saved correctly: Expected 0.3, 0.2, 0.4, 0.28500000000000003 but got 0.3, 0.2, 0.4, 0.285
2025-05-25 05:16:08 - write_node                - INFO - N/A - (Stage 3) Scores without inconsistency case
2025-05-25 05:16:08 - write_node                - INFO - N/A - (Stage 2.1) Summary/attitude full case
2025-05-25 05:16:08 - write_node                - ERROR - N/A - Error processing person event: add_attitude_full() got an unexpected keyword argument 'is_expert_flag'
2025-05-25 05:16:08 - write_node                - INFO - N/A - Chunk 79 marked as processed
2025-05-25 05:16:09 - event_classifier          - INFO - N/A - (Stage 0) Processing chunk 76 started
2025-05-25 05:16:13 - opinion_scoring           - INFO - 21.774s - Successfully calculated opinion scores
2025-05-25 05:16:13 - opinion_scoring           - INFO - 21.774s - Chunk 78 processed successfully. Processed 1 person events.
2025-05-25 05:16:13 - write_node                - INFO - N/A - (Stage 3) Scores without inconsistency case
2025-05-25 05:16:13 - write_node                - ERROR - N/A - Opinion scores not saved correctly for ID 65: hotness: expected 0.30500000000000005, got 0.305
2025-05-25 05:16:13 - write_node                - INFO - N/A - (Stage 2.1) Summary/attitude full case
2025-05-25 05:16:13 - write_node                - ERROR - N/A - Error processing person event: add_attitude_full() got an unexpected keyword argument 'is_expert_flag'
2025-05-25 05:16:13 - write_node                - INFO - N/A - Chunk 78 marked as processed
2025-05-25 05:16:13 - event_classifier          - INFO - N/A - (Stage 0) Processing chunk 74 started
2025-05-25 05:16:27 - event_classifier          - WARNING - N/A - Received invalid JSON response: Expecting ',' delimiter: line 9 column 2 (char 493). Attempting to fix...
2025-05-25 05:16:27 - event_classifier          - WARNING - N/A - Failed parsing code block content with substring method
2025-05-25 05:16:27 - event_classifier          - INFO - N/A - Successfully reconstructed JSON with regex field extraction
2025-05-25 05:16:27 - event_classifier          - INFO - 29.140s - Chunk 77 processed, (1) general events, (1) opinions.
2025-05-25 05:16:27 - event_scoring             - INFO - N/A - (Stage 1) Event scoring for chunk 77 started
2025-05-25 05:16:27 - sentiment_analysis        - INFO - N/A - (Stage 1) Sentiment analysis for chunk 77 started
2025-05-25 05:16:35 - person_summary            - INFO - 33.690s - Successfully got comment
2025-05-25 05:16:35 - person_summary            - INFO - 33.723s - Chunk 75 processed successfully. Processed 1 person events.
2025-05-25 05:16:35 - opinion_scoring           - INFO - N/A - (Stage 3) Opinion scoring for chunk 75 started
2025-05-25 05:16:51 - event_classifier          - WARNING - N/A - Received invalid JSON response: Expecting ',' delimiter: line 9 column 2 (char 561). Attempting to fix...
2025-05-25 05:16:51 - event_classifier          - WARNING - N/A - Failed parsing code block content with substring method
2025-05-25 05:16:51 - event_classifier          - WARNING - N/A - Failed to extract with regex: Unterminated string starting at: line 1 column 210 (char 209)
2025-05-25 05:17:01 - event_classifier          - WARNING - N/A - Received invalid JSON response: Expecting ',' delimiter: line 9 column 2 (char 403). Attempting to fix...
2025-05-25 05:17:01 - event_classifier          - WARNING - N/A - Failed parsing code block content with substring method
2025-05-25 05:17:01 - event_classifier          - INFO - N/A - Successfully reconstructed JSON with regex field extraction
2025-05-25 05:17:01 - event_classifier          - INFO - 47.382s - Chunk 74 processed, (1) general events, (1) opinions.
2025-05-25 05:17:01 - event_scoring             - INFO - N/A - (Stage 1) Event scoring for chunk 74 started
2025-05-25 05:17:01 - sentiment_analysis        - INFO - N/A - (Stage 1) Sentiment analysis for chunk 74 started
2025-05-25 05:17:08 - event_scoring             - INFO - 41.009s - Successfully calculated event scores
2025-05-25 05:17:08 - event_scoring             - INFO - 41.009s - Chunk 77 processed successfully. Processed 1 general events.
2025-05-25 05:17:10 - sentiment_analysis        - INFO - 42.800s - Successfully got sentiment score
2025-05-25 05:17:10 - sentiment_analysis        - INFO - 42.800s - Chunk 77 processed successfully. Processed 1 person events.
2025-05-25 05:17:10 - inconsistency_detection   - INFO - N/A - (Stage 2) Inconsistency analysis for chunk 77 started
2025-05-25 05:17:10 - inconsistency_detection   - INFO - 0.011s - Chunk 77 processed successfully. Processed 1 person events.
2025-05-25 05:17:10 - person_summary            - INFO - N/A - (Stage 2.1) Person attitude analysis for chunk 77 started
2025-05-25 05:17:10 - person_summary            - INFO - N/A - Missing person ID for person_event 1 in chunk 77.
2025-05-25 05:17:10 - person_summary            - INFO - N/A - No sentiment history found for person Wu and her colleagues in chunk 77, generating new.
2025-05-25 05:17:16 - opinion_scoring           - INFO - 40.707s - Successfully calculated opinion scores
2025-05-25 05:17:16 - opinion_scoring           - INFO - 40.707s - Chunk 75 processed successfully. Processed 1 person events.
2025-05-25 05:17:16 - write_node                - INFO - N/A - (Stage 3) Scored case
2025-05-25 05:17:16 - write_node                - ERROR - N/A - Opinion scores not saved correctly for ID 66: hotness: expected 0.6849999999999999, got 0.685
2025-05-25 05:17:16 - write_node                - INFO - N/A - (Stage 2.1) Summary/attitude full case
2025-05-25 05:17:16 - write_node                - ERROR - N/A - Error processing person event: add_attitude_full() got an unexpected keyword argument 'is_expert_flag'
2025-05-25 05:17:16 - write_node                - INFO - N/A - Chunk 75 marked as processed
2025-05-25 05:17:17 - event_classifier          - INFO - N/A - (Stage 0) Processing chunk 73 started
2025-05-25 05:17:36 - event_classifier          - INFO - 86.954s - Chunk 76 processed, (1) general events, (1) opinions.
2025-05-25 05:17:36 - event_scoring             - INFO - N/A - (Stage 1) Event scoring for chunk 76 started
2025-05-25 05:17:36 - sentiment_analysis        - INFO - N/A - (Stage 1) Sentiment analysis for chunk 76 started
2025-05-25 05:17:42 - event_scoring             - INFO - 41.391s - Successfully calculated event scores
2025-05-25 05:17:42 - event_scoring             - INFO - 41.392s - Chunk 74 processed successfully. Processed 1 general events.
2025-05-25 05:17:44 - sentiment_analysis        - INFO - 43.272s - Successfully got sentiment score
2025-05-25 05:17:44 - sentiment_analysis        - INFO - 43.272s - Chunk 74 processed successfully. Processed 1 person events.
2025-05-25 05:17:44 - inconsistency_detection   - INFO - N/A - (Stage 2) Inconsistency analysis for chunk 74 started
2025-05-25 05:17:52 - person_summary            - INFO - 41.799s - Successfully got comment
2025-05-25 05:17:52 - person_summary            - INFO - 41.800s - Chunk 77 processed successfully. Processed 1 person events.
2025-05-25 05:17:52 - opinion_scoring           - INFO - N/A - (Stage 3) Opinion scoring for chunk 77 started
2025-05-25 05:18:06 - event_classifier          - WARNING - N/A - Received invalid JSON response: Expecting ',' delimiter: line 9 column 2 (char 391). Attempting to fix...
2025-05-25 05:18:06 - event_classifier          - WARNING - N/A - Failed parsing code block content with substring method
2025-05-25 05:18:06 - event_classifier          - INFO - N/A - Successfully reconstructed JSON with regex field extraction
2025-05-25 05:18:06 - event_classifier          - INFO - 49.511s - Chunk 73 processed, (1) general events, (1) opinions.
2025-05-25 05:18:06 - event_scoring             - INFO - N/A - (Stage 1) Event scoring for chunk 73 started
2025-05-25 05:18:06 - sentiment_analysis        - INFO - N/A - (Stage 1) Sentiment analysis for chunk 73 started
2025-05-25 05:18:14 - event_scoring             - INFO - 38.079s - Successfully calculated event scores
2025-05-25 05:18:14 - event_scoring             - INFO - 38.079s - Chunk 76 processed successfully. Processed 1 general events.
2025-05-25 05:18:16 - sentiment_analysis        - INFO - 39.900s - Successfully got sentiment score
2025-05-25 05:18:16 - sentiment_analysis        - INFO - 39.900s - Chunk 76 processed successfully. Processed 1 person events.
2025-05-25 05:18:16 - inconsistency_detection   - INFO - N/A - (Stage 2) Inconsistency analysis for chunk 76 started
2025-05-25 05:18:16 - inconsistency_detection   - INFO - 0.011s - Chunk 76 processed successfully. Processed 1 person events.
2025-05-25 05:18:16 - person_summary            - INFO - N/A - (Stage 2.1) Person attitude analysis for chunk 76 started
2025-05-25 05:18:16 - person_summary            - INFO - N/A - Missing person ID for person_event 1 in chunk 76.
2025-05-25 05:18:16 - person_summary            - INFO - N/A - No sentiment history found for person Hao Wu in chunk 76, generating new.
2025-05-25 05:18:27 - opinion_scoring           - INFO - 35.637s - Successfully calculated opinion scores
2025-05-25 05:18:27 - opinion_scoring           - INFO - 35.637s - Chunk 77 processed successfully. Processed 1 person events.
2025-05-25 05:18:27 - write_node                - ERROR - N/A - Event scores not saved correctly: Expected 0.85, 0.75, 0.7, 0.7474999999999999 but got 0.85, 0.75, 0.7, 0.7475
2025-05-25 05:18:27 - write_node                - INFO - N/A - (Stage 3) Scores without inconsistency case
2025-05-25 05:18:27 - write_node                - INFO - N/A - (Stage 2.1) Summary/attitude full case
2025-05-25 05:18:27 - write_node                - ERROR - N/A - Error processing person event: add_attitude_full() got an unexpected keyword argument 'is_expert_flag'
2025-05-25 05:18:27 - write_node                - INFO - N/A - Chunk 77 marked as processed
2025-05-25 05:18:28 - event_classifier          - INFO - N/A - (Stage 0) Processing chunk 72 started
2025-05-25 05:18:36 - event_scoring             - INFO - 29.364s - Successfully calculated event scores
2025-05-25 05:18:36 - event_scoring             - INFO - 29.364s - Chunk 73 processed successfully. Processed 1 general events.
2025-05-25 05:18:37 - sentiment_analysis        - INFO - 31.156s - Successfully got sentiment score
2025-05-25 05:18:37 - sentiment_analysis        - INFO - 31.156s - Chunk 73 processed successfully. Processed 1 person events.
2025-05-25 05:18:37 - inconsistency_detection   - INFO - N/A - (Stage 2) Inconsistency analysis for chunk 73 started
2025-05-25 05:18:44 - person_summary            - INFO - 28.111s - Successfully got comment
2025-05-25 05:18:44 - person_summary            - INFO - 28.112s - Chunk 76 processed successfully. Processed 1 person events.
2025-05-25 05:18:44 - opinion_scoring           - INFO - N/A - (Stage 3) Opinion scoring for chunk 76 started
2025-05-25 05:18:54 - inconsistency_detection   - INFO - 69.541s - Successfully got comment
2025-05-25 05:18:54 - inconsistency_detection   - INFO - 69.562s - Chunk 74 processed successfully. Processed 1 person events.
2025-05-25 05:18:54 - person_summary            - INFO - N/A - (Stage 2.1) Person attitude analysis for chunk 74 started
2025-05-25 05:18:54 - person_summary            - INFO - N/A - Sentiment history found for person Unspecified in chunk 74.
2025-05-25 05:19:07 - event_classifier          - WARNING - N/A - Received invalid JSON response: Expecting ',' delimiter: line 9 column 2 (char 453). Attempting to fix...
2025-05-25 05:19:07 - event_classifier          - WARNING - N/A - Failed parsing code block content with substring method
2025-05-25 05:19:07 - event_classifier          - WARNING - N/A - Failed to extract with regex: Unterminated string starting at: line 1 column 244 (char 243)
2025-05-25 05:19:07 - event_classifier          - INFO - 38.736s - Chunk 72 processed, (1) general events, (1) opinions.
2025-05-25 05:19:07 - event_scoring             - INFO - N/A - (Stage 1) Event scoring for chunk 72 started
2025-05-25 05:19:07 - sentiment_analysis        - INFO - N/A - (Stage 1) Sentiment analysis for chunk 72 started
2025-05-25 05:19:11 - inconsistency_detection   - INFO - 33.801s - Successfully got comment
2025-05-25 05:19:11 - inconsistency_detection   - INFO - 33.829s - Chunk 73 processed successfully. Processed 1 person events.
2025-05-25 05:19:11 - person_summary            - INFO - N/A - (Stage 2.1) Person attitude analysis for chunk 73 started
2025-05-25 05:19:11 - person_summary            - INFO - N/A - Sentiment history found for person Unspecified in chunk 73.
2025-05-25 05:19:18 - opinion_scoring           - INFO - 33.896s - Successfully calculated opinion scores
2025-05-25 05:19:18 - opinion_scoring           - INFO - 33.896s - Chunk 76 processed successfully. Processed 1 person events.
2025-05-25 05:19:18 - write_node                - INFO - N/A - (Stage 3) Scores without inconsistency case
2025-05-25 05:19:18 - write_node                - INFO - N/A - (Stage 2.1) Summary/attitude full case
2025-05-25 05:19:18 - write_node                - ERROR - N/A - Error processing person event: add_attitude_full() got an unexpected keyword argument 'is_expert_flag'
2025-05-25 05:19:18 - write_node                - INFO - N/A - Chunk 76 marked as processed
2025-05-25 05:19:18 - event_classifier          - INFO - N/A - (Stage 0) Processing chunk 71 started
2025-05-25 05:19:23 - person_summary            - INFO - 29.197s - Successfully got comment
2025-05-25 05:19:23 - person_summary            - INFO - 29.226s - Chunk 74 processed successfully. Processed 1 person events.
2025-05-25 05:19:23 - opinion_scoring           - INFO - N/A - (Stage 3) Opinion scoring for chunk 74 started
2025-05-25 05:19:29 - event_scoring             - INFO - 22.682s - Successfully calculated event scores
2025-05-25 05:19:29 - event_scoring             - INFO - 22.682s - Chunk 72 processed successfully. Processed 1 general events.
2025-05-25 05:19:31 - sentiment_analysis        - INFO - 24.481s - Successfully got sentiment score
2025-05-25 05:19:31 - sentiment_analysis        - INFO - 24.481s - Chunk 72 processed successfully. Processed 1 person events.
2025-05-25 05:19:31 - inconsistency_detection   - INFO - N/A - (Stage 2) Inconsistency analysis for chunk 72 started
2025-05-25 05:19:31 - inconsistency_detection   - INFO - 0.011s - Chunk 72 processed successfully. Processed 1 person events.
2025-05-25 05:19:31 - person_summary            - INFO - N/A - (Stage 2.1) Person attitude analysis for chunk 72 started
2025-05-25 05:19:31 - person_summary            - INFO - N/A - Missing person ID for person_event 1 in chunk 72.
2025-05-25 05:19:31 - person_summary            - INFO - N/A - No sentiment history found for person Dr. Michael Sant (UCLA) in chunk 72, generating new.
2025-05-25 05:19:39 - person_summary            - INFO - 27.508s - Successfully got comment
2025-05-25 05:19:39 - person_summary            - INFO - 27.583s - Chunk 73 processed successfully. Processed 1 person events.
2025-05-25 05:19:39 - opinion_scoring           - INFO - N/A - (Stage 3) Opinion scoring for chunk 73 started
2025-05-25 05:19:54 - event_classifier          - WARNING - N/A - Received invalid JSON response: Expecting ',' delimiter: line 9 column 2 (char 415). Attempting to fix...
2025-05-25 05:19:54 - event_classifier          - WARNING - N/A - Failed parsing code block content with substring method
2025-05-25 05:19:54 - event_classifier          - WARNING - N/A - Failed to extract with regex: Unterminated string starting at: line 1 column 214 (char 213)
2025-05-25 05:19:54 - event_classifier          - INFO - 36.005s - Chunk 71 processed, (1) general events, (1) opinions.
2025-05-25 05:19:54 - event_scoring             - INFO - N/A - (Stage 1) Event scoring for chunk 71 started
2025-05-25 05:19:54 - sentiment_analysis        - INFO - N/A - (Stage 1) Sentiment analysis for chunk 71 started
2025-05-25 05:20:01 - opinion_scoring           - INFO - 38.042s - Successfully calculated opinion scores
2025-05-25 05:20:01 - opinion_scoring           - INFO - 38.042s - Chunk 74 processed successfully. Processed 1 person events.
2025-05-25 05:20:01 - write_node                - ERROR - N/A - Event scores not saved correctly: Expected 0.75, 0.6, 0.5, 0.5874999999999999 but got 0.75, 0.6, 0.5, 0.5875
2025-05-25 05:20:01 - write_node                - INFO - N/A - (Stage 3) Scored case
2025-05-25 05:20:01 - write_node                - INFO - N/A - (Stage 2.1) Summary/attitude full case
2025-05-25 05:20:01 - write_node                - ERROR - N/A - Error processing person event: add_attitude_full() got an unexpected keyword argument 'is_expert_flag'
2025-05-25 05:20:01 - write_node                - INFO - N/A - Chunk 74 marked as processed
2025-05-25 05:20:02 - event_classifier          - INFO - N/A - (Stage 0) Processing chunk 70 started
2025-05-25 05:20:07 - person_summary            - INFO - 36.336s - Successfully got comment
2025-05-25 05:20:07 - person_summary            - INFO - 36.337s - Chunk 72 processed successfully. Processed 1 person events.
2025-05-25 05:20:07 - opinion_scoring           - INFO - N/A - (Stage 3) Opinion scoring for chunk 72 started
2025-05-25 05:20:14 - opinion_scoring           - INFO - 35.039s - Successfully calculated opinion scores
2025-05-25 05:20:14 - opinion_scoring           - INFO - 35.039s - Chunk 73 processed successfully. Processed 1 person events.
2025-05-25 05:20:14 - write_node                - INFO - N/A - (Stage 3) Scored case
2025-05-25 05:20:14 - write_node                - INFO - N/A - (Stage 2.1) Summary/attitude full case
2025-05-25 05:20:14 - write_node                - ERROR - N/A - Error processing person event: add_attitude_full() got an unexpected keyword argument 'is_expert_flag'
2025-05-25 05:20:14 - write_node                - INFO - N/A - Chunk 73 marked as processed
2025-05-25 05:20:15 - event_classifier          - INFO - N/A - (Stage 0) Processing chunk 69 started
2025-05-25 05:20:23 - event_scoring             - INFO - 28.343s - Successfully calculated event scores
2025-05-25 05:20:23 - event_scoring             - INFO - 28.343s - Chunk 71 processed successfully. Processed 1 general events.
2025-05-25 05:20:25 - sentiment_analysis        - INFO - 30.236s - Successfully got sentiment score
2025-05-25 05:20:25 - sentiment_analysis        - INFO - 30.236s - Chunk 71 processed successfully. Processed 1 person events.
2025-05-25 05:20:25 - inconsistency_detection   - INFO - N/A - (Stage 2) Inconsistency analysis for chunk 71 started
2025-05-25 05:20:25 - inconsistency_detection   - INFO - 0.012s - Chunk 71 processed successfully. Processed 1 person events.
2025-05-25 05:20:25 - person_summary            - INFO - N/A - (Stage 2.1) Person attitude analysis for chunk 71 started
2025-05-25 05:20:25 - person_summary            - INFO - N/A - Missing person ID for person_event 1 in chunk 71.
2025-05-25 05:20:25 - person_summary            - INFO - N/A - No sentiment history found for person Lili Fuhr in chunk 71, generating new.
2025-05-25 05:20:42 - event_classifier          - WARNING - N/A - Received invalid JSON response: Expecting ',' delimiter: line 9 column 2 (char 414). Attempting to fix...
2025-05-25 05:20:42 - event_classifier          - WARNING - N/A - Failed parsing code block content with substring method
2025-05-25 05:20:42 - event_classifier          - WARNING - N/A - Failed to extract with regex: Unterminated string starting at: line 1 column 213 (char 212)
2025-05-25 05:20:42 - event_classifier          - INFO - 40.693s - Chunk 70 processed, (1) general events, (1) opinions.
2025-05-25 05:20:42 - event_scoring             - INFO - N/A - (Stage 1) Event scoring for chunk 70 started
2025-05-25 05:20:42 - sentiment_analysis        - INFO - N/A - (Stage 1) Sentiment analysis for chunk 70 started
2025-05-25 05:20:49 - opinion_scoring           - INFO - 41.130s - Successfully calculated opinion scores
2025-05-25 05:20:49 - opinion_scoring           - INFO - 41.130s - Chunk 72 processed successfully. Processed 1 person events.
2025-05-25 05:20:49 - write_node                - ERROR - N/A - Event scores not saved correctly: Expected 0.85, 0.75, 0.6, 0.7124999999999999 but got 0.85, 0.75, 0.6, 0.7125
2025-05-25 05:20:49 - write_node                - INFO - N/A - (Stage 3) Scores without inconsistency case
2025-05-25 05:20:49 - write_node                - ERROR - N/A - Opinion scores not saved correctly for ID 71: hotness: expected 0.7749999999999999, got 0.775
2025-05-25 05:20:49 - write_node                - INFO - N/A - (Stage 2.1) Summary/attitude full case
2025-05-25 05:20:49 - write_node                - ERROR - N/A - Error processing person event: add_attitude_full() got an unexpected keyword argument 'is_expert_flag'
2025-05-25 05:20:49 - write_node                - INFO - N/A - Chunk 72 marked as processed
2025-05-25 05:20:49 - event_classifier          - INFO - N/A - (Stage 0) Processing chunk 67 started
2025-05-25 05:21:04 - event_classifier          - WARNING - N/A - Received invalid JSON response: Expecting ',' delimiter: line 9 column 2 (char 466). Attempting to fix...
2025-05-25 05:21:04 - event_classifier          - WARNING - N/A - Failed parsing code block content with substring method
2025-05-25 05:21:04 - event_classifier          - WARNING - N/A - Failed to extract with regex: Unterminated string starting at: line 1 column 311 (char 310)
2025-05-25 05:21:04 - event_classifier          - INFO - 49.592s - Chunk 69 processed, (1) general events, (1) opinions.
2025-05-25 05:21:04 - event_scoring             - INFO - N/A - (Stage 1) Event scoring for chunk 69 started
2025-05-25 05:21:04 - sentiment_analysis        - INFO - N/A - (Stage 1) Sentiment analysis for chunk 69 started
2025-05-25 05:21:14 - person_summary            - INFO - 49.315s - Successfully got comment
2025-05-25 05:21:14 - person_summary            - INFO - 49.317s - Chunk 71 processed successfully. Processed 1 person events.
2025-05-25 05:21:14 - opinion_scoring           - INFO - N/A - (Stage 3) Opinion scoring for chunk 71 started
2025-05-25 05:21:23 - event_scoring             - INFO - 40.975s - Successfully calculated event scores
2025-05-25 05:21:23 - event_scoring             - INFO - 40.976s - Chunk 70 processed successfully. Processed 1 general events.
2025-05-25 05:21:25 - sentiment_analysis        - INFO - 42.774s - Successfully got sentiment score
2025-05-25 05:21:25 - sentiment_analysis        - INFO - 42.774s - Chunk 70 processed successfully. Processed 1 person events.
2025-05-25 05:21:25 - inconsistency_detection   - INFO - N/A - (Stage 2) Inconsistency analysis for chunk 70 started
2025-05-25 05:21:25 - inconsistency_detection   - INFO - 0.011s - Chunk 70 processed successfully. Processed 1 person events.
2025-05-25 05:21:25 - person_summary            - INFO - N/A - (Stage 2.1) Person attitude analysis for chunk 70 started
2025-05-25 05:21:25 - person_summary            - INFO - N/A - Missing person ID for person_event 1 in chunk 70.
2025-05-25 05:21:25 - person_summary            - INFO - N/A - No sentiment history found for person Gaurav Sant in chunk 70, generating new.
2025-05-25 05:21:42 - event_classifier          - WARNING - N/A - Received invalid JSON response: Expecting ',' delimiter: line 9 column 2 (char 564). Attempting to fix...
2025-05-25 05:21:42 - event_classifier          - WARNING - N/A - Failed parsing code block content with substring method
2025-05-25 05:21:42 - event_classifier          - WARNING - N/A - Failed to extract with regex: Unterminated string starting at: line 1 column 278 (char 277)
2025-05-25 05:21:42 - event_classifier          - INFO - 53.147s - Chunk 67 processed, (1) general events, (1) opinions.
2025-05-25 05:21:42 - event_scoring             - INFO - N/A - (Stage 1) Event scoring for chunk 67 started
2025-05-25 05:21:42 - sentiment_analysis        - INFO - N/A - (Stage 1) Sentiment analysis for chunk 67 started
2025-05-25 05:21:51 - event_scoring             - INFO - 47.128s - Successfully calculated event scores
2025-05-25 05:21:51 - event_scoring             - INFO - 47.128s - Chunk 69 processed successfully. Processed 1 general events.
2025-05-25 05:21:53 - sentiment_analysis        - INFO - 49.010s - Successfully got sentiment score
2025-05-25 05:21:53 - sentiment_analysis        - INFO - 49.010s - Chunk 69 processed successfully. Processed 1 person events.
2025-05-25 05:21:53 - inconsistency_detection   - INFO - N/A - (Stage 2) Inconsistency analysis for chunk 69 started
2025-05-25 05:21:53 - inconsistency_detection   - INFO - 0.012s - Chunk 69 processed successfully. Processed 1 person events.
2025-05-25 05:21:53 - person_summary            - INFO - N/A - (Stage 2.1) Person attitude analysis for chunk 69 started
2025-05-25 05:21:53 - person_summary            - INFO - N/A - Missing person ID for person_event 1 in chunk 69.
2025-05-25 05:21:53 - person_summary            - INFO - N/A - No sentiment history found for person Jean-Pierre Gatusso in chunk 69, generating new.
2025-05-25 05:22:00 - opinion_scoring           - INFO - 45.569s - Successfully calculated opinion scores
2025-05-25 05:22:00 - opinion_scoring           - INFO - 45.570s - Chunk 71 processed successfully. Processed 1 person events.
2025-05-25 05:22:00 - write_node                - ERROR - N/A - Event scores not saved correctly: Expected 0.85, 0.75, 0.6, 0.7124999999999999 but got 0.85, 0.75, 0.6, 0.7125
2025-05-25 05:22:00 - write_node                - INFO - N/A - (Stage 3) Scores without inconsistency case
2025-05-25 05:22:00 - write_node                - ERROR - N/A - Opinion scores not saved correctly for ID 72: hotness: expected 0.7849999999999999, got 0.785
2025-05-25 05:22:00 - write_node                - INFO - N/A - (Stage 2.1) Summary/attitude full case
2025-05-25 05:22:00 - write_node                - ERROR - N/A - Error processing person event: add_attitude_full() got an unexpected keyword argument 'is_expert_flag'
2025-05-25 05:22:00 - write_node                - INFO - N/A - Chunk 71 marked as processed
2025-05-25 05:22:00 - event_classifier          - INFO - N/A - (Stage 0) Processing chunk 68 started
2025-05-25 05:22:09 - person_summary            - INFO - 44.338s - Successfully got comment
2025-05-25 05:22:09 - person_summary            - INFO - 44.340s - Chunk 70 processed successfully. Processed 1 person events.
2025-05-25 05:22:09 - opinion_scoring           - INFO - N/A - (Stage 3) Opinion scoring for chunk 70 started
2025-05-25 05:22:18 - event_scoring             - INFO - 35.875s - Successfully calculated event scores
2025-05-25 05:22:18 - event_scoring             - INFO - 35.875s - Chunk 67 processed successfully. Processed 1 general events.
2025-05-25 05:22:20 - sentiment_analysis        - INFO - 37.781s - Successfully got sentiment score
2025-05-25 05:22:20 - sentiment_analysis        - INFO - 37.782s - Chunk 67 processed successfully. Processed 1 person events.
2025-05-25 05:22:20 - inconsistency_detection   - INFO - N/A - (Stage 2) Inconsistency analysis for chunk 67 started
2025-05-25 05:22:20 - inconsistency_detection   - INFO - 0.012s - Chunk 67 processed successfully. Processed 1 person events.
2025-05-25 05:22:20 - person_summary            - INFO - N/A - (Stage 2.1) Person attitude analysis for chunk 67 started
2025-05-25 05:22:20 - person_summary            - INFO - N/A - Missing person ID for person_event 1 in chunk 67.
2025-05-25 05:22:20 - person_summary            - INFO - N/A - No sentiment history found for person Adani in chunk 67, generating new.
2025-05-25 05:22:28 - person_summary            - INFO - 34.813s - Successfully got comment
2025-05-25 05:22:28 - person_summary            - INFO - 34.814s - Chunk 69 processed successfully. Processed 1 person events.
2025-05-25 05:22:28 - opinion_scoring           - INFO - N/A - (Stage 3) Opinion scoring for chunk 69 started
2025-05-25 05:22:44 - event_classifier          - WARNING - N/A - Received invalid JSON response: Expecting ',' delimiter: line 9 column 2 (char 541). Attempting to fix...
2025-05-25 05:22:44 - event_classifier          - WARNING - N/A - Failed parsing code block content with substring method
2025-05-25 05:22:44 - event_classifier          - WARNING - N/A - Failed to extract with regex: Unterminated string starting at: line 1 column 243 (char 242)
2025-05-25 05:22:44 - event_classifier          - INFO - 43.746s - Chunk 68 processed, (1) general events, (1) opinions.
2025-05-25 05:22:44 - event_scoring             - INFO - N/A - (Stage 1) Event scoring for chunk 68 started
2025-05-25 05:22:44 - sentiment_analysis        - INFO - N/A - (Stage 1) Sentiment analysis for chunk 68 started
2025-05-25 05:22:51 - opinion_scoring           - INFO - 41.280s - Successfully calculated opinion scores
2025-05-25 05:22:51 - opinion_scoring           - INFO - 41.280s - Chunk 70 processed successfully. Processed 1 person events.
2025-05-25 05:22:51 - write_node                - INFO - N/A - (Stage 3) Scores without inconsistency case
2025-05-25 05:22:51 - write_node                - INFO - N/A - (Stage 2.1) Summary/attitude full case
2025-05-25 05:22:51 - write_node                - ERROR - N/A - Error processing person event: add_attitude_full() got an unexpected keyword argument 'is_expert_flag'
2025-05-25 05:22:51 - write_node                - INFO - N/A - Chunk 70 marked as processed
2025-05-25 05:22:51 - event_classifier          - INFO - N/A - (Stage 0) Processing chunk 66 started
2025-05-25 05:22:59 - person_summary            - INFO - 38.236s - Successfully got comment
2025-05-25 05:22:59 - person_summary            - INFO - 38.237s - Chunk 67 processed successfully. Processed 1 person events.
2025-05-25 05:22:59 - opinion_scoring           - INFO - N/A - (Stage 3) Opinion scoring for chunk 67 started
2025-05-25 05:23:05 - opinion_scoring           - INFO - 36.476s - Successfully calculated opinion scores
2025-05-25 05:23:05 - opinion_scoring           - INFO - 36.477s - Chunk 69 processed successfully. Processed 1 person events.
2025-05-25 05:23:05 - write_node                - INFO - N/A - (Stage 3) Scores without inconsistency case
2025-05-25 05:23:05 - write_node                - ERROR - N/A - Opinion scores not saved correctly for ID 74: hotness: expected 0.44499999999999995, got 0.445
2025-05-25 05:23:05 - write_node                - INFO - N/A - (Stage 2.1) Summary/attitude full case
2025-05-25 05:23:05 - write_node                - ERROR - N/A - Error processing person event: add_attitude_full() got an unexpected keyword argument 'is_expert_flag'
2025-05-25 05:23:05 - write_node                - INFO - N/A - Chunk 69 marked as processed
2025-05-25 05:23:05 - event_classifier          - INFO - N/A - (Stage 0) Processing chunk 65 started
2025-05-25 05:23:11 - event_scoring             - INFO - 27.238s - Successfully calculated event scores
2025-05-25 05:23:11 - event_scoring             - INFO - 27.238s - Chunk 68 processed successfully. Processed 1 general events.
2025-05-25 05:23:13 - sentiment_analysis        - INFO - 29.147s - Successfully got sentiment score
2025-05-25 05:23:13 - sentiment_analysis        - INFO - 29.147s - Chunk 68 processed successfully. Processed 1 person events.
2025-05-25 05:23:13 - inconsistency_detection   - INFO - N/A - (Stage 2) Inconsistency analysis for chunk 68 started
2025-05-25 05:23:13 - inconsistency_detection   - INFO - 0.012s - Chunk 68 processed successfully. Processed 1 person events.
2025-05-25 05:23:13 - person_summary            - INFO - N/A - (Stage 2.1) Person attitude analysis for chunk 68 started
2025-05-25 05:23:13 - person_summary            - INFO - N/A - Missing person ID for person_event 1 in chunk 68.
2025-05-25 05:23:13 - person_summary            - INFO - N/A - No sentiment history found for person Gautam Adani in chunk 68, generating new.
2025-05-25 05:23:34 - event_classifier          - WARNING - N/A - Received invalid JSON response: Expecting ',' delimiter: line 9 column 2 (char 624). Attempting to fix...
2025-05-25 05:23:34 - event_classifier          - WARNING - N/A - Failed parsing code block content with substring method
2025-05-25 05:23:34 - event_classifier          - WARNING - N/A - Failed to extract with regex: Unterminated string starting at: line 1 column 257 (char 256)
2025-05-25 05:23:40 - opinion_scoring           - INFO - 41.903s - Successfully calculated opinion scores
2025-05-25 05:23:40 - opinion_scoring           - INFO - 41.903s - Chunk 67 processed successfully. Processed 1 person events.
2025-05-25 05:23:40 - write_node                - INFO - N/A - (Stage 3) Scores without inconsistency case
2025-05-25 05:23:41 - write_node                - INFO - N/A - (Stage 2.1) Summary/attitude full case
2025-05-25 05:23:41 - write_node                - ERROR - N/A - Error processing person event: add_attitude_full() got an unexpected keyword argument 'is_expert_flag'
2025-05-25 05:23:41 - write_node                - INFO - N/A - Chunk 67 marked as processed
2025-05-25 05:23:41 - event_classifier          - INFO - N/A - (Stage 0) Processing chunk 64 started
2025-05-25 05:23:56 - event_classifier          - WARNING - N/A - Received invalid JSON response: Expecting ',' delimiter: line 9 column 2 (char 388). Attempting to fix...
2025-05-25 05:23:56 - event_classifier          - WARNING - N/A - Failed parsing code block content with substring method
2025-05-25 05:23:56 - event_classifier          - WARNING - N/A - Failed to extract with regex: Unterminated string starting at: line 1 column 268 (char 267)
2025-05-25 05:23:56 - event_classifier          - INFO - 50.953s - Chunk 65 processed, (1) general events, (1) opinions.
2025-05-25 05:23:56 - event_scoring             - INFO - N/A - (Stage 1) Event scoring for chunk 65 started
2025-05-25 05:23:56 - sentiment_analysis        - INFO - N/A - (Stage 1) Sentiment analysis for chunk 65 started
2025-05-25 05:24:03 - person_summary            - INFO - 49.307s - Successfully got comment
2025-05-25 05:24:03 - person_summary            - INFO - 49.307s - Chunk 68 processed successfully. Processed 1 person events.
2025-05-25 05:24:03 - opinion_scoring           - INFO - N/A - (Stage 3) Opinion scoring for chunk 68 started
2025-05-25 05:24:19 - event_classifier          - INFO - 87.581s - Chunk 66 processed, (1) general events, (1) opinions.
2025-05-25 05:24:19 - event_scoring             - INFO - N/A - (Stage 1) Event scoring for chunk 66 started
2025-05-25 05:24:19 - sentiment_analysis        - INFO - N/A - (Stage 1) Sentiment analysis for chunk 66 started
2025-05-25 05:24:28 - event_classifier          - WARNING - N/A - Received invalid JSON response: Expecting ',' delimiter: line 9 column 2 (char 280). Attempting to fix...
2025-05-25 05:24:28 - event_classifier          - WARNING - N/A - Failed parsing code block content with substring method
2025-05-25 05:24:28 - event_classifier          - WARNING - N/A - Failed to extract with regex: Unterminated string starting at: line 1 column 211 (char 210)
2025-05-25 05:24:28 - event_classifier          - INFO - 47.304s - Chunk 64 processed, (1) general events, (1) opinions.
2025-05-25 05:24:28 - event_scoring             - INFO - N/A - (Stage 1) Event scoring for chunk 64 started
2025-05-25 05:24:28 - sentiment_analysis        - INFO - N/A - (Stage 1) Sentiment analysis for chunk 64 started
2025-05-25 05:24:38 - event_scoring             - INFO - 41.487s - Successfully calculated event scores
2025-05-25 05:24:38 - event_scoring             - INFO - 41.487s - Chunk 65 processed successfully. Processed 1 general events.
2025-05-25 05:24:40 - sentiment_analysis        - INFO - 43.381s - Successfully got sentiment score
2025-05-25 05:24:40 - sentiment_analysis        - INFO - 43.381s - Chunk 65 processed successfully. Processed 1 person events.
2025-05-25 05:24:40 - inconsistency_detection   - INFO - N/A - (Stage 2) Inconsistency analysis for chunk 65 started
2025-05-25 05:24:40 - inconsistency_detection   - INFO - 0.012s - Chunk 65 processed successfully. Processed 1 person events.
2025-05-25 05:24:40 - person_summary            - INFO - N/A - (Stage 2.1) Person attitude analysis for chunk 65 started
2025-05-25 05:24:40 - person_summary            - INFO - N/A - Missing person ID for person_event 1 in chunk 65.
2025-05-25 05:24:40 - person_summary            - INFO - N/A - No sentiment history found for person Sagar Adani in chunk 65, generating new.
2025-05-25 05:24:46 - opinion_scoring           - INFO - 43.739s - Successfully calculated opinion scores
2025-05-25 05:24:46 - opinion_scoring           - INFO - 43.740s - Chunk 68 processed successfully. Processed 1 person events.
2025-05-25 05:24:46 - write_node                - INFO - N/A - (Stage 3) Scores without inconsistency case
2025-05-25 05:24:46 - write_node                - INFO - N/A - (Stage 2.1) Summary/attitude full case
2025-05-25 05:24:46 - write_node                - ERROR - N/A - Error processing person event: add_attitude_full() got an unexpected keyword argument 'is_expert_flag'
2025-05-25 05:24:46 - write_node                - INFO - N/A - Chunk 68 marked as processed
2025-05-25 05:24:47 - event_classifier          - INFO - N/A - (Stage 0) Processing chunk 63 started
2025-05-25 05:24:56 - event_scoring             - INFO - 36.535s - Successfully calculated event scores
2025-05-25 05:24:56 - event_scoring             - INFO - 36.536s - Chunk 66 processed successfully. Processed 1 general events.
2025-05-25 05:24:58 - sentiment_analysis        - INFO - 38.616s - Successfully got sentiment score
2025-05-25 05:24:58 - sentiment_analysis        - INFO - 38.616s - Chunk 66 processed successfully. Processed 1 person events.
2025-05-25 05:24:58 - inconsistency_detection   - INFO - N/A - (Stage 2) Inconsistency analysis for chunk 66 started
2025-05-25 05:25:04 - event_scoring             - INFO - 35.294s - Successfully calculated event scores
2025-05-25 05:25:04 - event_scoring             - INFO - 35.294s - Chunk 64 processed successfully. Processed 1 general events.
2025-05-25 05:25:06 - sentiment_analysis        - INFO - 37.089s - Successfully got sentiment score
2025-05-25 05:25:06 - sentiment_analysis        - INFO - 37.089s - Chunk 64 processed successfully. Processed 1 person events.
2025-05-25 05:25:06 - inconsistency_detection   - INFO - N/A - (Stage 2) Inconsistency analysis for chunk 64 started
2025-05-25 05:25:16 - person_summary            - INFO - 36.028s - Successfully got comment
2025-05-25 05:25:16 - person_summary            - INFO - 36.030s - Chunk 65 processed successfully. Processed 1 person events.
2025-05-25 05:25:16 - opinion_scoring           - INFO - N/A - (Stage 3) Opinion scoring for chunk 65 started
2025-05-25 05:25:31 - event_classifier          - WARNING - N/A - Received invalid JSON response: Expecting ',' delimiter: line 9 column 2 (char 411). Attempting to fix...
2025-05-25 05:25:31 - event_classifier          - WARNING - N/A - Failed parsing code block content with substring method
2025-05-25 05:25:31 - event_classifier          - WARNING - N/A - Failed to extract with regex: Unterminated string starting at: line 1 column 279 (char 278)
2025-05-25 05:25:31 - event_classifier          - INFO - 44.202s - Chunk 63 processed, (1) general events, (1) opinions.
2025-05-25 05:25:31 - event_scoring             - INFO - N/A - (Stage 1) Event scoring for chunk 63 started
2025-05-25 05:25:31 - sentiment_analysis        - INFO - N/A - (Stage 1) Sentiment analysis for chunk 63 started
2025-05-25 05:25:48 - opinion_scoring           - INFO - 32.426s - Successfully calculated opinion scores
2025-05-25 05:25:48 - opinion_scoring           - INFO - 32.426s - Chunk 65 processed successfully. Processed 1 person events.
2025-05-25 05:25:48 - write_node                - INFO - N/A - (Stage 3) Scores without inconsistency case
2025-05-25 05:25:48 - write_node                - INFO - N/A - (Stage 2.1) Summary/attitude full case
2025-05-25 05:25:48 - write_node                - ERROR - N/A - Error processing person event: add_attitude_full() got an unexpected keyword argument 'is_expert_flag'
2025-05-25 05:25:48 - write_node                - INFO - N/A - Chunk 65 marked as processed
2025-05-25 05:25:49 - event_classifier          - INFO - N/A - (Stage 0) Processing chunk 62 started
2025-05-25 05:25:57 - event_scoring             - INFO - 25.828s - Successfully calculated event scores
2025-05-25 05:25:57 - event_scoring             - INFO - 25.828s - Chunk 63 processed successfully. Processed 1 general events.
2025-05-25 05:25:59 - sentiment_analysis        - INFO - 27.647s - Successfully got sentiment score
2025-05-25 05:25:59 - sentiment_analysis        - INFO - 27.647s - Chunk 63 processed successfully. Processed 1 person events.
2025-05-25 05:25:59 - inconsistency_detection   - INFO - N/A - (Stage 2) Inconsistency analysis for chunk 63 started
2025-05-25 05:25:59 - inconsistency_detection   - INFO - 0.012s - Chunk 63 processed successfully. Processed 1 person events.
2025-05-25 05:25:59 - person_summary            - INFO - N/A - (Stage 2.1) Person attitude analysis for chunk 63 started
2025-05-25 05:25:59 - person_summary            - INFO - N/A - Missing person ID for person_event 1 in chunk 63.
2025-05-25 05:26:09 - inconsistency_detection   - INFO - 71.648s - Successfully got comment
2025-05-25 05:26:09 - inconsistency_detection   - INFO - 71.676s - Chunk 66 processed successfully. Processed 1 person events.
2025-05-25 05:26:09 - person_summary            - INFO - N/A - (Stage 2.1) Person attitude analysis for chunk 66 started
2025-05-25 05:26:09 - person_summary            - INFO - N/A - Sentiment history found for person Gautam Adani in chunk 66.
2025-05-25 05:26:22 - inconsistency_detection   - INFO - 75.953s - Successfully got comment
2025-05-25 05:26:22 - inconsistency_detection   - INFO - 75.984s - Chunk 64 processed successfully. Processed 1 person events.
2025-05-25 05:26:22 - person_summary            - INFO - N/A - (Stage 2.1) Person attitude analysis for chunk 64 started
2025-05-25 05:26:22 - person_summary            - INFO - N/A - Sentiment history found for person Unspecified in chunk 64.
2025-05-25 05:26:36 - event_classifier          - WARNING - N/A - Received invalid JSON response: Expecting ',' delimiter: line 9 column 2 (char 330). Attempting to fix...
2025-05-25 05:26:36 - event_classifier          - WARNING - N/A - Failed parsing code block content with substring method
2025-05-25 05:26:36 - event_classifier          - WARNING - N/A - Failed to extract with regex: Unterminated string starting at: line 1 column 198 (char 197)
2025-05-25 05:26:36 - event_classifier          - INFO - 46.725s - Chunk 62 processed, (1) general events, (1) opinions.
2025-05-25 05:26:36 - event_scoring             - INFO - N/A - (Stage 1) Event scoring for chunk 62 started
2025-05-25 05:26:36 - sentiment_analysis        - INFO - N/A - (Stage 1) Sentiment analysis for chunk 62 started
2025-05-25 05:26:45 - person_summary            - INFO - 46.351s - Successfully got comment
2025-05-25 05:26:45 - person_summary            - INFO - 46.425s - Chunk 63 processed successfully. Processed 1 person events.
2025-05-25 05:26:45 - opinion_scoring           - INFO - N/A - (Stage 3) Opinion scoring for chunk 63 started
2025-05-25 05:26:53 - person_summary            - INFO - 44.134s - Successfully got comment
2025-05-25 05:26:53 - person_summary            - INFO - 44.164s - Chunk 66 processed successfully. Processed 1 person events.
2025-05-25 05:26:53 - opinion_scoring           - INFO - N/A - (Stage 3) Opinion scoring for chunk 66 started
2025-05-25 05:26:57 - person_summary            - INFO - 35.392s - Successfully got comment
2025-05-25 05:26:57 - person_summary            - INFO - 35.428s - Chunk 64 processed successfully. Processed 1 person events.
2025-05-25 05:26:57 - opinion_scoring           - INFO - N/A - (Stage 3) Opinion scoring for chunk 64 started
2025-05-25 05:27:06 - event_scoring             - INFO - 30.467s - Successfully calculated event scores
2025-05-25 05:27:06 - event_scoring             - INFO - 30.467s - Chunk 62 processed successfully. Processed 1 general events.
2025-05-25 05:27:08 - sentiment_analysis        - INFO - 32.264s - Successfully got sentiment score
2025-05-25 05:27:08 - sentiment_analysis        - INFO - 32.264s - Chunk 62 processed successfully. Processed 1 person events.
2025-05-25 05:27:08 - inconsistency_detection   - INFO - N/A - (Stage 2) Inconsistency analysis for chunk 62 started
2025-05-25 05:27:08 - inconsistency_detection   - INFO - 0.012s - Chunk 62 processed successfully. Processed 1 person events.
2025-05-25 05:27:08 - person_summary            - INFO - N/A - (Stage 2.1) Person attitude analysis for chunk 62 started
2025-05-25 05:27:08 - person_summary            - INFO - N/A - Missing person ID for person_event 1 in chunk 62.
2025-05-25 05:27:08 - person_summary            - INFO - N/A - No sentiment history found for person Dave Jones in chunk 62, generating new.
2025-05-25 05:27:14 - opinion_scoring           - INFO - 28.741s - Successfully calculated opinion scores
2025-05-25 05:27:14 - opinion_scoring           - INFO - 28.742s - Chunk 63 processed successfully. Processed 1 person events.
2025-05-25 05:27:14 - write_node                - INFO - N/A - (Stage 3) Scores without inconsistency case
2025-05-25 05:27:14 - write_node                - ERROR - N/A - Opinion scores not saved correctly for ID 78: hotness: expected 0.7749999999999999, got 0.775
2025-05-25 05:27:14 - write_node                - INFO - N/A - (Stage 2.1) Summary/attitude full case
2025-05-25 05:27:14 - write_node                - ERROR - N/A - Error processing person event: add_attitude_full() got an unexpected keyword argument 'is_expert_flag'
2025-05-25 05:27:14 - write_node                - INFO - N/A - Chunk 63 marked as processed
2025-05-25 05:27:15 - event_classifier          - INFO - N/A - (Stage 0) Processing chunk 60 started
2025-05-25 05:27:20 - opinion_scoring           - INFO - 26.127s - Successfully calculated opinion scores
2025-05-25 05:27:20 - opinion_scoring           - INFO - 26.127s - Chunk 66 processed successfully. Processed 1 person events.
2025-05-25 05:27:20 - write_node                - INFO - N/A - (Stage 3) Scored case
2025-05-25 05:27:20 - write_node                - INFO - N/A - (Stage 2.1) Summary/attitude full case
2025-05-25 05:27:20 - write_node                - ERROR - N/A - Error processing person event: add_attitude_full() got an unexpected keyword argument 'is_expert_flag'
2025-05-25 05:27:20 - write_node                - INFO - N/A - Chunk 66 marked as processed
2025-05-25 05:27:20 - event_classifier          - INFO - N/A - (Stage 0) Processing chunk 61 started
2025-05-25 05:27:25 - opinion_scoring           - INFO - 27.926s - Successfully calculated opinion scores
2025-05-25 05:27:25 - opinion_scoring           - INFO - 27.926s - Chunk 64 processed successfully. Processed 1 person events.
2025-05-25 05:27:25 - write_node                - INFO - N/A - (Stage 3) Scored case
2025-05-25 05:27:25 - write_node                - ERROR - N/A - Opinion scores not saved correctly for ID 80: hotness: expected 0.7749999999999999, got 0.775
2025-05-25 05:27:25 - write_node                - INFO - N/A - (Stage 2.1) Summary/attitude full case
2025-05-25 05:27:25 - write_node                - ERROR - N/A - Error processing person event: add_attitude_full() got an unexpected keyword argument 'is_expert_flag'
2025-05-25 05:27:25 - write_node                - INFO - N/A - Chunk 64 marked as processed
2025-05-25 05:27:26 - event_classifier          - INFO - N/A - (Stage 0) Processing chunk 59 started
2025-05-25 05:27:35 - person_summary            - INFO - 27.212s - Successfully got comment
2025-05-25 05:27:35 - person_summary            - INFO - 27.213s - Chunk 62 processed successfully. Processed 1 person events.
2025-05-25 05:27:35 - opinion_scoring           - INFO - N/A - (Stage 3) Opinion scoring for chunk 62 started
2025-05-25 05:27:49 - event_classifier          - WARNING - N/A - Received invalid JSON response: Expecting ',' delimiter: line 9 column 2 (char 426). Attempting to fix...
2025-05-25 05:27:49 - event_classifier          - WARNING - N/A - Failed parsing code block content with substring method
2025-05-25 05:27:49 - event_classifier          - WARNING - N/A - Failed to extract with regex: Unterminated string starting at: line 1 column 207 (char 206)
2025-05-25 05:27:49 - event_classifier          - INFO - 34.424s - Chunk 60 processed, (1) general events, (1) opinions.
2025-05-25 05:27:49 - event_scoring             - INFO - N/A - (Stage 1) Event scoring for chunk 60 started
2025-05-25 05:27:49 - sentiment_analysis        - INFO - N/A - (Stage 1) Sentiment analysis for chunk 60 started
2025-05-25 05:28:03 - event_classifier          - WARNING - N/A - Received invalid JSON response: Expecting ',' delimiter: line 9 column 2 (char 428). Attempting to fix...
2025-05-25 05:28:03 - event_classifier          - WARNING - N/A - Failed parsing code block content with substring method
2025-05-25 05:28:03 - event_classifier          - INFO - N/A - Successfully reconstructed JSON with regex field extraction
2025-05-25 05:28:03 - event_classifier          - INFO - 42.624s - Chunk 61 processed, (1) general events, (1) opinions.
2025-05-25 05:28:03 - event_scoring             - INFO - N/A - (Stage 1) Event scoring for chunk 61 started
2025-05-25 05:28:03 - sentiment_analysis        - INFO - N/A - (Stage 1) Sentiment analysis for chunk 61 started
2025-05-25 05:28:14 - event_classifier          - WARNING - N/A - Received invalid JSON response: Expecting ',' delimiter: line 9 column 2 (char 346). Attempting to fix...
2025-05-25 05:28:14 - event_classifier          - WARNING - N/A - Failed parsing code block content with substring method
2025-05-25 05:28:14 - event_classifier          - INFO - N/A - Successfully reconstructed JSON with regex field extraction
2025-05-25 05:28:14 - event_classifier          - INFO - 48.428s - Chunk 59 processed, (1) general events, (1) opinions.
2025-05-25 05:28:14 - event_scoring             - INFO - N/A - (Stage 1) Event scoring for chunk 59 started
2025-05-25 05:28:14 - sentiment_analysis        - INFO - N/A - (Stage 1) Sentiment analysis for chunk 59 started
2025-05-25 05:28:20 - opinion_scoring           - INFO - 45.027s - Successfully calculated opinion scores
2025-05-25 05:28:20 - opinion_scoring           - INFO - 45.028s - Chunk 62 processed successfully. Processed 1 person events.
2025-05-25 05:28:20 - write_node                - ERROR - N/A - Event scores not saved correctly: Expected 1.0, 0.9, 0.8, 0.8799999999999999 but got 1.0, 0.9, 0.8, 0.88
2025-05-25 05:28:20 - write_node                - INFO - N/A - (Stage 3) Scores without inconsistency case
2025-05-25 05:28:20 - write_node                - INFO - N/A - (Stage 2.1) Summary/attitude full case
2025-05-25 05:28:20 - write_node                - ERROR - N/A - Error processing person event: add_attitude_full() got an unexpected keyword argument 'is_expert_flag'
2025-05-25 05:28:20 - write_node                - INFO - N/A - Chunk 62 marked as processed
2025-05-25 05:28:21 - event_classifier          - INFO - N/A - (Stage 0) Processing chunk 54 started
2025-05-25 05:28:28 - event_scoring             - INFO - 38.422s - Successfully calculated event scores
2025-05-25 05:28:28 - event_scoring             - INFO - 38.422s - Chunk 60 processed successfully. Processed 1 general events.
2025-05-25 05:28:29 - sentiment_analysis        - INFO - 40.229s - Successfully got sentiment score
2025-05-25 05:28:29 - sentiment_analysis        - INFO - 40.230s - Chunk 60 processed successfully. Processed 1 person events.
2025-05-25 05:28:29 - inconsistency_detection   - INFO - N/A - (Stage 2) Inconsistency analysis for chunk 60 started
2025-05-25 05:28:29 - inconsistency_detection   - INFO - 0.031s - Chunk 60 processed successfully. Processed 1 person events.
2025-05-25 05:28:29 - person_summary            - INFO - N/A - (Stage 2.1) Person attitude analysis for chunk 60 started
2025-05-25 05:28:30 - person_summary            - INFO - N/A - Sentiment history found for person Fatih Birol in chunk 60.
2025-05-25 05:28:38 - event_scoring             - INFO - 34.701s - Successfully calculated event scores
2025-05-25 05:28:38 - event_scoring             - INFO - 34.702s - Chunk 61 processed successfully. Processed 1 general events.
2025-05-25 05:28:40 - sentiment_analysis        - INFO - 36.608s - Successfully got sentiment score
2025-05-25 05:28:40 - sentiment_analysis        - INFO - 36.608s - Chunk 61 processed successfully. Processed 1 person events.
2025-05-25 05:28:40 - inconsistency_detection   - INFO - N/A - (Stage 2) Inconsistency analysis for chunk 61 started
2025-05-25 05:28:47 - event_scoring             - INFO - 32.883s - Successfully calculated event scores
2025-05-25 05:28:47 - event_scoring             - INFO - 32.883s - Chunk 59 processed successfully. Processed 1 general events.
2025-05-25 05:28:49 - sentiment_analysis        - INFO - 34.757s - Successfully got sentiment score
2025-05-25 05:28:49 - sentiment_analysis        - INFO - 34.757s - Chunk 59 processed successfully. Processed 1 person events.
2025-05-25 05:28:49 - inconsistency_detection   - INFO - N/A - (Stage 2) Inconsistency analysis for chunk 59 started
2025-05-25 05:28:49 - inconsistency_detection   - INFO - 0.012s - Chunk 59 processed successfully. Processed 1 person events.
2025-05-25 05:28:49 - person_summary            - INFO - N/A - (Stage 2.1) Person attitude analysis for chunk 59 started
2025-05-25 05:28:49 - person_summary            - INFO - N/A - Missing person ID for person_event 1 in chunk 59.
2025-05-25 05:28:49 - person_summary            - INFO - N/A - No sentiment history found for person Curtis (Senate Candidate) in chunk 59, generating new.
2025-05-25 05:29:03 - event_classifier          - WARNING - N/A - Received invalid JSON response: Invalid control character at: line 8 column 149 (char 360). Attempting to fix...
2025-05-25 05:29:03 - event_classifier          - WARNING - N/A - Failed parsing code block content with substring method
2025-05-25 05:29:03 - event_classifier          - WARNING - N/A - Failed to extract with regex: Unterminated string starting at: line 1 column 209 (char 208)
2025-05-25 05:29:03 - event_classifier          - INFO - 42.254s - Chunk 54 processed, (1) general events, (1) opinions.
2025-05-25 05:29:03 - event_scoring             - INFO - N/A - (Stage 1) Event scoring for chunk 54 started
2025-05-25 05:29:03 - sentiment_analysis        - INFO - N/A - (Stage 1) Sentiment analysis for chunk 54 started
2025-05-25 05:29:11 - person_summary            - INFO - 41.371s - Successfully got comment
2025-05-25 05:29:11 - person_summary            - INFO - 41.405s - Chunk 60 processed successfully. Processed 1 person events.
2025-05-25 05:29:11 - opinion_scoring           - INFO - N/A - (Stage 3) Opinion scoring for chunk 60 started
2025-05-25 05:29:24 - person_summary            - INFO - 35.629s - Successfully got comment
2025-05-25 05:29:24 - person_summary            - INFO - 35.629s - Chunk 59 processed successfully. Processed 1 person events.
2025-05-25 05:29:24 - opinion_scoring           - INFO - N/A - (Stage 3) Opinion scoring for chunk 59 started
2025-05-25 05:29:33 - event_scoring             - INFO - 30.201s - Successfully calculated event scores
2025-05-25 05:29:33 - event_scoring             - INFO - 30.201s - Chunk 54 processed successfully. Processed 1 general events.
2025-05-25 05:29:35 - sentiment_analysis        - INFO - 32.108s - Successfully got sentiment score
2025-05-25 05:29:35 - sentiment_analysis        - INFO - 32.109s - Chunk 54 processed successfully. Processed 1 person events.
2025-05-25 05:29:35 - inconsistency_detection   - INFO - N/A - (Stage 2) Inconsistency analysis for chunk 54 started
2025-05-25 05:29:35 - inconsistency_detection   - INFO - 0.000s - Chunk 54 processed successfully. Processed 1 person events.
2025-05-25 05:29:35 - person_summary            - INFO - N/A - (Stage 2.1) Person attitude analysis for chunk 54 started
2025-05-25 05:29:35 - person_summary            - INFO - N/A - Missing person ID for person_event 1 in chunk 54.
2025-05-25 05:29:35 - person_summary            - INFO - N/A - No sentiment history found for person Richard Hudson in chunk 54, generating new.
2025-05-25 05:29:42 - opinion_scoring           - INFO - 30.900s - Successfully calculated opinion scores
2025-05-25 05:29:42 - opinion_scoring           - INFO - 30.900s - Chunk 60 processed successfully. Processed 1 person events.
2025-05-25 05:29:42 - write_node                - INFO - N/A - (Stage 3) Scored case
2025-05-25 05:29:42 - write_node                - ERROR - N/A - Opinion scores not saved correctly for ID 82: hotness: expected 0.7749999999999999, got 0.775
2025-05-25 05:29:42 - write_node                - INFO - N/A - (Stage 2.1) Summary/attitude full case
2025-05-25 05:29:42 - write_node                - ERROR - N/A - Error processing person event: add_attitude_full() got an unexpected keyword argument 'is_expert_flag'
2025-05-25 05:29:42 - write_node                - INFO - N/A - Chunk 60 marked as processed
2025-05-25 05:29:42 - event_classifier          - INFO - N/A - (Stage 0) Processing chunk 55 started
2025-05-25 05:29:52 - inconsistency_detection   - INFO - 72.448s - Successfully got comment
2025-05-25 05:29:52 - inconsistency_detection   - INFO - 72.479s - Chunk 61 processed successfully. Processed 1 person events.
2025-05-25 05:29:52 - person_summary            - INFO - N/A - (Stage 2.1) Person attitude analysis for chunk 61 started
2025-05-25 05:29:52 - person_summary            - INFO - N/A - Sentiment history found for person Unspecified in chunk 61.
2025-05-25 05:29:58 - opinion_scoring           - INFO - 33.708s - Successfully calculated opinion scores
2025-05-25 05:29:58 - opinion_scoring           - INFO - 33.708s - Chunk 59 processed successfully. Processed 1 person events.
2025-05-25 05:29:58 - write_node                - INFO - N/A - (Stage 3) Scores without inconsistency case
2025-05-25 05:29:58 - write_node                - INFO - N/A - (Stage 2.1) Summary/attitude full case
2025-05-25 05:29:58 - write_node                - ERROR - N/A - Error processing person event: add_attitude_full() got an unexpected keyword argument 'is_expert_flag'
2025-05-25 05:29:58 - write_node                - INFO - N/A - Chunk 59 marked as processed
2025-05-25 05:29:59 - event_classifier          - INFO - N/A - (Stage 0) Processing chunk 56 started
2025-05-25 05:30:07 - person_summary            - INFO - 31.381s - Successfully got comment
2025-05-25 05:30:07 - person_summary            - INFO - 31.382s - Chunk 54 processed successfully. Processed 1 person events.
2025-05-25 05:30:07 - opinion_scoring           - INFO - N/A - (Stage 3) Opinion scoring for chunk 54 started
2025-05-25 05:30:20 - event_classifier          - WARNING - N/A - Received invalid JSON response: Expecting ',' delimiter: line 9 column 2 (char 428). Attempting to fix...
2025-05-25 05:30:20 - event_classifier          - WARNING - N/A - Failed parsing code block content with substring method
2025-05-25 05:30:20 - event_classifier          - INFO - N/A - Successfully reconstructed JSON with regex field extraction
2025-05-25 05:30:20 - event_classifier          - INFO - 37.696s - Chunk 55 processed, (1) general events, (1) opinions.
2025-05-25 05:30:20 - event_scoring             - INFO - N/A - (Stage 1) Event scoring for chunk 55 started
2025-05-25 05:30:20 - sentiment_analysis        - INFO - N/A - (Stage 1) Sentiment analysis for chunk 55 started
2025-05-25 05:30:29 - person_summary            - INFO - 37.220s - Successfully got comment
2025-05-25 05:30:29 - person_summary            - INFO - 37.251s - Chunk 61 processed successfully. Processed 1 person events.
2025-05-25 05:30:29 - opinion_scoring           - INFO - N/A - (Stage 3) Opinion scoring for chunk 61 started
2025-05-25 05:30:43 - event_classifier          - WARNING - N/A - Received invalid JSON response: Expecting ',' delimiter: line 9 column 2 (char 339). Attempting to fix...
2025-05-25 05:30:43 - event_classifier          - WARNING - N/A - Failed parsing code block content with substring method
2025-05-25 05:30:43 - event_classifier          - WARNING - N/A - Failed to extract with regex: Unterminated string starting at: line 1 column 212 (char 211)
2025-05-25 05:30:43 - event_classifier          - INFO - 43.844s - Chunk 56 processed, (1) general events, (1) opinions.
2025-05-25 05:30:43 - event_scoring             - INFO - N/A - (Stage 1) Event scoring for chunk 56 started
2025-05-25 05:30:43 - sentiment_analysis        - INFO - N/A - (Stage 1) Sentiment analysis for chunk 56 started
2025-05-25 05:30:49 - opinion_scoring           - INFO - 42.238s - Successfully calculated opinion scores
2025-05-25 05:30:49 - opinion_scoring           - INFO - 42.238s - Chunk 54 processed successfully. Processed 1 person events.
2025-05-25 05:30:49 - write_node                - INFO - N/A - (Stage 3) Scores without inconsistency case
2025-05-25 05:30:49 - write_node                - ERROR - N/A - Opinion scores not saved correctly for ID 84: hotness: expected 0.7849999999999999, got 0.785
2025-05-25 05:30:49 - write_node                - INFO - N/A - (Stage 2.1) Summary/attitude full case
2025-05-25 05:30:49 - write_node                - ERROR - N/A - Error processing person event: add_attitude_full() got an unexpected keyword argument 'is_expert_flag'
2025-05-25 05:30:49 - write_node                - INFO - N/A - Chunk 54 marked as processed
2025-05-25 05:30:49 - event_classifier          - INFO - N/A - (Stage 0) Processing chunk 57 started
2025-05-25 05:30:56 - event_scoring             - INFO - 35.779s - Successfully calculated event scores
2025-05-25 05:30:56 - event_scoring             - INFO - 35.780s - Chunk 55 processed successfully. Processed 1 general events.
2025-05-25 05:30:58 - sentiment_analysis        - INFO - 37.562s - Successfully got sentiment score
2025-05-25 05:30:58 - sentiment_analysis        - INFO - 37.562s - Chunk 55 processed successfully. Processed 1 person events.
2025-05-25 05:30:58 - inconsistency_detection   - INFO - N/A - (Stage 2) Inconsistency analysis for chunk 55 started
2025-05-25 05:30:58 - inconsistency_detection   - INFO - 0.016s - Chunk 55 processed successfully. Processed 1 person events.
2025-05-25 05:30:58 - person_summary            - INFO - N/A - (Stage 2.1) Person attitude analysis for chunk 55 started
2025-05-25 05:30:58 - person_summary            - INFO - N/A - Missing person ID for person_event 1 in chunk 55.
2025-05-25 05:30:58 - person_summary            - INFO - N/A - No sentiment history found for person Barry Loudermilk in chunk 55, generating new.
2025-05-25 05:31:05 - opinion_scoring           - INFO - 35.529s - Successfully calculated opinion scores
2025-05-25 05:31:05 - opinion_scoring           - INFO - 35.529s - Chunk 61 processed successfully. Processed 1 person events.
2025-05-25 05:31:05 - write_node                - ERROR - N/A - Event scores not saved correctly: Expected 0.85, 0.75, 0.6, 0.7124999999999999 but got 0.85, 0.75, 0.6, 0.7125
2025-05-25 05:31:05 - write_node                - INFO - N/A - (Stage 3) Scored case
2025-05-25 05:31:05 - write_node                - INFO - N/A - (Stage 2.1) Summary/attitude full case
2025-05-25 05:31:05 - write_node                - ERROR - N/A - Error processing person event: add_attitude_full() got an unexpected keyword argument 'is_expert_flag'
2025-05-25 05:31:05 - write_node                - INFO - N/A - Chunk 61 marked as processed
2025-05-25 05:31:06 - event_classifier          - INFO - N/A - (Stage 0) Processing chunk 58 started
2025-05-25 05:31:13 - event_scoring             - INFO - 30.568s - Successfully calculated event scores
2025-05-25 05:31:13 - event_scoring             - INFO - 30.568s - Chunk 56 processed successfully. Processed 1 general events.
2025-05-25 05:31:15 - sentiment_analysis        - INFO - 32.358s - Successfully got sentiment score
2025-05-25 05:31:15 - sentiment_analysis        - INFO - 32.358s - Chunk 56 processed successfully. Processed 1 person events.
2025-05-25 05:31:15 - inconsistency_detection   - INFO - N/A - (Stage 2) Inconsistency analysis for chunk 56 started
2025-05-25 05:31:15 - inconsistency_detection   - INFO - 0.012s - Chunk 56 processed successfully. Processed 1 person events.
2025-05-25 05:31:15 - person_summary            - INFO - N/A - (Stage 2.1) Person attitude analysis for chunk 56 started
2025-05-25 05:31:15 - person_summary            - INFO - N/A - Missing person ID for person_event 1 in chunk 56.
2025-05-25 05:31:15 - person_summary            - INFO - N/A - No sentiment history found for person Carter in chunk 56, generating new.
2025-05-25 05:31:28 - event_classifier          - WARNING - N/A - Received invalid JSON response: Expecting ',' delimiter: line 9 column 2 (char 411). Attempting to fix...
2025-05-25 05:31:28 - event_classifier          - WARNING - N/A - Failed parsing code block content with substring method
2025-05-25 05:31:28 - event_classifier          - WARNING - N/A - Failed to extract with regex: Unterminated string starting at: line 1 column 254 (char 253)
2025-05-25 05:31:28 - event_classifier          - INFO - 38.014s - Chunk 57 processed, (1) general events, (1) opinions.
2025-05-25 05:31:28 - event_scoring             - INFO - N/A - (Stage 1) Event scoring for chunk 57 started
2025-05-25 05:31:28 - sentiment_analysis        - INFO - N/A - (Stage 1) Sentiment analysis for chunk 57 started
2025-05-25 05:31:35 - person_summary            - INFO - 37.436s - Successfully got comment
2025-05-25 05:31:35 - person_summary            - INFO - 37.436s - Chunk 55 processed successfully. Processed 1 person events.
2025-05-25 05:31:35 - opinion_scoring           - INFO - N/A - (Stage 3) Opinion scoring for chunk 55 started
2025-05-25 05:31:50 - event_classifier          - WARNING - N/A - Received invalid JSON response: Expecting ',' delimiter: line 9 column 2 (char 387). Attempting to fix...
2025-05-25 05:31:50 - event_classifier          - WARNING - N/A - Failed parsing code block content with substring method
2025-05-25 05:31:50 - event_classifier          - WARNING - N/A - Failed to extract with regex: Unterminated string starting at: line 1 column 187 (char 186)
2025-05-25 05:31:50 - event_classifier          - INFO - 44.681s - Chunk 58 processed, (1) general events, (1) opinions.
2025-05-25 05:31:50 - event_scoring             - INFO - N/A - (Stage 1) Event scoring for chunk 58 started
2025-05-25 05:31:50 - sentiment_analysis        - INFO - N/A - (Stage 1) Sentiment analysis for chunk 58 started
2025-05-25 05:32:01 - person_summary            - ERROR - N/A - Error in refinement process: 'max_length'. Falling back to truncation.
2025-05-25 05:32:01 - person_summary            - INFO - 45.730s - Successfully got comment
2025-05-25 05:32:01 - person_summary            - INFO - 45.730s - Chunk 56 processed successfully. Processed 1 person events.
2025-05-25 05:32:01 - opinion_scoring           - INFO - N/A - (Stage 3) Opinion scoring for chunk 56 started
2025-05-25 05:32:07 - event_scoring             - INFO - 39.130s - Successfully calculated event scores
2025-05-25 05:32:07 - event_scoring             - INFO - 39.130s - Chunk 57 processed successfully. Processed 1 general events.
2025-05-25 05:32:09 - sentiment_analysis        - INFO - 41.016s - Successfully got sentiment score
2025-05-25 05:32:09 - sentiment_analysis        - INFO - 41.017s - Chunk 57 processed successfully. Processed 1 person events.
2025-05-25 05:32:09 - inconsistency_detection   - INFO - N/A - (Stage 2) Inconsistency analysis for chunk 57 started
2025-05-25 05:32:09 - inconsistency_detection   - INFO - 0.013s - Chunk 57 processed successfully. Processed 1 person events.
2025-05-25 05:32:09 - person_summary            - INFO - N/A - (Stage 2.1) Person attitude analysis for chunk 57 started
2025-05-25 05:32:09 - person_summary            - INFO - N/A - Missing person ID for person_event 1 in chunk 57.
2025-05-25 05:32:09 - person_summary            - INFO - N/A - No sentiment history found for person Sarah Quillian in chunk 57, generating new.
2025-05-25 05:32:15 - opinion_scoring           - INFO - 39.655s - Successfully calculated opinion scores
2025-05-25 05:32:15 - opinion_scoring           - INFO - 39.656s - Chunk 55 processed successfully. Processed 1 person events.
2025-05-25 05:32:15 - write_node                - INFO - N/A - (Stage 3) Scores without inconsistency case
2025-05-25 05:32:15 - write_node                - ERROR - N/A - Opinion scores not saved correctly for ID 86: hotness: expected 0.6549999999999999, got 0.655
2025-05-25 05:32:15 - write_node                - INFO - N/A - (Stage 2.1) Summary/attitude full case
2025-05-25 05:32:15 - write_node                - ERROR - N/A - Error processing person event: add_attitude_full() got an unexpected keyword argument 'is_expert_flag'
2025-05-25 05:32:15 - write_node                - INFO - N/A - Chunk 55 marked as processed
2025-05-25 05:32:16 - event_classifier          - INFO - N/A - (Stage 0) Processing chunk 51 started
2025-05-25 05:32:23 - event_scoring             - INFO - 32.993s - Successfully calculated event scores
2025-05-25 05:32:23 - event_scoring             - INFO - 32.994s - Chunk 58 processed successfully. Processed 1 general events.
2025-05-25 05:32:25 - sentiment_analysis        - INFO - 34.781s - Successfully got sentiment score
2025-05-25 05:32:25 - sentiment_analysis        - INFO - 34.781s - Chunk 58 processed successfully. Processed 1 person events.
2025-05-25 05:32:25 - inconsistency_detection   - INFO - N/A - (Stage 2) Inconsistency analysis for chunk 58 started
2025-05-25 05:32:25 - inconsistency_detection   - INFO - 0.012s - Chunk 58 processed successfully. Processed 1 person events.
2025-05-25 05:32:25 - person_summary            - INFO - N/A - (Stage 2.1) Person attitude analysis for chunk 58 started
2025-05-25 05:32:25 - person_summary            - INFO - N/A - Missing person ID for person_event 1 in chunk 58.
2025-05-25 05:32:25 - person_summary            - INFO - N/A - No sentiment history found for person Scott Moskowitz in chunk 58, generating new.
2025-05-25 05:32:31 - opinion_scoring           - INFO - 30.481s - Successfully calculated opinion scores
2025-05-25 05:32:31 - opinion_scoring           - INFO - 30.482s - Chunk 56 processed successfully. Processed 1 person events.
2025-05-25 05:32:31 - write_node                - INFO - N/A - (Stage 3) Scores without inconsistency case
2025-05-25 05:32:31 - write_node                - INFO - N/A - (Stage 2.1) Summary/attitude full case
2025-05-25 05:32:31 - write_node                - ERROR - N/A - Error processing person event: add_attitude_full() got an unexpected keyword argument 'is_expert_flag'
2025-05-25 05:32:31 - write_node                - INFO - N/A - Chunk 56 marked as processed
2025-05-25 05:32:32 - event_classifier          - INFO - N/A - (Stage 0) Processing chunk 52 started
2025-05-25 05:32:36 - person_summary            - INFO - 27.831s - Successfully got comment
2025-05-25 05:32:36 - person_summary            - INFO - 27.832s - Chunk 57 processed successfully. Processed 1 person events.
2025-05-25 05:32:36 - opinion_scoring           - INFO - N/A - (Stage 3) Opinion scoring for chunk 57 started
2025-05-25 05:32:50 - event_classifier          - WARNING - N/A - Received invalid JSON response: Expecting ',' delimiter: line 9 column 2 (char 428). Attempting to fix...
2025-05-25 05:32:50 - event_classifier          - WARNING - N/A - Failed parsing code block content with substring method
2025-05-25 05:32:50 - event_classifier          - WARNING - N/A - Failed to extract with regex: Unterminated string starting at: line 1 column 221 (char 220)
2025-05-25 05:32:50 - event_classifier          - INFO - 34.749s - Chunk 51 processed, (1) general events, (1) opinions.
2025-05-25 05:32:50 - event_scoring             - INFO - N/A - (Stage 1) Event scoring for chunk 51 started
2025-05-25 05:32:50 - sentiment_analysis        - INFO - N/A - (Stage 1) Sentiment analysis for chunk 51 started
2025-05-25 05:32:59 - person_summary            - INFO - 33.706s - Successfully got comment
2025-05-25 05:32:59 - person_summary            - INFO - 33.706s - Chunk 58 processed successfully. Processed 1 person events.
2025-05-25 05:32:59 - opinion_scoring           - INFO - N/A - (Stage 3) Opinion scoring for chunk 58 started
2025-05-25 05:33:12 - event_classifier          - WARNING - N/A - Received invalid JSON response: Expecting ',' delimiter: line 9 column 2 (char 383). Attempting to fix...
2025-05-25 05:33:12 - event_classifier          - WARNING - N/A - Failed parsing code block content with substring method
2025-05-25 05:33:12 - event_classifier          - INFO - N/A - Successfully reconstructed JSON with regex field extraction
2025-05-25 05:33:12 - event_classifier          - INFO - 40.169s - Chunk 52 processed, (1) general events, (1) opinions.
2025-05-25 05:33:12 - event_scoring             - INFO - N/A - (Stage 1) Event scoring for chunk 52 started
2025-05-25 05:33:12 - sentiment_analysis        - INFO - N/A - (Stage 1) Sentiment analysis for chunk 52 started
2025-05-25 05:33:18 - opinion_scoring           - INFO - 41.834s - Successfully calculated opinion scores
2025-05-25 05:33:18 - opinion_scoring           - INFO - 41.835s - Chunk 57 processed successfully. Processed 1 person events.
2025-05-25 05:33:18 - write_node                - INFO - N/A - (Stage 3) Scores without inconsistency case
2025-05-25 05:33:18 - write_node                - INFO - N/A - (Stage 2.1) Summary/attitude full case
2025-05-25 05:33:18 - write_node                - ERROR - N/A - Error processing person event: add_attitude_full() got an unexpected keyword argument 'is_expert_flag'
2025-05-25 05:33:18 - write_node                - INFO - N/A - Chunk 57 marked as processed
2025-05-25 05:33:19 - event_classifier          - INFO - N/A - (Stage 0) Processing chunk 53 started
2025-05-25 05:33:26 - event_scoring             - INFO - 35.399s - Successfully calculated event scores
2025-05-25 05:33:26 - event_scoring             - INFO - 35.399s - Chunk 51 processed successfully. Processed 1 general events.
2025-05-25 05:33:28 - sentiment_analysis        - INFO - 37.214s - Successfully got sentiment score
2025-05-25 05:33:28 - sentiment_analysis        - INFO - 37.215s - Chunk 51 processed successfully. Processed 1 person events.
2025-05-25 05:33:28 - inconsistency_detection   - INFO - N/A - (Stage 2) Inconsistency analysis for chunk 51 started
2025-05-25 05:33:28 - inconsistency_detection   - INFO - 0.011s - Chunk 51 processed successfully. Processed 1 person events.
2025-05-25 05:33:28 - person_summary            - INFO - N/A - (Stage 2.1) Person attitude analysis for chunk 51 started
2025-05-25 05:33:28 - person_summary            - INFO - N/A - Missing person ID for person_event 1 in chunk 51.
2025-05-25 05:33:28 - person_summary            - INFO - N/A - No sentiment history found for person Tom Carper in chunk 51, generating new.
2025-05-25 05:33:34 - opinion_scoring           - INFO - 35.097s - Successfully calculated opinion scores
2025-05-25 05:33:34 - opinion_scoring           - INFO - 35.097s - Chunk 58 processed successfully. Processed 1 person events.
2025-05-25 05:33:34 - write_node                - INFO - N/A - (Stage 3) Scores without inconsistency case
2025-05-25 05:33:34 - write_node                - INFO - N/A - (Stage 2.1) Summary/attitude full case
2025-05-25 05:33:34 - write_node                - ERROR - N/A - Error processing person event: add_attitude_full() got an unexpected keyword argument 'is_expert_flag'
2025-05-25 05:33:34 - write_node                - INFO - N/A - Chunk 58 marked as processed
2025-05-25 05:33:35 - event_classifier          - INFO - N/A - (Stage 0) Processing chunk 50 started
2025-05-25 05:33:42 - event_scoring             - INFO - 29.439s - Successfully calculated event scores
2025-05-25 05:33:42 - event_scoring             - INFO - 29.439s - Chunk 52 processed successfully. Processed 1 general events.
2025-05-25 05:33:43 - sentiment_analysis        - INFO - 31.225s - Successfully got sentiment score
2025-05-25 05:33:43 - sentiment_analysis        - INFO - 31.225s - Chunk 52 processed successfully. Processed 1 person events.
2025-05-25 05:33:43 - inconsistency_detection   - INFO - N/A - (Stage 2) Inconsistency analysis for chunk 52 started
2025-05-25 05:33:43 - inconsistency_detection   - INFO - 0.012s - Chunk 52 processed successfully. Processed 1 person events.
2025-05-25 05:33:43 - person_summary            - INFO - N/A - (Stage 2.1) Person attitude analysis for chunk 52 started
2025-05-25 05:33:43 - person_summary            - INFO - N/A - Missing person ID for person_event 1 in chunk 52.
2025-05-25 05:33:43 - person_summary            - INFO - N/A - No sentiment history found for person Bill Gates in chunk 52, generating new.
2025-05-25 05:33:59 - event_classifier          - WARNING - N/A - Received invalid JSON response: Expecting ',' delimiter: line 9 column 2 (char 591). Attempting to fix...
2025-05-25 05:33:59 - event_classifier          - WARNING - N/A - Failed parsing code block content with substring method
2025-05-25 05:33:59 - event_classifier          - WARNING - N/A - Failed to extract with regex: Unterminated string starting at: line 1 column 318 (char 317)
2025-05-25 05:33:59 - event_classifier          - INFO - 39.689s - Chunk 53 processed, (1) general events, (1) opinions.
2025-05-25 05:33:59 - event_scoring             - INFO - N/A - (Stage 1) Event scoring for chunk 53 started
2025-05-25 05:33:59 - sentiment_analysis        - INFO - N/A - (Stage 1) Sentiment analysis for chunk 53 started
2025-05-25 05:34:07 - person_summary            - INFO - 39.014s - Successfully got comment
2025-05-25 05:34:07 - person_summary            - INFO - 39.016s - Chunk 51 processed successfully. Processed 1 person events.
2025-05-25 05:34:07 - opinion_scoring           - INFO - N/A - (Stage 3) Opinion scoring for chunk 51 started
2025-05-25 05:34:21 - event_classifier          - WARNING - N/A - Received invalid JSON response: Expecting ',' delimiter: line 9 column 2 (char 513). Attempting to fix...
2025-05-25 05:34:21 - event_classifier          - WARNING - N/A - Failed parsing code block content with substring method
2025-05-25 05:34:21 - event_classifier          - WARNING - N/A - Failed to extract with regex: Unterminated string starting at: line 1 column 278 (char 277)
2025-05-25 05:34:21 - event_classifier          - INFO - 46.871s - Chunk 50 processed, (1) general events, (1) opinions.
2025-05-25 05:34:21 - event_scoring             - INFO - N/A - (Stage 1) Event scoring for chunk 50 started
2025-05-25 05:34:21 - sentiment_analysis        - INFO - N/A - (Stage 1) Sentiment analysis for chunk 50 started
2025-05-25 05:34:30 - person_summary            - INFO - 46.813s - Successfully got comment
2025-05-25 05:34:30 - person_summary            - INFO - 46.814s - Chunk 52 processed successfully. Processed 1 person events.
2025-05-25 05:34:30 - opinion_scoring           - INFO - N/A - (Stage 3) Opinion scoring for chunk 52 started
2025-05-25 05:34:37 - event_scoring             - INFO - 38.424s - Successfully calculated event scores
2025-05-25 05:34:37 - event_scoring             - INFO - 38.425s - Chunk 53 processed successfully. Processed 1 general events.
2025-05-25 05:34:39 - sentiment_analysis        - INFO - 40.302s - Successfully got sentiment score
2025-05-25 05:34:39 - sentiment_analysis        - INFO - 40.302s - Chunk 53 processed successfully. Processed 1 person events.
2025-05-25 05:34:39 - inconsistency_detection   - INFO - N/A - (Stage 2) Inconsistency analysis for chunk 53 started
2025-05-25 05:34:39 - inconsistency_detection   - INFO - 0.013s - Chunk 53 processed successfully. Processed 1 person events.
2025-05-25 05:34:39 - person_summary            - INFO - N/A - (Stage 2.1) Person attitude analysis for chunk 53 started
2025-05-25 05:34:39 - person_summary            - INFO - N/A - Missing person ID for person_event 1 in chunk 53.
2025-05-25 05:34:39 - person_summary            - INFO - N/A - No sentiment history found for person Shelley Moore Capito in chunk 53, generating new.
2025-05-25 05:34:46 - opinion_scoring           - INFO - 38.998s - Successfully calculated opinion scores
2025-05-25 05:34:46 - opinion_scoring           - INFO - 38.998s - Chunk 51 processed successfully. Processed 1 person events.
2025-05-25 05:34:46 - write_node                - INFO - N/A - (Stage 3) Scores without inconsistency case
2025-05-25 05:34:46 - write_node                - ERROR - N/A - Opinion scores not saved correctly for ID 90: hotness: expected 0.7749999999999999, got 0.775
2025-05-25 05:34:46 - write_node                - INFO - N/A - (Stage 2.1) Summary/attitude full case
2025-05-25 05:34:46 - write_node                - ERROR - N/A - Error processing person event: add_attitude_full() got an unexpected keyword argument 'is_expert_flag'
2025-05-25 05:34:46 - write_node                - INFO - N/A - Chunk 51 marked as processed
2025-05-25 05:34:46 - event_classifier          - INFO - N/A - (Stage 0) Processing chunk 49 started
2025-05-25 05:34:52 - event_scoring             - INFO - 30.411s - Successfully calculated event scores
2025-05-25 05:34:52 - event_scoring             - INFO - 30.411s - Chunk 50 processed successfully. Processed 1 general events.
2025-05-25 05:34:54 - sentiment_analysis        - INFO - 32.318s - Successfully got sentiment score
2025-05-25 05:34:54 - sentiment_analysis        - INFO - 32.318s - Chunk 50 processed successfully. Processed 1 person events.
2025-05-25 05:34:54 - inconsistency_detection   - INFO - N/A - (Stage 2) Inconsistency analysis for chunk 50 started
2025-05-25 05:34:54 - inconsistency_detection   - INFO - 0.011s - Chunk 50 processed successfully. Processed 1 person events.
2025-05-25 05:34:54 - person_summary            - INFO - N/A - (Stage 2.1) Person attitude analysis for chunk 50 started
2025-05-25 05:34:54 - person_summary            - INFO - N/A - Missing person ID for person_event 1 in chunk 50.
2025-05-25 05:34:54 - person_summary            - INFO - N/A - No sentiment history found for person Alessandro Rizzi in chunk 50, generating new.
2025-05-25 05:35:00 - opinion_scoring           - INFO - 29.759s - Successfully calculated opinion scores
2025-05-25 05:35:00 - opinion_scoring           - INFO - 29.759s - Chunk 52 processed successfully. Processed 1 person events.
2025-05-25 05:35:00 - write_node                - INFO - N/A - (Stage 3) Scores without inconsistency case
2025-05-25 05:35:00 - write_node                - ERROR - N/A - Opinion scores not saved correctly for ID 91: hotness: expected 0.7749999999999999, got 0.775
2025-05-25 05:35:00 - write_node                - INFO - N/A - (Stage 2.1) Summary/attitude full case
2025-05-25 05:35:00 - write_node                - ERROR - N/A - Error processing person event: add_attitude_full() got an unexpected keyword argument 'is_expert_flag'
2025-05-25 05:35:00 - write_node                - INFO - N/A - Chunk 52 marked as processed
2025-05-25 05:35:01 - event_classifier          - INFO - N/A - (Stage 0) Processing chunk 46 started
2025-05-25 05:35:06 - person_summary            - INFO - 27.521s - Successfully got comment
2025-05-25 05:35:06 - person_summary            - INFO - 27.522s - Chunk 53 processed successfully. Processed 1 person events.
2025-05-25 05:35:06 - opinion_scoring           - INFO - N/A - (Stage 3) Opinion scoring for chunk 53 started
2025-05-25 05:35:23 - event_classifier          - WARNING - N/A - Received invalid JSON response: Expecting ',' delimiter: line 9 column 2 (char 459). Attempting to fix...
2025-05-25 05:35:23 - event_classifier          - WARNING - N/A - Failed parsing code block content with substring method
2025-05-25 05:35:23 - event_classifier          - WARNING - N/A - Failed to extract with regex: Unterminated string starting at: line 1 column 246 (char 245)
2025-05-25 05:35:23 - event_classifier          - INFO - 36.839s - Chunk 49 processed, (1) general events, (1) opinions.
2025-05-25 05:35:23 - event_scoring             - INFO - N/A - (Stage 1) Event scoring for chunk 49 started
2025-05-25 05:35:23 - sentiment_analysis        - INFO - N/A - (Stage 1) Sentiment analysis for chunk 49 started
2025-05-25 05:35:29 - person_summary            - INFO - 35.394s - Successfully got comment
2025-05-25 05:35:29 - person_summary            - INFO - 35.395s - Chunk 50 processed successfully. Processed 1 person events.
2025-05-25 05:35:29 - opinion_scoring           - INFO - N/A - (Stage 3) Opinion scoring for chunk 50 started
2025-05-25 05:35:43 - event_classifier          - WARNING - N/A - Received invalid JSON response: Expecting ',' delimiter: line 9 column 2 (char 396). Attempting to fix...
2025-05-25 05:35:43 - event_classifier          - WARNING - N/A - Failed parsing code block content with substring method
2025-05-25 05:35:43 - event_classifier          - INFO - N/A - Successfully reconstructed JSON with regex field extraction
2025-05-25 05:35:43 - event_classifier          - INFO - 42.315s - Chunk 46 processed, (1) general events, (1) opinions.
2025-05-25 05:35:43 - event_scoring             - INFO - N/A - (Stage 1) Event scoring for chunk 46 started
2025-05-25 05:35:43 - sentiment_analysis        - INFO - N/A - (Stage 1) Sentiment analysis for chunk 46 started
2025-05-25 05:35:49 - opinion_scoring           - INFO - 42.833s - Successfully calculated opinion scores
2025-05-25 05:35:49 - opinion_scoring           - INFO - 42.834s - Chunk 53 processed successfully. Processed 1 person events.
2025-05-25 05:35:49 - write_node                - INFO - N/A - (Stage 3) Scores without inconsistency case
2025-05-25 05:35:49 - write_node                - INFO - N/A - (Stage 2.1) Summary/attitude full case
2025-05-25 05:35:49 - write_node                - ERROR - N/A - Error processing person event: add_attitude_full() got an unexpected keyword argument 'is_expert_flag'
2025-05-25 05:35:49 - write_node                - INFO - N/A - Chunk 53 marked as processed
2025-05-25 05:35:50 - event_classifier          - INFO - N/A - (Stage 0) Processing chunk 45 started
2025-05-25 05:35:58 - event_scoring             - INFO - 34.871s - Successfully calculated event scores
2025-05-25 05:35:58 - event_scoring             - INFO - 34.871s - Chunk 49 processed successfully. Processed 1 general events.
2025-05-25 05:36:00 - sentiment_analysis        - INFO - 36.669s - Successfully got sentiment score
2025-05-25 05:36:00 - sentiment_analysis        - INFO - 36.669s - Chunk 49 processed successfully. Processed 1 person events.
2025-05-25 05:36:00 - inconsistency_detection   - INFO - N/A - (Stage 2) Inconsistency analysis for chunk 49 started
2025-05-25 05:36:00 - inconsistency_detection   - INFO - 0.011s - Chunk 49 processed successfully. Processed 1 person events.
2025-05-25 05:36:00 - person_summary            - INFO - N/A - (Stage 2.1) Person attitude analysis for chunk 49 started
2025-05-25 05:36:00 - person_summary            - INFO - N/A - Missing person ID for person_event 1 in chunk 49.
2025-05-25 05:36:00 - person_summary            - INFO - N/A - No sentiment history found for person Alberto Rizzi in chunk 49, generating new.
2025-05-25 05:36:07 - opinion_scoring           - INFO - 37.377s - Successfully calculated opinion scores
2025-05-25 05:36:07 - opinion_scoring           - INFO - 37.378s - Chunk 50 processed successfully. Processed 1 person events.
2025-05-25 05:36:07 - write_node                - INFO - N/A - (Stage 3) Scores without inconsistency case
2025-05-25 05:36:07 - write_node                - INFO - N/A - (Stage 2.1) Summary/attitude full case
2025-05-25 05:36:07 - write_node                - ERROR - N/A - Error processing person event: add_attitude_full() got an unexpected keyword argument 'is_expert_flag'
2025-05-25 05:36:07 - write_node                - INFO - N/A - Chunk 50 marked as processed
2025-05-25 05:36:07 - event_classifier          - INFO - N/A - (Stage 0) Processing chunk 44 started
2025-05-25 05:36:15 - event_scoring             - INFO - 32.033s - Successfully calculated event scores
2025-05-25 05:36:15 - event_scoring             - INFO - 32.034s - Chunk 46 processed successfully. Processed 1 general events.
2025-05-25 05:36:17 - sentiment_analysis        - INFO - 33.825s - Successfully got sentiment score
2025-05-25 05:36:17 - sentiment_analysis        - INFO - 33.826s - Chunk 46 processed successfully. Processed 1 person events.
2025-05-25 05:36:17 - inconsistency_detection   - INFO - N/A - (Stage 2) Inconsistency analysis for chunk 46 started
2025-05-25 05:36:17 - inconsistency_detection   - INFO - 0.012s - Chunk 46 processed successfully. Processed 1 person events.
2025-05-25 05:36:17 - person_summary            - INFO - N/A - (Stage 2.1) Person attitude analysis for chunk 46 started
2025-05-25 05:36:17 - person_summary            - INFO - N/A - Missing person ID for person_event 1 in chunk 46.
2025-05-25 05:36:17 - person_summary            - INFO - N/A - No sentiment history found for person Biden Administration in chunk 46, generating new.
2025-05-25 05:36:37 - event_classifier          - WARNING - N/A - Received invalid JSON response: Invalid control character at: line 8 column 408 (char 629). Attempting to fix...
2025-05-25 05:36:37 - event_classifier          - WARNING - N/A - Failed parsing code block content with substring method
2025-05-25 05:36:37 - event_classifier          - WARNING - N/A - Failed to extract with regex: Unterminated string starting at: line 1 column 219 (char 218)
2025-05-25 05:36:47 - person_summary            - INFO - 46.677s - Successfully got comment
2025-05-25 05:36:47 - person_summary            - INFO - 46.678s - Chunk 49 processed successfully. Processed 1 person events.
2025-05-25 05:36:47 - opinion_scoring           - INFO - N/A - (Stage 3) Opinion scoring for chunk 49 started
2025-05-25 05:36:59 - event_classifier          - WARNING - N/A - Received invalid JSON response: Expecting ',' delimiter: line 9 column 2 (char 395). Attempting to fix...
2025-05-25 05:36:59 - event_classifier          - WARNING - N/A - Failed parsing code block content with substring method
2025-05-25 05:36:59 - event_classifier          - WARNING - N/A - Failed to extract with regex: Unterminated string starting at: line 1 column 223 (char 222)
2025-05-25 05:36:59 - event_classifier          - INFO - 51.615s - Chunk 44 processed, (1) general events, (1) opinions.
2025-05-25 05:36:59 - event_scoring             - INFO - N/A - (Stage 1) Event scoring for chunk 44 started
2025-05-25 05:36:59 - sentiment_analysis        - INFO - N/A - (Stage 1) Sentiment analysis for chunk 44 started
2025-05-25 05:37:08 - person_summary            - INFO - 51.164s - Successfully got comment
2025-05-25 05:37:08 - person_summary            - INFO - 51.164s - Chunk 46 processed successfully. Processed 1 person events.
2025-05-25 05:37:08 - opinion_scoring           - INFO - N/A - (Stage 3) Opinion scoring for chunk 46 started
2025-05-25 05:37:25 - event_classifier          - INFO - 94.660s - Chunk 45 processed, (1) general events, (1) opinions.
2025-05-25 05:37:25 - event_scoring             - INFO - N/A - (Stage 1) Event scoring for chunk 45 started
2025-05-25 05:37:25 - sentiment_analysis        - INFO - N/A - (Stage 1) Sentiment analysis for chunk 45 started
2025-05-25 05:37:31 - opinion_scoring           - INFO - 44.788s - Successfully calculated opinion scores
2025-05-25 05:37:31 - opinion_scoring           - INFO - 44.788s - Chunk 49 processed successfully. Processed 1 person events.
2025-05-25 05:37:31 - write_node                - INFO - N/A - (Stage 3) Scores without inconsistency case
2025-05-25 05:37:31 - write_node                - ERROR - N/A - Opinion scores not saved correctly for ID 94: hotness: expected 0.7749999999999999, got 0.775
2025-05-25 05:37:31 - write_node                - INFO - N/A - (Stage 2.1) Summary/attitude full case
2025-05-25 05:37:31 - write_node                - ERROR - N/A - Error processing person event: add_attitude_full() got an unexpected keyword argument 'is_expert_flag'
2025-05-25 05:37:31 - write_node                - INFO - N/A - Chunk 49 marked as processed
2025-05-25 05:37:32 - event_classifier          - INFO - N/A - (Stage 0) Processing chunk 43 started
2025-05-25 05:37:37 - event_scoring             - INFO - 38.353s - Successfully calculated event scores
2025-05-25 05:37:37 - event_scoring             - INFO - 38.353s - Chunk 44 processed successfully. Processed 1 general events.
2025-05-25 05:37:39 - sentiment_analysis        - INFO - 40.155s - Successfully got sentiment score
2025-05-25 05:37:39 - sentiment_analysis        - INFO - 40.155s - Chunk 44 processed successfully. Processed 1 person events.
2025-05-25 05:37:39 - inconsistency_detection   - INFO - N/A - (Stage 2) Inconsistency analysis for chunk 44 started
2025-05-25 05:37:39 - inconsistency_detection   - INFO - 0.013s - Chunk 44 processed successfully. Processed 1 person events.
2025-05-25 05:37:39 - person_summary            - INFO - N/A - (Stage 2.1) Person attitude analysis for chunk 44 started
2025-05-25 05:37:39 - person_summary            - INFO - N/A - Missing person ID for person_event 1 in chunk 44.
2025-05-25 05:37:39 - person_summary            - INFO - N/A - No sentiment history found for person Ryan Gamage (RMI) in chunk 44, generating new.
2025-05-25 05:37:45 - opinion_scoring           - INFO - 37.227s - Successfully calculated opinion scores
2025-05-25 05:37:45 - opinion_scoring           - INFO - 37.227s - Chunk 46 processed successfully. Processed 1 person events.
2025-05-25 05:37:45 - write_node                - INFO - N/A - (Stage 3) Scores without inconsistency case
2025-05-25 05:37:45 - write_node                - ERROR - N/A - Opinion scores not saved correctly for ID 95: hotness: expected 0.7749999999999999, got 0.775
2025-05-25 05:37:45 - write_node                - INFO - N/A - (Stage 2.1) Summary/attitude full case
2025-05-25 05:37:45 - write_node                - ERROR - N/A - Error processing person event: add_attitude_full() got an unexpected keyword argument 'is_expert_flag'
2025-05-25 05:37:45 - write_node                - INFO - N/A - Chunk 46 marked as processed
2025-05-25 05:37:46 - event_classifier          - INFO - N/A - (Stage 0) Processing chunk 42 started
2025-05-25 05:37:53 - event_scoring             - INFO - 28.772s - Successfully calculated event scores
2025-05-25 05:37:53 - event_scoring             - INFO - 28.772s - Chunk 45 processed successfully. Processed 1 general events.
2025-05-25 05:37:56 - sentiment_analysis        - INFO - 30.888s - Successfully got sentiment score
2025-05-25 05:37:56 - sentiment_analysis        - INFO - 30.888s - Chunk 45 processed successfully. Processed 1 person events.
2025-05-25 05:37:56 - inconsistency_detection   - INFO - N/A - (Stage 2) Inconsistency analysis for chunk 45 started
2025-05-25 05:37:56 - inconsistency_detection   - INFO - 0.012s - Chunk 45 processed successfully. Processed 1 person events.
2025-05-25 05:37:56 - person_summary            - INFO - N/A - (Stage 2.1) Person attitude analysis for chunk 45 started
2025-05-25 05:37:56 - person_summary            - INFO - N/A - Missing person ID for person_event 1 in chunk 45.
2025-05-25 05:37:56 - person_summary            - INFO - N/A - No sentiment history found for person Simon Ludlam in chunk 45, generating new.
2025-05-25 05:38:12 - event_classifier          - WARNING - N/A - Received invalid JSON response: Expecting ',' delimiter: line 9 column 2 (char 485). Attempting to fix...
2025-05-25 05:38:12 - event_classifier          - WARNING - N/A - Failed parsing code block content with substring method
2025-05-25 05:38:12 - event_classifier          - WARNING - N/A - Failed to extract with regex: Unterminated string starting at: line 1 column 258 (char 257)
2025-05-25 05:38:12 - event_classifier          - INFO - 40.483s - Chunk 43 processed, (1) general events, (1) opinions.
2025-05-25 05:38:12 - event_scoring             - INFO - N/A - (Stage 1) Event scoring for chunk 43 started
2025-05-25 05:38:12 - sentiment_analysis        - INFO - N/A - (Stage 1) Sentiment analysis for chunk 43 started
2025-05-25 05:38:18 - person_summary            - INFO - 38.648s - Successfully got comment
2025-05-25 05:38:18 - person_summary            - INFO - 38.648s - Chunk 44 processed successfully. Processed 1 person events.
2025-05-25 05:38:18 - opinion_scoring           - INFO - N/A - (Stage 3) Opinion scoring for chunk 44 started
2025-05-25 05:38:36 - event_classifier          - WARNING - N/A - Received invalid JSON response: Invalid control character at: line 8 column 282 (char 541). Attempting to fix...
2025-05-25 05:38:36 - event_classifier          - WARNING - N/A - Failed parsing code block content with substring method
2025-05-25 05:38:36 - event_classifier          - WARNING - N/A - Failed to extract with regex: Unterminated string starting at: line 1 column 257 (char 256)
2025-05-25 05:38:36 - event_classifier          - INFO - 49.502s - Chunk 42 processed, (1) general events, (1) opinions.
2025-05-25 05:38:36 - event_scoring             - INFO - N/A - (Stage 1) Event scoring for chunk 42 started
2025-05-25 05:38:36 - sentiment_analysis        - INFO - N/A - (Stage 1) Sentiment analysis for chunk 42 started
2025-05-25 05:38:44 - person_summary            - INFO - 48.491s - Successfully got comment
2025-05-25 05:38:44 - person_summary            - INFO - 48.493s - Chunk 45 processed successfully. Processed 1 person events.
2025-05-25 05:38:44 - opinion_scoring           - INFO - N/A - (Stage 3) Opinion scoring for chunk 45 started
2025-05-25 05:38:53 - event_scoring             - INFO - 40.466s - Successfully calculated event scores
2025-05-25 05:38:53 - event_scoring             - INFO - 40.466s - Chunk 43 processed successfully. Processed 1 general events.
2025-05-25 05:38:55 - sentiment_analysis        - INFO - 42.269s - Successfully got sentiment score
2025-05-25 05:38:55 - sentiment_analysis        - INFO - 42.270s - Chunk 43 processed successfully. Processed 1 person events.
2025-05-25 05:38:55 - inconsistency_detection   - INFO - N/A - (Stage 2) Inconsistency analysis for chunk 43 started
2025-05-25 05:38:55 - inconsistency_detection   - INFO - 0.012s - Chunk 43 processed successfully. Processed 1 person events.
2025-05-25 05:38:55 - person_summary            - INFO - N/A - (Stage 2.1) Person attitude analysis for chunk 43 started
2025-05-25 05:38:55 - person_summary            - INFO - N/A - Missing person ID for person_event 1 in chunk 43.
2025-05-25 05:38:55 - person_summary            - INFO - N/A - No sentiment history found for person Chris Greig in chunk 43, generating new.
2025-05-25 05:39:01 - opinion_scoring           - INFO - 43.380s - Successfully calculated opinion scores
2025-05-25 05:39:01 - opinion_scoring           - INFO - 43.380s - Chunk 44 processed successfully. Processed 1 person events.
2025-05-25 05:39:01 - write_node                - INFO - N/A - (Stage 3) Scores without inconsistency case
2025-05-25 05:39:01 - write_node                - ERROR - N/A - Opinion scores not saved correctly for ID 96: hotness: expected 0.7749999999999999, got 0.775
2025-05-25 05:39:01 - write_node                - INFO - N/A - (Stage 2.1) Summary/attitude full case
2025-05-25 05:39:01 - write_node                - ERROR - N/A - Error processing person event: add_attitude_full() got an unexpected keyword argument 'is_expert_flag'
2025-05-25 05:39:01 - write_node                - INFO - N/A - Chunk 44 marked as processed
2025-05-25 05:39:02 - event_classifier          - INFO - N/A - (Stage 0) Processing chunk 41 started
2025-05-25 05:39:10 - event_scoring             - INFO - 34.374s - Successfully calculated event scores
2025-05-25 05:39:10 - event_scoring             - INFO - 34.374s - Chunk 42 processed successfully. Processed 1 general events.
2025-05-25 05:39:12 - sentiment_analysis        - INFO - 36.360s - Successfully got sentiment score
2025-05-25 05:39:12 - sentiment_analysis        - INFO - 36.360s - Chunk 42 processed successfully. Processed 1 person events.
2025-05-25 05:39:12 - inconsistency_detection   - INFO - N/A - (Stage 2) Inconsistency analysis for chunk 42 started
2025-05-25 05:39:12 - inconsistency_detection   - INFO - 0.012s - Chunk 42 processed successfully. Processed 1 person events.
2025-05-25 05:39:12 - person_summary            - INFO - N/A - (Stage 2.1) Person attitude analysis for chunk 42 started
2025-05-25 05:39:12 - person_summary            - INFO - N/A - Missing person ID for person_event 1 in chunk 42.
2025-05-25 05:39:12 - person_summary            - INFO - N/A - No sentiment history found for person Martin Pei in chunk 42, generating new.
2025-05-25 05:39:19 - opinion_scoring           - INFO - 34.500s - Successfully calculated opinion scores
2025-05-25 05:39:19 - opinion_scoring           - INFO - 34.501s - Chunk 45 processed successfully. Processed 1 person events.
2025-05-25 05:39:19 - write_node                - ERROR - N/A - Event scores not saved correctly: Expected 0.85, 0.75, 0.6, 0.7124999999999999 but got 0.85, 0.75, 0.6, 0.7125
2025-05-25 05:39:19 - write_node                - INFO - N/A - (Stage 3) Scores without inconsistency case
2025-05-25 05:39:19 - write_node                - ERROR - N/A - Opinion scores not saved correctly for ID 97: hotness: expected 0.7749999999999999, got 0.775
2025-05-25 05:39:19 - write_node                - INFO - N/A - (Stage 2.1) Summary/attitude full case
2025-05-25 05:39:19 - write_node                - ERROR - N/A - Error processing person event: add_attitude_full() got an unexpected keyword argument 'is_expert_flag'
2025-05-25 05:39:19 - write_node                - INFO - N/A - Chunk 45 marked as processed
2025-05-25 05:39:19 - event_classifier          - INFO - N/A - (Stage 0) Processing chunk 40 started
2025-05-25 05:39:27 - person_summary            - INFO - 32.367s - Successfully got comment
2025-05-25 05:39:27 - person_summary            - INFO - 32.368s - Chunk 43 processed successfully. Processed 1 person events.
2025-05-25 05:39:27 - opinion_scoring           - INFO - N/A - (Stage 3) Opinion scoring for chunk 43 started
2025-05-25 05:39:42 - event_classifier          - WARNING - N/A - Received invalid JSON response: Expecting ',' delimiter: line 9 column 2 (char 440). Attempting to fix...
2025-05-25 05:39:42 - event_classifier          - WARNING - N/A - Failed parsing code block content with substring method
2025-05-25 05:39:42 - event_classifier          - INFO - N/A - Successfully reconstructed JSON with regex field extraction
2025-05-25 05:39:42 - event_classifier          - INFO - 40.647s - Chunk 41 processed, (1) general events, (1) opinions.
2025-05-25 05:39:42 - event_scoring             - INFO - N/A - (Stage 1) Event scoring for chunk 41 started
2025-05-25 05:39:42 - sentiment_analysis        - INFO - N/A - (Stage 1) Sentiment analysis for chunk 41 started
2025-05-25 05:39:52 - person_summary            - INFO - 39.866s - Successfully got comment
2025-05-25 05:39:52 - person_summary            - INFO - 39.866s - Chunk 42 processed successfully. Processed 1 person events.
2025-05-25 05:39:52 - opinion_scoring           - INFO - N/A - (Stage 3) Opinion scoring for chunk 42 started
2025-05-25 05:40:06 - event_classifier          - WARNING - N/A - Received invalid JSON response: Expecting ',' delimiter: line 9 column 2 (char 374). Attempting to fix...
2025-05-25 05:40:06 - event_classifier          - WARNING - N/A - Failed parsing code block content with substring method
2025-05-25 05:40:06 - event_classifier          - WARNING - N/A - Failed to extract with regex: Unterminated string starting at: line 1 column 237 (char 236)
2025-05-25 05:40:06 - event_classifier          - INFO - 46.763s - Chunk 40 processed, (1) general events, (1) opinions.
2025-05-25 05:40:06 - event_scoring             - INFO - N/A - (Stage 1) Event scoring for chunk 40 started
2025-05-25 05:40:06 - sentiment_analysis        - INFO - N/A - (Stage 1) Sentiment analysis for chunk 40 started
2025-05-25 05:40:12 - opinion_scoring           - INFO - 45.178s - Successfully calculated opinion scores
2025-05-25 05:40:12 - opinion_scoring           - INFO - 45.179s - Chunk 43 processed successfully. Processed 1 person events.
2025-05-25 05:40:12 - write_node                - INFO - N/A - (Stage 3) Scores without inconsistency case
2025-05-25 05:40:12 - write_node                - ERROR - N/A - Opinion scores not saved correctly for ID 98: hotness: expected 0.7749999999999999, got 0.775
2025-05-25 05:40:12 - write_node                - INFO - N/A - (Stage 2.1) Summary/attitude full case
2025-05-25 05:40:12 - write_node                - ERROR - N/A - Error processing person event: add_attitude_full() got an unexpected keyword argument 'is_expert_flag'
2025-05-25 05:40:12 - write_node                - INFO - N/A - Chunk 43 marked as processed
2025-05-25 05:40:13 - event_classifier          - INFO - N/A - (Stage 0) Processing chunk 47 started
2025-05-25 05:40:21 - event_scoring             - INFO - 38.843s - Successfully calculated event scores
2025-05-25 05:40:21 - event_scoring             - INFO - 38.843s - Chunk 41 processed successfully. Processed 1 general events.
2025-05-25 05:40:23 - sentiment_analysis        - INFO - 40.639s - Successfully got sentiment score
2025-05-25 05:40:23 - sentiment_analysis        - INFO - 40.639s - Chunk 41 processed successfully. Processed 1 person events.
2025-05-25 05:40:23 - inconsistency_detection   - INFO - N/A - (Stage 2) Inconsistency analysis for chunk 41 started
2025-05-25 05:40:23 - inconsistency_detection   - INFO - 0.012s - Chunk 41 processed successfully. Processed 1 person events.
2025-05-25 05:40:23 - person_summary            - INFO - N/A - (Stage 2.1) Person attitude analysis for chunk 41 started
2025-05-25 05:40:23 - person_summary            - INFO - N/A - Missing person ID for person_event 1 in chunk 41.
2025-05-25 05:40:23 - person_summary            - INFO - N/A - No sentiment history found for person Atouife in chunk 41, generating new.
2025-05-25 05:40:30 - opinion_scoring           - INFO - 37.799s - Successfully calculated opinion scores
2025-05-25 05:40:30 - opinion_scoring           - INFO - 37.799s - Chunk 42 processed successfully. Processed 1 person events.
2025-05-25 05:40:30 - write_node                - INFO - N/A - (Stage 3) Scores without inconsistency case
2025-05-25 05:40:30 - write_node                - INFO - N/A - (Stage 2.1) Summary/attitude full case
2025-05-25 05:40:30 - write_node                - ERROR - N/A - Error processing person event: add_attitude_full() got an unexpected keyword argument 'is_expert_flag'
2025-05-25 05:40:30 - write_node                - INFO - N/A - Chunk 42 marked as processed
2025-05-25 05:40:30 - event_classifier          - INFO - N/A - (Stage 0) Processing chunk 48 started
2025-05-25 05:40:39 - event_scoring             - INFO - 32.570s - Successfully calculated event scores
2025-05-25 05:40:39 - event_scoring             - INFO - 32.570s - Chunk 40 processed successfully. Processed 1 general events.
2025-05-25 05:40:41 - sentiment_analysis        - INFO - 34.483s - Successfully got sentiment score
2025-05-25 05:40:41 - sentiment_analysis        - INFO - 34.483s - Chunk 40 processed successfully. Processed 1 person events.
2025-05-25 05:40:41 - inconsistency_detection   - INFO - N/A - (Stage 2) Inconsistency analysis for chunk 40 started
2025-05-25 05:40:41 - inconsistency_detection   - INFO - 0.012s - Chunk 40 processed successfully. Processed 1 person events.
2025-05-25 05:40:41 - person_summary            - INFO - N/A - (Stage 2.1) Person attitude analysis for chunk 40 started
2025-05-25 05:40:41 - person_summary            - INFO - N/A - Missing person ID for person_event 1 in chunk 40.
2025-05-25 05:40:41 - person_summary            - INFO - N/A - No sentiment history found for person Mohamed Atouife in chunk 40, generating new.
2025-05-25 05:40:54 - event_classifier          - WARNING - N/A - Received invalid JSON response: Expecting ',' delimiter: line 9 column 2 (char 382). Attempting to fix...
2025-05-25 05:40:54 - event_classifier          - WARNING - N/A - Failed parsing code block content with substring method
2025-05-25 05:40:54 - event_classifier          - INFO - N/A - Successfully reconstructed JSON with regex field extraction
2025-05-25 05:40:54 - event_classifier          - INFO - 40.809s - Chunk 47 processed, (1) general events, (1) opinions.
2025-05-25 05:40:54 - event_scoring             - INFO - N/A - (Stage 1) Event scoring for chunk 47 started
2025-05-25 05:40:54 - sentiment_analysis        - INFO - N/A - (Stage 1) Sentiment analysis for chunk 47 started
2025-05-25 05:41:02 - person_summary            - INFO - 38.508s - Successfully got comment
2025-05-25 05:41:02 - person_summary            - INFO - 38.508s - Chunk 41 processed successfully. Processed 1 person events.
2025-05-25 05:41:02 - opinion_scoring           - INFO - N/A - (Stage 3) Opinion scoring for chunk 41 started
2025-05-25 05:41:17 - event_classifier          - WARNING - N/A - Received invalid JSON response: Expecting ',' delimiter: line 9 column 2 (char 433). Attempting to fix...
2025-05-25 05:41:17 - event_classifier          - WARNING - N/A - Failed parsing code block content with substring method
2025-05-25 05:41:17 - event_classifier          - WARNING - N/A - Failed to extract with regex: Unterminated string starting at: line 1 column 276 (char 275)
2025-05-25 05:41:17 - event_classifier          - INFO - 46.157s - Chunk 48 processed, (1) general events, (1) opinions.
2025-05-25 05:41:17 - event_scoring             - INFO - N/A - (Stage 1) Event scoring for chunk 48 started
2025-05-25 05:41:17 - sentiment_analysis        - INFO - N/A - (Stage 1) Sentiment analysis for chunk 48 started
2025-05-25 05:41:25 - person_summary            - INFO - 44.089s - Successfully got comment
2025-05-25 05:41:25 - person_summary            - INFO - 44.090s - Chunk 40 processed successfully. Processed 1 person events.
2025-05-25 05:41:25 - opinion_scoring           - INFO - N/A - (Stage 3) Opinion scoring for chunk 40 started
2025-05-25 05:41:32 - event_scoring             - INFO - 38.343s - Successfully calculated event scores
2025-05-25 05:41:32 - event_scoring             - INFO - 38.343s - Chunk 47 processed successfully. Processed 1 general events.
2025-05-25 05:41:34 - sentiment_analysis        - INFO - 40.131s - Successfully got sentiment score
2025-05-25 05:41:34 - sentiment_analysis        - INFO - 40.131s - Chunk 47 processed successfully. Processed 1 person events.
2025-05-25 05:41:34 - inconsistency_detection   - INFO - N/A - (Stage 2) Inconsistency analysis for chunk 47 started
2025-05-25 05:41:34 - inconsistency_detection   - INFO - 0.013s - Chunk 47 processed successfully. Processed 1 person events.
2025-05-25 05:41:34 - person_summary            - INFO - N/A - (Stage 2.1) Person attitude analysis for chunk 47 started
2025-05-25 05:41:34 - person_summary            - INFO - N/A - Missing person ID for person_event 1 in chunk 47.
2025-05-25 05:41:34 - person_summary            - INFO - N/A - No sentiment history found for person Laurent Segalen in chunk 47, generating new.
2025-05-25 05:41:40 - opinion_scoring           - INFO - 38.697s - Successfully calculated opinion scores
2025-05-25 05:41:40 - opinion_scoring           - INFO - 38.697s - Chunk 41 processed successfully. Processed 1 person events.
2025-05-25 05:41:40 - write_node                - INFO - N/A - (Stage 3) Scores without inconsistency case
2025-05-25 05:41:40 - write_node                - ERROR - N/A - Opinion scores not saved correctly for ID 100: hotness: expected 0.7749999999999999, got 0.775
2025-05-25 05:41:40 - write_node                - INFO - N/A - (Stage 2.1) Summary/attitude full case
2025-05-25 05:41:40 - write_node                - ERROR - N/A - Error processing person event: add_attitude_full() got an unexpected keyword argument 'is_expert_flag'
2025-05-25 05:41:40 - write_node                - INFO - N/A - Chunk 41 marked as processed
2025-05-25 05:41:41 - event_classifier          - INFO - N/A - (Stage 0) Processing chunk 39 started
2025-05-25 05:41:49 - event_scoring             - INFO - 32.661s - Successfully calculated event scores
2025-05-25 05:41:49 - event_scoring             - INFO - 32.661s - Chunk 48 processed successfully. Processed 1 general events.
2025-05-25 05:41:51 - sentiment_analysis        - INFO - 34.453s - Successfully got sentiment score
2025-05-25 05:41:51 - sentiment_analysis        - INFO - 34.453s - Chunk 48 processed successfully. Processed 1 person events.
2025-05-25 05:41:51 - inconsistency_detection   - INFO - N/A - (Stage 2) Inconsistency analysis for chunk 48 started
2025-05-25 05:41:51 - inconsistency_detection   - INFO - 0.012s - Chunk 48 processed successfully. Processed 1 person events.
2025-05-25 05:41:51 - person_summary            - INFO - N/A - (Stage 2.1) Person attitude analysis for chunk 48 started
2025-05-25 05:41:51 - person_summary            - INFO - N/A - Missing person ID for person_event 1 in chunk 48.
2025-05-25 05:41:51 - person_summary            - INFO - N/A - No sentiment history found for person Ludlam (Etchea Energy) in chunk 48, generating new.
2025-05-25 05:41:57 - opinion_scoring           - INFO - 32.391s - Successfully calculated opinion scores
2025-05-25 05:41:57 - opinion_scoring           - INFO - 32.392s - Chunk 40 processed successfully. Processed 1 person events.
2025-05-25 05:41:57 - write_node                - INFO - N/A - (Stage 3) Scores without inconsistency case
2025-05-25 05:41:57 - write_node                - ERROR - N/A - Opinion scores not saved correctly for ID 101: hotness: expected 0.6849999999999999, got 0.685
2025-05-25 05:41:57 - write_node                - INFO - N/A - (Stage 2.1) Summary/attitude full case
2025-05-25 05:41:57 - write_node                - ERROR - N/A - Error processing person event: add_attitude_full() got an unexpected keyword argument 'is_expert_flag'
2025-05-25 05:41:57 - write_node                - INFO - N/A - Chunk 40 marked as processed
2025-05-25 05:41:58 - event_classifier          - INFO - N/A - (Stage 0) Processing chunk 38 started
2025-05-25 05:42:05 - person_summary            - INFO - 30.733s - Successfully got comment
2025-05-25 05:42:05 - person_summary            - INFO - 30.734s - Chunk 47 processed successfully. Processed 1 person events.
2025-05-25 05:42:05 - opinion_scoring           - INFO - N/A - (Stage 3) Opinion scoring for chunk 47 started
2025-05-25 05:42:22 - event_classifier          - WARNING - N/A - Received invalid JSON response: Expecting ',' delimiter: line 9 column 2 (char 560). Attempting to fix...
2025-05-25 05:42:22 - event_classifier          - WARNING - N/A - Failed parsing code block content with substring method
2025-05-25 05:42:22 - event_classifier          - WARNING - N/A - Failed to extract with regex: Unterminated string starting at: line 1 column 303 (char 302)
2025-05-25 05:42:22 - event_classifier          - INFO - 40.996s - Chunk 39 processed, (1) general events, (1) opinions.
2025-05-25 05:42:22 - event_scoring             - INFO - N/A - (Stage 1) Event scoring for chunk 39 started
2025-05-25 05:42:22 - sentiment_analysis        - INFO - N/A - (Stage 1) Sentiment analysis for chunk 39 started
2025-05-25 05:42:32 - person_summary            - ERROR - N/A - Error in refinement process: 'max_length'. Falling back to truncation.
2025-05-25 05:42:32 - person_summary            - INFO - 40.712s - Successfully got comment
2025-05-25 05:42:32 - person_summary            - INFO - 40.712s - Chunk 48 processed successfully. Processed 1 person events.
2025-05-25 05:42:32 - opinion_scoring           - INFO - N/A - (Stage 3) Opinion scoring for chunk 48 started
2025-05-25 05:42:49 - event_classifier          - WARNING - N/A - Received invalid JSON response: Expecting ',' delimiter: line 9 column 2 (char 486). Attempting to fix...
2025-05-25 05:42:49 - event_classifier          - WARNING - N/A - Failed parsing code block content with substring method
2025-05-25 05:42:49 - event_classifier          - WARNING - N/A - Failed to extract with regex: Unterminated string starting at: line 1 column 309 (char 308)
2025-05-25 05:42:49 - event_classifier          - INFO - 51.166s - Chunk 38 processed, (1) general events, (1) opinions.
2025-05-25 05:42:49 - event_scoring             - INFO - N/A - (Stage 1) Event scoring for chunk 38 started
2025-05-25 05:42:49 - sentiment_analysis        - INFO - N/A - (Stage 1) Sentiment analysis for chunk 38 started
2025-05-25 05:42:55 - opinion_scoring           - INFO - 50.456s - Successfully calculated opinion scores
2025-05-25 05:42:55 - opinion_scoring           - INFO - 50.456s - Chunk 47 processed successfully. Processed 1 person events.
2025-05-25 05:42:55 - write_node                - INFO - N/A - (Stage 3) Scores without inconsistency case
2025-05-25 05:42:55 - write_node                - INFO - N/A - (Stage 2.1) Summary/attitude full case
2025-05-25 05:42:55 - write_node                - ERROR - N/A - Error processing person event: add_attitude_full() got an unexpected keyword argument 'is_expert_flag'
2025-05-25 05:42:55 - write_node                - INFO - N/A - Chunk 47 marked as processed
2025-05-25 05:42:56 - event_classifier          - INFO - N/A - (Stage 0) Processing chunk 37 started
2025-05-25 05:43:03 - event_scoring             - INFO - 41.246s - Successfully calculated event scores
2025-05-25 05:43:03 - event_scoring             - INFO - 41.247s - Chunk 39 processed successfully. Processed 1 general events.
2025-05-25 05:43:05 - sentiment_analysis        - INFO - 43.148s - Successfully got sentiment score
2025-05-25 05:43:05 - sentiment_analysis        - INFO - 43.148s - Chunk 39 processed successfully. Processed 1 person events.
2025-05-25 05:43:05 - inconsistency_detection   - INFO - N/A - (Stage 2) Inconsistency analysis for chunk 39 started
2025-05-25 05:43:05 - inconsistency_detection   - INFO - 0.012s - Chunk 39 processed successfully. Processed 1 person events.
2025-05-25 05:43:05 - person_summary            - INFO - N/A - (Stage 2.1) Person attitude analysis for chunk 39 started
2025-05-25 05:43:05 - person_summary            - INFO - N/A - Missing person ID for person_event 1 in chunk 39.
2025-05-25 05:43:05 - person_summary            - INFO - N/A - No sentiment history found for person David Pressman in chunk 39, generating new.
2025-05-25 05:43:11 - opinion_scoring           - INFO - 39.597s - Successfully calculated opinion scores
2025-05-25 05:43:11 - opinion_scoring           - INFO - 39.598s - Chunk 48 processed successfully. Processed 1 person events.
2025-05-25 05:43:11 - write_node                - INFO - N/A - (Stage 3) Scores without inconsistency case
2025-05-25 05:43:11 - write_node                - INFO - N/A - (Stage 2.1) Summary/attitude full case
2025-05-25 05:43:11 - write_node                - ERROR - N/A - Error processing person event: add_attitude_full() got an unexpected keyword argument 'is_expert_flag'
2025-05-25 05:43:11 - write_node                - INFO - N/A - Chunk 48 marked as processed
2025-05-25 05:43:12 - event_classifier          - INFO - N/A - (Stage 0) Processing chunk 36 started
2025-05-25 05:43:20 - event_scoring             - INFO - 31.469s - Successfully calculated event scores
2025-05-25 05:43:20 - event_scoring             - INFO - 31.470s - Chunk 38 processed successfully. Processed 1 general events.
2025-05-25 05:43:22 - sentiment_analysis        - INFO - 33.366s - Successfully got sentiment score
2025-05-25 05:43:22 - sentiment_analysis        - INFO - 33.366s - Chunk 38 processed successfully. Processed 1 person events.
2025-05-25 05:43:22 - inconsistency_detection   - INFO - N/A - (Stage 2) Inconsistency analysis for chunk 38 started
2025-05-25 05:43:22 - inconsistency_detection   - INFO - 0.012s - Chunk 38 processed successfully. Processed 1 person events.
2025-05-25 05:43:22 - person_summary            - INFO - N/A - (Stage 2.1) Person attitude analysis for chunk 38 started
2025-05-25 05:43:22 - person_summary            - INFO - N/A - Missing person ID for person_event 1 in chunk 38.
2025-05-25 05:43:22 - person_summary            - INFO - N/A - No sentiment history found for person Brent David Freaney in chunk 38, generating new.
2025-05-25 05:43:38 - event_classifier          - WARNING - N/A - Received invalid JSON response: Expecting ',' delimiter: line 9 column 2 (char 463). Attempting to fix...
2025-05-25 05:43:38 - event_classifier          - WARNING - N/A - Failed parsing code block content with substring method
2025-05-25 05:43:38 - event_classifier          - WARNING - N/A - Failed to extract with regex: Unterminated string starting at: line 1 column 254 (char 253)
2025-05-25 05:43:38 - event_classifier          - INFO - 41.895s - Chunk 37 processed, (1) general events, (1) opinions.
2025-05-25 05:43:38 - event_scoring             - INFO - N/A - (Stage 1) Event scoring for chunk 37 started
2025-05-25 05:43:38 - sentiment_analysis        - INFO - N/A - (Stage 1) Sentiment analysis for chunk 37 started
2025-05-25 05:43:45 - person_summary            - INFO - 39.950s - Successfully got comment
2025-05-25 05:43:45 - person_summary            - INFO - 39.951s - Chunk 39 processed successfully. Processed 1 person events.
2025-05-25 05:43:45 - opinion_scoring           - INFO - N/A - (Stage 3) Opinion scoring for chunk 39 started
2025-05-25 05:44:01 - event_classifier          - WARNING - N/A - Received invalid JSON response: Expecting ',' delimiter: line 9 column 2 (char 421). Attempting to fix...
2025-05-25 05:44:01 - event_classifier          - WARNING - N/A - Failed parsing code block content with substring method
2025-05-25 05:44:01 - event_classifier          - WARNING - N/A - Failed to extract with regex: Unterminated string starting at: line 1 column 254 (char 253)
2025-05-25 05:44:01 - event_classifier          - INFO - 49.220s - Chunk 36 processed, (1) general events, (1) opinions.
2025-05-25 05:44:01 - event_scoring             - INFO - N/A - (Stage 1) Event scoring for chunk 36 started
2025-05-25 05:44:01 - sentiment_analysis        - INFO - N/A - (Stage 1) Sentiment analysis for chunk 36 started
2025-05-25 05:44:11 - person_summary            - INFO - 48.739s - Successfully got comment
2025-05-25 05:44:11 - person_summary            - INFO - 48.739s - Chunk 38 processed successfully. Processed 1 person events.
2025-05-25 05:44:11 - opinion_scoring           - INFO - N/A - (Stage 3) Opinion scoring for chunk 38 started
2025-05-25 05:44:19 - event_scoring             - INFO - 41.573s - Successfully calculated event scores
2025-05-25 05:44:19 - event_scoring             - INFO - 41.573s - Chunk 37 processed successfully. Processed 1 general events.
2025-05-25 05:44:21 - sentiment_analysis        - INFO - 43.273s - Successfully got sentiment score
2025-05-25 05:44:21 - sentiment_analysis        - INFO - 43.274s - Chunk 37 processed successfully. Processed 1 person events.
2025-05-25 05:44:21 - inconsistency_detection   - INFO - N/A - (Stage 2) Inconsistency analysis for chunk 37 started
2025-05-25 05:44:21 - inconsistency_detection   - INFO - 0.012s - Chunk 37 processed successfully. Processed 1 person events.
2025-05-25 05:44:21 - person_summary            - INFO - N/A - (Stage 2.1) Person attitude analysis for chunk 37 started
2025-05-25 05:44:21 - person_summary            - INFO - N/A - Missing person ID for person_event 1 in chunk 37.
2025-05-25 05:44:21 - person_summary            - INFO - N/A - No sentiment history found for person Laurie Pressman in chunk 37, generating new.
2025-05-25 05:44:28 - opinion_scoring           - INFO - 42.449s - Successfully calculated opinion scores
2025-05-25 05:44:28 - opinion_scoring           - INFO - 42.449s - Chunk 39 processed successfully. Processed 1 person events.
2025-05-25 05:44:28 - write_node                - ERROR - N/A - Event scores not saved correctly: Expected 0.3, 0.2, 0.4, 0.28500000000000003 but got 0.3, 0.2, 0.4, 0.285
2025-05-25 05:44:28 - write_node                - INFO - N/A - (Stage 3) Scores without inconsistency case
2025-05-25 05:44:28 - write_node                - ERROR - N/A - Opinion scores not saved correctly for ID 104: hotness: expected 0.5700000000000001, got 0.57
2025-05-25 05:44:28 - write_node                - INFO - N/A - (Stage 2.1) Summary/attitude full case
2025-05-25 05:44:28 - write_node                - ERROR - N/A - Error processing person event: add_attitude_full() got an unexpected keyword argument 'is_expert_flag'
2025-05-25 05:44:28 - write_node                - INFO - N/A - Chunk 39 marked as processed
2025-05-25 05:44:28 - event_classifier          - INFO - N/A - (Stage 0) Processing chunk 35 started
2025-05-25 05:44:37 - event_scoring             - INFO - 35.443s - Successfully calculated event scores
2025-05-25 05:44:37 - event_scoring             - INFO - 35.443s - Chunk 36 processed successfully. Processed 1 general events.
2025-05-25 05:44:39 - sentiment_analysis        - INFO - 37.322s - Successfully got sentiment score
2025-05-25 05:44:39 - sentiment_analysis        - INFO - 37.322s - Chunk 36 processed successfully. Processed 1 person events.
2025-05-25 05:44:39 - inconsistency_detection   - INFO - N/A - (Stage 2) Inconsistency analysis for chunk 36 started
2025-05-25 05:44:39 - inconsistency_detection   - INFO - 0.012s - Chunk 36 processed successfully. Processed 1 person events.
2025-05-25 05:44:39 - person_summary            - INFO - N/A - (Stage 2.1) Person attitude analysis for chunk 36 started
2025-05-25 05:44:39 - person_summary            - INFO - N/A - Missing person ID for person_event 1 in chunk 36.
2025-05-25 05:44:39 - person_summary            - INFO - N/A - No sentiment history found for person Charli XCX in chunk 36, generating new.
2025-05-25 05:44:45 - opinion_scoring           - INFO - 33.634s - Successfully calculated opinion scores
2025-05-25 05:44:45 - opinion_scoring           - INFO - 33.634s - Chunk 38 processed successfully. Processed 1 person events.
2025-05-25 05:44:45 - write_node                - INFO - N/A - (Stage 3) Scores without inconsistency case
2025-05-25 05:44:45 - write_node                - INFO - N/A - (Stage 2.1) Summary/attitude full case
2025-05-25 05:44:45 - write_node                - ERROR - N/A - Error processing person event: add_attitude_full() got an unexpected keyword argument 'is_expert_flag'
2025-05-25 05:44:45 - write_node                - INFO - N/A - Chunk 38 marked as processed
2025-05-25 05:44:45 - event_classifier          - INFO - N/A - (Stage 0) Processing chunk 34 started
2025-05-25 05:44:54 - person_summary            - INFO - 32.551s - Successfully got comment
2025-05-25 05:44:54 - person_summary            - INFO - 32.552s - Chunk 37 processed successfully. Processed 1 person events.
2025-05-25 05:44:54 - opinion_scoring           - INFO - N/A - (Stage 3) Opinion scoring for chunk 37 started
2025-05-25 05:45:09 - event_classifier          - WARNING - N/A - Received invalid JSON response: Expecting ',' delimiter: line 9 column 2 (char 426). Attempting to fix...
2025-05-25 05:45:09 - event_classifier          - WARNING - N/A - Failed parsing code block content with substring method
2025-05-25 05:45:09 - event_classifier          - WARNING - N/A - Failed to extract with regex: Unterminated string starting at: line 1 column 244 (char 243)
2025-05-25 05:45:09 - event_classifier          - INFO - 41.236s - Chunk 35 processed, (1) general events, (1) opinions.
2025-05-25 05:45:09 - event_scoring             - INFO - N/A - (Stage 1) Event scoring for chunk 35 started
2025-05-25 05:45:09 - sentiment_analysis        - INFO - N/A - (Stage 1) Sentiment analysis for chunk 35 started
2025-05-25 05:45:21 - person_summary            - INFO - 41.942s - Successfully got comment
2025-05-25 05:45:21 - person_summary            - INFO - 41.943s - Chunk 36 processed successfully. Processed 1 person events.
2025-05-25 05:45:21 - opinion_scoring           - INFO - N/A - (Stage 3) Opinion scoring for chunk 36 started
2025-05-25 05:45:40 - event_classifier          - WARNING - N/A - Received invalid JSON response: Expecting ',' delimiter: line 9 column 2 (char 570). Attempting to fix...
2025-05-25 05:45:40 - event_classifier          - WARNING - N/A - Failed parsing code block content with substring method
2025-05-25 05:45:40 - event_classifier          - WARNING - N/A - Failed to extract with regex: Unterminated string starting at: line 1 column 245 (char 244)
2025-05-25 05:45:46 - opinion_scoring           - INFO - 51.952s - Successfully calculated opinion scores
2025-05-25 05:45:46 - opinion_scoring           - INFO - 51.953s - Chunk 37 processed successfully. Processed 1 person events.
2025-05-25 05:45:46 - write_node                - INFO - N/A - (Stage 3) Scores without inconsistency case
2025-05-25 05:45:46 - write_node                - INFO - N/A - (Stage 2.1) Summary/attitude full case
2025-05-25 05:45:46 - write_node                - ERROR - N/A - Error processing person event: add_attitude_full() got an unexpected keyword argument 'is_expert_flag'
2025-05-25 05:45:46 - write_node                - INFO - N/A - Chunk 37 marked as processed
2025-05-25 05:45:46 - event_classifier          - INFO - N/A - (Stage 0) Processing chunk 29 started
2025-05-25 05:45:54 - event_scoring             - INFO - 44.155s - Successfully calculated event scores
2025-05-25 05:45:54 - event_scoring             - INFO - 44.155s - Chunk 35 processed successfully. Processed 1 general events.
2025-05-25 05:45:56 - sentiment_analysis        - INFO - 46.035s - Successfully got sentiment score
2025-05-25 05:45:56 - sentiment_analysis        - INFO - 46.036s - Chunk 35 processed successfully. Processed 1 person events.
2025-05-25 05:45:56 - inconsistency_detection   - INFO - N/A - (Stage 2) Inconsistency analysis for chunk 35 started
2025-05-25 05:45:56 - inconsistency_detection   - INFO - 0.012s - Chunk 35 processed successfully. Processed 1 person events.
2025-05-25 05:45:56 - person_summary            - INFO - N/A - (Stage 2.1) Person attitude analysis for chunk 35 started
2025-05-25 05:45:56 - person_summary            - INFO - N/A - Missing person ID for person_event 1 in chunk 35.
2025-05-25 05:45:56 - person_summary            - INFO - N/A - No sentiment history found for person Neoh in chunk 35, generating new.
2025-05-25 05:46:02 - opinion_scoring           - INFO - 41.435s - Successfully calculated opinion scores
2025-05-25 05:46:02 - opinion_scoring           - INFO - 41.436s - Chunk 36 processed successfully. Processed 1 person events.
2025-05-25 05:46:02 - write_node                - INFO - N/A - (Stage 3) Scores without inconsistency case
2025-05-25 05:46:02 - write_node                - INFO - N/A - (Stage 2.1) Summary/attitude full case
2025-05-25 05:46:02 - write_node                - ERROR - N/A - Error processing person event: add_attitude_full() got an unexpected keyword argument 'is_expert_flag'
2025-05-25 05:46:02 - write_node                - INFO - N/A - Chunk 36 marked as processed
2025-05-25 05:46:03 - event_classifier          - INFO - N/A - (Stage 0) Processing chunk 28 started
2025-05-25 05:46:13 - event_classifier          - INFO - 87.996s - Chunk 34 processed, (1) general events, (1) opinions.
2025-05-25 05:46:13 - event_scoring             - INFO - N/A - (Stage 1) Event scoring for chunk 34 started
2025-05-25 05:46:13 - sentiment_analysis        - INFO - N/A - (Stage 1) Sentiment analysis for chunk 34 started
2025-05-25 05:46:29 - event_classifier          - WARNING - N/A - Received invalid JSON response: Expecting ',' delimiter: line 9 column 2 (char 437). Attempting to fix...
2025-05-25 05:46:29 - event_classifier          - WARNING - N/A - Failed parsing code block content with substring method
2025-05-25 05:46:29 - event_classifier          - WARNING - N/A - Failed to extract with regex: Unterminated string starting at: line 1 column 265 (char 264)
2025-05-25 05:46:29 - event_classifier          - INFO - 42.585s - Chunk 29 processed, (1) general events, (1) opinions.
2025-05-25 05:46:29 - event_scoring             - INFO - N/A - (Stage 1) Event scoring for chunk 29 started
2025-05-25 05:46:29 - sentiment_analysis        - INFO - N/A - (Stage 1) Sentiment analysis for chunk 29 started
2025-05-25 05:46:36 - person_summary            - INFO - 40.693s - Successfully got comment
2025-05-25 05:46:36 - person_summary            - INFO - 40.693s - Chunk 35 processed successfully. Processed 1 person events.
2025-05-25 05:46:36 - opinion_scoring           - INFO - N/A - (Stage 3) Opinion scoring for chunk 35 started
2025-05-25 05:46:52 - event_classifier          - WARNING - N/A - Received invalid JSON response: Expecting ',' delimiter: line 9 column 2 (char 484). Attempting to fix...
2025-05-25 05:46:52 - event_classifier          - WARNING - N/A - Failed parsing code block content with substring method
2025-05-25 05:46:52 - event_classifier          - INFO - N/A - Successfully reconstructed JSON with regex field extraction
2025-05-25 05:46:52 - event_classifier          - INFO - 49.691s - Chunk 28 processed, (1) general events, (1) opinions.
2025-05-25 05:46:52 - event_scoring             - INFO - N/A - (Stage 1) Event scoring for chunk 28 started
2025-05-25 05:46:52 - sentiment_analysis        - INFO - N/A - (Stage 1) Sentiment analysis for chunk 28 started
2025-05-25 05:47:01 - event_scoring             - INFO - 48.029s - Successfully calculated event scores
2025-05-25 05:47:01 - event_scoring             - INFO - 48.029s - Chunk 34 processed successfully. Processed 1 general events.
2025-05-25 05:47:04 - sentiment_analysis        - INFO - 50.235s - Successfully got sentiment score
2025-05-25 05:47:04 - sentiment_analysis        - INFO - 50.236s - Chunk 34 processed successfully. Processed 1 person events.
2025-05-25 05:47:04 - inconsistency_detection   - INFO - N/A - (Stage 2) Inconsistency analysis for chunk 34 started
2025-05-25 05:47:04 - inconsistency_detection   - INFO - 0.012s - Chunk 34 processed successfully. Processed 1 person events.
2025-05-25 05:47:04 - person_summary            - INFO - N/A - (Stage 2.1) Person attitude analysis for chunk 34 started
2025-05-25 05:47:04 - person_summary            - INFO - N/A - Missing person ID for person_event 1 in chunk 34.
2025-05-25 05:47:04 - person_summary            - INFO - N/A - No sentiment history found for person Khailing Neoh in chunk 34, generating new.
2025-05-25 05:47:12 - event_scoring             - INFO - 43.255s - Successfully calculated event scores
2025-05-25 05:47:12 - event_scoring             - INFO - 43.255s - Chunk 29 processed successfully. Processed 1 general events.
2025-05-25 05:47:14 - sentiment_analysis        - INFO - 45.056s - Successfully got sentiment score
2025-05-25 05:47:14 - sentiment_analysis        - INFO - 45.056s - Chunk 29 processed successfully. Processed 1 person events.
2025-05-25 05:47:14 - inconsistency_detection   - INFO - N/A - (Stage 2) Inconsistency analysis for chunk 29 started
2025-05-25 05:47:14 - inconsistency_detection   - INFO - 0.013s - Chunk 29 processed successfully. Processed 1 person events.
2025-05-25 05:47:14 - person_summary            - INFO - N/A - (Stage 2.1) Person attitude analysis for chunk 29 started
2025-05-25 05:47:14 - person_summary            - INFO - N/A - Missing person ID for person_event 1 in chunk 29.
2025-05-25 05:47:14 - person_summary            - INFO - N/A - No sentiment history found for person Haustein in chunk 29, generating new.
2025-05-25 05:47:20 - opinion_scoring           - INFO - 43.827s - Successfully calculated opinion scores
2025-05-25 05:47:20 - opinion_scoring           - INFO - 43.828s - Chunk 35 processed successfully. Processed 1 person events.
2025-05-25 05:47:20 - write_node                - INFO - N/A - (Stage 3) Scores without inconsistency case
2025-05-25 05:47:20 - write_node                - INFO - N/A - (Stage 2.1) Summary/attitude full case
2025-05-25 05:47:20 - write_node                - ERROR - N/A - Error processing person event: add_attitude_full() got an unexpected keyword argument 'is_expert_flag'
2025-05-25 05:47:20 - write_node                - INFO - N/A - Chunk 35 marked as processed
2025-05-25 05:47:21 - event_classifier          - INFO - N/A - (Stage 0) Processing chunk 27 started
2025-05-25 05:47:29 - event_scoring             - INFO - 36.652s - Successfully calculated event scores
2025-05-25 05:47:29 - event_scoring             - INFO - 36.652s - Chunk 28 processed successfully. Processed 1 general events.
2025-05-25 05:47:31 - sentiment_analysis        - INFO - 38.541s - Successfully got sentiment score
2025-05-25 05:47:31 - sentiment_analysis        - INFO - 38.542s - Chunk 28 processed successfully. Processed 1 person events.
2025-05-25 05:47:31 - inconsistency_detection   - INFO - N/A - (Stage 2) Inconsistency analysis for chunk 28 started
2025-05-25 05:47:31 - inconsistency_detection   - INFO - 0.011s - Chunk 28 processed successfully. Processed 1 person events.
2025-05-25 05:47:31 - person_summary            - INFO - N/A - (Stage 2.1) Person attitude analysis for chunk 28 started
2025-05-25 05:47:31 - person_summary            - INFO - N/A - Missing person ID for person_event 1 in chunk 28.
2025-05-25 05:47:31 - person_summary            - INFO - N/A - No sentiment history found for person Karsten Haustein in chunk 28, generating new.
2025-05-25 05:47:41 - person_summary            - INFO - 37.187s - Successfully got comment
2025-05-25 05:47:41 - person_summary            - INFO - 37.188s - Chunk 34 processed successfully. Processed 1 person events.
2025-05-25 05:47:41 - opinion_scoring           - INFO - N/A - (Stage 3) Opinion scoring for chunk 34 started
2025-05-25 05:47:48 - person_summary            - INFO - 33.788s - Successfully got comment
2025-05-25 05:47:48 - person_summary            - INFO - 33.790s - Chunk 29 processed successfully. Processed 1 person events.
2025-05-25 05:47:48 - opinion_scoring           - INFO - N/A - (Stage 3) Opinion scoring for chunk 29 started
2025-05-25 05:48:03 - event_classifier          - WARNING - N/A - Received invalid JSON response: Expecting ',' delimiter: line 9 column 2 (char 510). Attempting to fix...
2025-05-25 05:48:03 - event_classifier          - WARNING - N/A - Failed parsing code block content with substring method
2025-05-25 05:48:03 - event_classifier          - WARNING - N/A - Failed to extract with regex: Unterminated string starting at: line 1 column 263 (char 262)
2025-05-25 05:48:03 - event_classifier          - INFO - 42.460s - Chunk 27 processed, (1) general events, (1) opinions.
2025-05-25 05:48:03 - event_scoring             - INFO - N/A - (Stage 1) Event scoring for chunk 27 started
2025-05-25 05:48:03 - sentiment_analysis        - INFO - N/A - (Stage 1) Sentiment analysis for chunk 27 started
2025-05-25 05:48:12 - person_summary            - INFO - 41.078s - Successfully got comment
2025-05-25 05:48:12 - person_summary            - INFO - 41.079s - Chunk 28 processed successfully. Processed 1 person events.
2025-05-25 05:48:12 - opinion_scoring           - INFO - N/A - (Stage 3) Opinion scoring for chunk 28 started
2025-05-25 05:48:18 - opinion_scoring           - INFO - 37.614s - Successfully calculated opinion scores
2025-05-25 05:48:18 - opinion_scoring           - INFO - 37.614s - Chunk 34 processed successfully. Processed 1 person events.
2025-05-25 05:48:19 - write_node                - ERROR - N/A - Event scores not saved correctly: Expected 0.3, 0.1, 0.2, 0.16499999999999998 but got 0.3, 0.1, 0.2, 0.165
2025-05-25 05:48:19 - write_node                - INFO - N/A - (Stage 3) Scores without inconsistency case
2025-05-25 05:48:19 - write_node                - INFO - N/A - (Stage 2.1) Summary/attitude full case
2025-05-25 05:48:19 - write_node                - ERROR - N/A - Error processing person event: add_attitude_full() got an unexpected keyword argument 'is_expert_flag'
2025-05-25 05:48:19 - write_node                - INFO - N/A - Chunk 34 marked as processed
2025-05-25 05:48:19 - event_classifier          - INFO - N/A - (Stage 0) Processing chunk 26 started
2025-05-25 05:48:23 - opinion_scoring           - INFO - 35.456s - Successfully calculated opinion scores
2025-05-25 05:48:23 - opinion_scoring           - INFO - 35.456s - Chunk 29 processed successfully. Processed 1 person events.
2025-05-25 05:48:23 - write_node                - ERROR - N/A - Event scores not saved correctly: Expected 0.85, 0.75, 0.6, 0.7124999999999999 but got 0.85, 0.75, 0.6, 0.7125
2025-05-25 05:48:23 - write_node                - INFO - N/A - (Stage 3) Scores without inconsistency case
2025-05-25 05:48:23 - write_node                - ERROR - N/A - Opinion scores not saved correctly for ID 110: hotness: expected 0.7749999999999999, got 0.775
2025-05-25 05:48:23 - write_node                - INFO - N/A - (Stage 2.1) Summary/attitude full case
2025-05-25 05:48:23 - write_node                - ERROR - N/A - Error processing person event: add_attitude_full() got an unexpected keyword argument 'is_expert_flag'
2025-05-25 05:48:23 - write_node                - INFO - N/A - Chunk 29 marked as processed
2025-05-25 05:48:24 - event_classifier          - INFO - N/A - (Stage 0) Processing chunk 25 started
2025-05-25 05:48:32 - event_scoring             - INFO - 28.320s - Successfully calculated event scores
2025-05-25 05:48:32 - event_scoring             - INFO - 28.320s - Chunk 27 processed successfully. Processed 1 general events.
2025-05-25 05:48:33 - sentiment_analysis        - INFO - 30.133s - Successfully got sentiment score
2025-05-25 05:48:33 - sentiment_analysis        - INFO - 30.133s - Chunk 27 processed successfully. Processed 1 person events.
2025-05-25 05:48:33 - inconsistency_detection   - INFO - N/A - (Stage 2) Inconsistency analysis for chunk 27 started
2025-05-25 05:48:33 - inconsistency_detection   - INFO - 0.012s - Chunk 27 processed successfully. Processed 1 person events.
2025-05-25 05:48:33 - person_summary            - INFO - N/A - (Stage 2.1) Person attitude analysis for chunk 27 started
2025-05-25 05:48:33 - person_summary            - INFO - N/A - Missing person ID for person_event 1 in chunk 27.
2025-05-25 05:48:33 - person_summary            - INFO - N/A - No sentiment history found for person Olly Bartlett in chunk 27, generating new.
2025-05-25 05:48:40 - opinion_scoring           - INFO - 27.630s - Successfully calculated opinion scores
2025-05-25 05:48:40 - opinion_scoring           - INFO - 27.631s - Chunk 28 processed successfully. Processed 1 person events.
2025-05-25 05:48:40 - write_node                - INFO - N/A - (Stage 3) Scores without inconsistency case
2025-05-25 05:48:40 - write_node                - INFO - N/A - (Stage 2.1) Summary/attitude full case
2025-05-25 05:48:40 - write_node                - ERROR - N/A - Error processing person event: add_attitude_full() got an unexpected keyword argument 'is_expert_flag'
2025-05-25 05:48:40 - write_node                - INFO - N/A - Chunk 28 marked as processed
2025-05-25 05:48:40 - event_classifier          - INFO - N/A - (Stage 0) Processing chunk 24 started
2025-05-25 05:48:57 - event_classifier          - WARNING - N/A - Received invalid JSON response: Expecting ',' delimiter: line 9 column 2 (char 527). Attempting to fix...
2025-05-25 05:48:57 - event_classifier          - WARNING - N/A - Failed parsing code block content with substring method
2025-05-25 05:48:57 - event_classifier          - WARNING - N/A - Failed to extract with regex: Unterminated string starting at: line 1 column 238 (char 237)
2025-05-25 05:48:57 - event_classifier          - INFO - 37.368s - Chunk 26 processed, (1) general events, (1) opinions.
2025-05-25 05:48:57 - event_scoring             - INFO - N/A - (Stage 1) Event scoring for chunk 26 started
2025-05-25 05:48:57 - sentiment_analysis        - INFO - N/A - (Stage 1) Sentiment analysis for chunk 26 started
2025-05-25 05:49:10 - event_classifier          - WARNING - N/A - Received invalid JSON response: Expecting ',' delimiter: line 9 column 2 (char 493). Attempting to fix...
2025-05-25 05:49:10 - event_classifier          - WARNING - N/A - Failed parsing code block content with substring method
2025-05-25 05:49:10 - event_classifier          - WARNING - N/A - Failed to extract with regex: Unterminated string starting at: line 1 column 214 (char 213)
2025-05-25 05:49:10 - event_classifier          - INFO - 45.972s - Chunk 25 processed, (1) general events, (1) opinions.
2025-05-25 05:49:10 - event_scoring             - INFO - N/A - (Stage 1) Event scoring for chunk 25 started
2025-05-25 05:49:10 - sentiment_analysis        - INFO - N/A - (Stage 1) Sentiment analysis for chunk 25 started
2025-05-25 05:49:17 - person_summary            - INFO - 43.822s - Successfully got comment
2025-05-25 05:49:17 - person_summary            - INFO - 43.822s - Chunk 27 processed successfully. Processed 1 person events.
2025-05-25 05:49:17 - opinion_scoring           - INFO - N/A - (Stage 3) Opinion scoring for chunk 27 started
2025-05-25 05:49:32 - event_classifier          - WARNING - N/A - Received invalid JSON response: Expecting ',' delimiter: line 9 column 2 (char 346). Attempting to fix...
2025-05-25 05:49:32 - event_classifier          - WARNING - N/A - Failed parsing code block content with substring method
2025-05-25 05:49:32 - event_classifier          - WARNING - N/A - Failed to extract with regex: Unterminated string starting at: line 1 column 232 (char 231)
2025-05-25 05:49:32 - event_classifier          - INFO - 51.133s - Chunk 24 processed, (1) general events, (1) opinions.
2025-05-25 05:49:32 - event_scoring             - INFO - N/A - (Stage 1) Event scoring for chunk 24 started
2025-05-25 05:49:32 - sentiment_analysis        - INFO - N/A - (Stage 1) Sentiment analysis for chunk 24 started
2025-05-25 05:49:40 - event_scoring             - INFO - 43.555s - Successfully calculated event scores
2025-05-25 05:49:40 - event_scoring             - INFO - 43.556s - Chunk 26 processed successfully. Processed 1 general events.
2025-05-25 05:49:42 - sentiment_analysis        - INFO - 45.432s - Successfully got sentiment score
2025-05-25 05:49:42 - sentiment_analysis        - INFO - 45.432s - Chunk 26 processed successfully. Processed 1 person events.
2025-05-25 05:49:42 - inconsistency_detection   - INFO - N/A - (Stage 2) Inconsistency analysis for chunk 26 started
2025-05-25 05:49:42 - inconsistency_detection   - INFO - 0.011s - Chunk 26 processed successfully. Processed 1 person events.
2025-05-25 05:49:42 - person_summary            - INFO - N/A - (Stage 2.1) Person attitude analysis for chunk 26 started
2025-05-25 05:49:42 - person_summary            - INFO - N/A - Missing person ID for person_event 1 in chunk 26.
2025-05-25 05:49:42 - person_summary            - INFO - N/A - No sentiment history found for person Thomas Roland in chunk 26, generating new.
2025-05-25 05:49:48 - event_scoring             - INFO - 38.515s - Successfully calculated event scores
2025-05-25 05:49:48 - event_scoring             - INFO - 38.515s - Chunk 25 processed successfully. Processed 1 general events.
2025-05-25 05:49:50 - sentiment_analysis        - INFO - 40.314s - Successfully got sentiment score
2025-05-25 05:49:50 - sentiment_analysis        - INFO - 40.315s - Chunk 25 processed successfully. Processed 1 person events.
2025-05-25 05:49:50 - inconsistency_detection   - INFO - N/A - (Stage 2) Inconsistency analysis for chunk 25 started
2025-05-25 05:49:50 - inconsistency_detection   - INFO - 0.012s - Chunk 25 processed successfully. Processed 1 person events.
2025-05-25 05:49:50 - person_summary            - INFO - N/A - (Stage 2.1) Person attitude analysis for chunk 25 started
2025-05-25 05:49:50 - person_summary            - INFO - N/A - Missing person ID for person_event 1 in chunk 25.
2025-05-25 05:49:50 - person_summary            - INFO - N/A - No sentiment history found for person David Shapiro in chunk 25, generating new.
2025-05-25 05:49:57 - opinion_scoring           - INFO - 39.327s - Successfully calculated opinion scores
2025-05-25 05:49:57 - opinion_scoring           - INFO - 39.328s - Chunk 27 processed successfully. Processed 1 person events.
2025-05-25 05:49:57 - write_node                - INFO - N/A - (Stage 3) Scores without inconsistency case
2025-05-25 05:49:57 - write_node                - ERROR - N/A - Opinion scores not saved correctly for ID 112: hotness: expected 0.7749999999999999, got 0.775
2025-05-25 05:49:57 - write_node                - INFO - N/A - (Stage 2.1) Summary/attitude full case
2025-05-25 05:49:57 - write_node                - ERROR - N/A - Error processing person event: add_attitude_full() got an unexpected keyword argument 'is_expert_flag'
2025-05-25 05:49:57 - write_node                - INFO - N/A - Chunk 27 marked as processed
2025-05-25 05:49:57 - event_classifier          - INFO - N/A - (Stage 0) Processing chunk 22 started
2025-05-25 05:50:06 - event_scoring             - INFO - 34.022s - Successfully calculated event scores
2025-05-25 05:50:06 - event_scoring             - INFO - 34.023s - Chunk 24 processed successfully. Processed 1 general events.
2025-05-25 05:50:07 - sentiment_analysis        - INFO - 35.830s - Successfully got sentiment score
2025-05-25 05:50:07 - sentiment_analysis        - INFO - 35.830s - Chunk 24 processed successfully. Processed 1 person events.
2025-05-25 05:50:07 - inconsistency_detection   - INFO - N/A - (Stage 2) Inconsistency analysis for chunk 24 started
2025-05-25 05:50:07 - inconsistency_detection   - INFO - 0.000s - Chunk 24 processed successfully. Processed 1 person events.
2025-05-25 05:50:07 - person_summary            - INFO - N/A - (Stage 2.1) Person attitude analysis for chunk 24 started
2025-05-25 05:50:07 - person_summary            - INFO - N/A - Missing person ID for person_event 1 in chunk 24.
2025-05-25 05:50:07 - person_summary            - INFO - N/A - No sentiment history found for person Gavin Newsom in chunk 24, generating new.
2025-05-25 05:50:15 - person_summary            - INFO - 32.862s - Successfully got comment
2025-05-25 05:50:15 - person_summary            - INFO - 32.864s - Chunk 26 processed successfully. Processed 1 person events.
2025-05-25 05:50:15 - opinion_scoring           - INFO - N/A - (Stage 3) Opinion scoring for chunk 26 started
2025-05-25 05:50:20 - person_summary            - INFO - 29.526s - Successfully got comment
2025-05-25 05:50:20 - person_summary            - INFO - 29.528s - Chunk 25 processed successfully. Processed 1 person events.
2025-05-25 05:50:20 - opinion_scoring           - INFO - N/A - (Stage 3) Opinion scoring for chunk 25 started
2025-05-25 05:50:35 - event_classifier          - WARNING - N/A - Received invalid JSON response: Expecting ',' delimiter: line 9 column 2 (char 420). Attempting to fix...
2025-05-25 05:50:35 - event_classifier          - WARNING - N/A - Failed parsing code block content with substring method
2025-05-25 05:50:35 - event_classifier          - WARNING - N/A - Failed to extract with regex: Unterminated string starting at: line 1 column 263 (char 262)
2025-05-25 05:50:35 - event_classifier          - INFO - 37.484s - Chunk 22 processed, (1) general events, (1) opinions.
2025-05-25 05:50:35 - event_scoring             - INFO - N/A - (Stage 1) Event scoring for chunk 22 started
2025-05-25 05:50:35 - sentiment_analysis        - INFO - N/A - (Stage 1) Sentiment analysis for chunk 22 started
2025-05-25 05:50:45 - person_summary            - ERROR - N/A - Error in refinement process: 'max_length'. Falling back to truncation.
2025-05-25 05:50:45 - person_summary            - INFO - 37.424s - Successfully got comment
2025-05-25 05:50:45 - person_summary            - INFO - 37.425s - Chunk 24 processed successfully. Processed 1 person events.
2025-05-25 05:50:45 - opinion_scoring           - INFO - N/A - (Stage 3) Opinion scoring for chunk 24 started
2025-05-25 05:50:51 - opinion_scoring           - INFO - 36.175s - Successfully calculated opinion scores
2025-05-25 05:50:51 - opinion_scoring           - INFO - 36.175s - Chunk 26 processed successfully. Processed 1 person events.
2025-05-25 05:50:51 - write_node                - INFO - N/A - (Stage 3) Scores without inconsistency case
2025-05-25 05:50:51 - write_node                - INFO - N/A - (Stage 2.1) Summary/attitude full case
2025-05-25 05:50:51 - write_node                - ERROR - N/A - Error processing person event: add_attitude_full() got an unexpected keyword argument 'is_expert_flag'
2025-05-25 05:50:51 - write_node                - INFO - N/A - Chunk 26 marked as processed
2025-05-25 05:50:52 - event_classifier          - INFO - N/A - (Stage 0) Processing chunk 21 started
2025-05-25 05:50:56 - opinion_scoring           - INFO - 36.507s - Successfully calculated opinion scores
2025-05-25 05:50:56 - opinion_scoring           - INFO - 36.507s - Chunk 25 processed successfully. Processed 1 person events.
2025-05-25 05:50:56 - write_node                - INFO - N/A - (Stage 3) Scores without inconsistency case
2025-05-25 05:50:56 - write_node                - ERROR - N/A - Opinion scores not saved correctly for ID 114: hotness: expected 0.7749999999999999, got 0.775
2025-05-25 05:50:56 - write_node                - INFO - N/A - (Stage 2.1) Summary/attitude full case
2025-05-25 05:50:56 - write_node                - ERROR - N/A - Error processing person event: add_attitude_full() got an unexpected keyword argument 'is_expert_flag'
2025-05-25 05:50:56 - write_node                - INFO - N/A - Chunk 25 marked as processed
2025-05-25 05:50:57 - event_classifier          - INFO - N/A - (Stage 0) Processing chunk 20 started
2025-05-25 05:51:05 - event_scoring             - INFO - 30.490s - Successfully calculated event scores
2025-05-25 05:51:05 - event_scoring             - INFO - 30.490s - Chunk 22 processed successfully. Processed 1 general events.
2025-05-25 05:51:07 - sentiment_analysis        - INFO - 32.359s - Successfully got sentiment score
2025-05-25 05:51:07 - sentiment_analysis        - INFO - 32.360s - Chunk 22 processed successfully. Processed 1 person events.
2025-05-25 05:51:07 - inconsistency_detection   - INFO - N/A - (Stage 2) Inconsistency analysis for chunk 22 started
2025-05-25 05:51:07 - inconsistency_detection   - INFO - 0.012s - Chunk 22 processed successfully. Processed 1 person events.
2025-05-25 05:51:07 - person_summary            - INFO - N/A - (Stage 2.1) Person attitude analysis for chunk 22 started
2025-05-25 05:51:07 - person_summary            - INFO - N/A - Missing person ID for person_event 1 in chunk 22.
2025-05-25 05:51:07 - person_summary            - INFO - N/A - No sentiment history found for person Jason Walsh in chunk 22, generating new.
2025-05-25 05:51:13 - opinion_scoring           - INFO - 28.594s - Successfully calculated opinion scores
2025-05-25 05:51:13 - opinion_scoring           - INFO - 28.595s - Chunk 24 processed successfully. Processed 1 person events.
2025-05-25 05:51:13 - write_node                - INFO - N/A - (Stage 3) Scores without inconsistency case
2025-05-25 05:51:14 - write_node                - ERROR - N/A - Opinion scores not saved correctly for ID 115: hotness: expected 0.7749999999999999, got 0.775
2025-05-25 05:51:14 - write_node                - INFO - N/A - (Stage 2.1) Summary/attitude full case
2025-05-25 05:51:14 - write_node                - ERROR - N/A - Error processing person event: add_attitude_full() got an unexpected keyword argument 'is_expert_flag'
2025-05-25 05:51:14 - write_node                - INFO - N/A - Chunk 24 marked as processed
2025-05-25 05:51:14 - event_classifier          - INFO - N/A - (Stage 0) Processing chunk 19 started
2025-05-25 05:51:29 - event_classifier          - WARNING - N/A - Received invalid JSON response: Expecting ',' delimiter: line 9 column 2 (char 416). Attempting to fix...
2025-05-25 05:51:29 - event_classifier          - WARNING - N/A - Failed parsing code block content with substring method
2025-05-25 05:51:29 - event_classifier          - WARNING - N/A - Failed to extract with regex: Unterminated string starting at: line 1 column 267 (char 266)
2025-05-25 05:51:29 - event_classifier          - INFO - 36.914s - Chunk 21 processed, (1) general events, (1) opinions.
2025-05-25 05:51:29 - event_scoring             - INFO - N/A - (Stage 1) Event scoring for chunk 21 started
2025-05-25 05:51:29 - sentiment_analysis        - INFO - N/A - (Stage 1) Sentiment analysis for chunk 21 started
2025-05-25 05:51:43 - event_classifier          - WARNING - N/A - Received invalid JSON response: Expecting ',' delimiter: line 9 column 2 (char 456). Attempting to fix...
2025-05-25 05:51:43 - event_classifier          - WARNING - N/A - Failed parsing code block content with substring method
2025-05-25 05:51:43 - event_classifier          - WARNING - N/A - Failed to extract with regex: Unterminated string starting at: line 1 column 265 (char 264)
2025-05-25 05:51:43 - event_classifier          - INFO - 45.804s - Chunk 20 processed, (1) general events, (1) opinions.
2025-05-25 05:51:43 - event_scoring             - INFO - N/A - (Stage 1) Event scoring for chunk 20 started
2025-05-25 05:51:43 - sentiment_analysis        - INFO - N/A - (Stage 1) Sentiment analysis for chunk 20 started
2025-05-25 05:51:52 - person_summary            - INFO - 45.354s - Successfully got comment
2025-05-25 05:51:52 - person_summary            - INFO - 45.354s - Chunk 22 processed successfully. Processed 1 person events.
2025-05-25 05:51:52 - opinion_scoring           - INFO - N/A - (Stage 3) Opinion scoring for chunk 22 started
2025-05-25 05:52:09 - event_classifier          - WARNING - N/A - Received invalid JSON response: Expecting ',' delimiter: line 9 column 2 (char 471). Attempting to fix...
2025-05-25 05:52:09 - event_classifier          - WARNING - N/A - Failed parsing code block content with substring method
2025-05-25 05:52:09 - event_classifier          - INFO - N/A - Successfully reconstructed JSON with regex field extraction
2025-05-25 05:52:09 - event_classifier          - INFO - 54.725s - Chunk 19 processed, (1) general events, (1) opinions.
2025-05-25 05:52:09 - event_scoring             - INFO - N/A - (Stage 1) Event scoring for chunk 19 started
2025-05-25 05:52:09 - sentiment_analysis        - INFO - N/A - (Stage 1) Sentiment analysis for chunk 19 started
2025-05-25 05:52:17 - event_scoring             - INFO - 48.715s - Successfully calculated event scores
2025-05-25 05:52:17 - event_scoring             - INFO - 48.715s - Chunk 21 processed successfully. Processed 1 general events.
2025-05-25 05:52:19 - sentiment_analysis        - INFO - 50.622s - Successfully got sentiment score
2025-05-25 05:52:19 - sentiment_analysis        - INFO - 50.622s - Chunk 21 processed successfully. Processed 1 person events.
2025-05-25 05:52:19 - inconsistency_detection   - INFO - N/A - (Stage 2) Inconsistency analysis for chunk 21 started
2025-05-25 05:52:19 - inconsistency_detection   - INFO - 0.012s - Chunk 21 processed successfully. Processed 1 person events.
2025-05-25 05:52:19 - person_summary            - INFO - N/A - (Stage 2.1) Person attitude analysis for chunk 21 started
2025-05-25 05:52:19 - person_summary            - INFO - N/A - Missing person ID for person_event 1 in chunk 21.
2025-05-25 05:52:19 - person_summary            - INFO - N/A - No sentiment history found for person Lee Zeldin in chunk 21, generating new.
2025-05-25 05:52:28 - event_scoring             - INFO - 45.377s - Successfully calculated event scores
2025-05-25 05:52:28 - event_scoring             - INFO - 45.377s - Chunk 20 processed successfully. Processed 1 general events.
2025-05-25 05:52:30 - sentiment_analysis        - INFO - 47.255s - Successfully got sentiment score
2025-05-25 05:52:30 - sentiment_analysis        - INFO - 47.255s - Chunk 20 processed successfully. Processed 1 person events.
2025-05-25 05:52:30 - inconsistency_detection   - INFO - N/A - (Stage 2) Inconsistency analysis for chunk 20 started
2025-05-25 05:52:30 - inconsistency_detection   - INFO - 0.012s - Chunk 20 processed successfully. Processed 1 person events.
2025-05-25 05:52:30 - person_summary            - INFO - N/A - (Stage 2.1) Person attitude analysis for chunk 20 started
2025-05-25 05:52:30 - person_summary            - INFO - N/A - Missing person ID for person_event 1 in chunk 20.
2025-05-25 05:52:30 - person_summary            - INFO - N/A - No sentiment history found for person Chris Wright in chunk 20, generating new.
2025-05-25 05:52:36 - opinion_scoring           - INFO - 43.963s - Successfully calculated opinion scores
2025-05-25 05:52:36 - opinion_scoring           - INFO - 43.963s - Chunk 22 processed successfully. Processed 1 person events.
2025-05-25 05:52:37 - write_node                - ERROR - N/A - Event scores not saved correctly: Expected 0.85, 0.75, 0.6, 0.7124999999999999 but got 0.85, 0.75, 0.6, 0.7125
2025-05-25 05:52:37 - write_node                - INFO - N/A - (Stage 3) Scores without inconsistency case
2025-05-25 05:52:37 - write_node                - INFO - N/A - (Stage 2.1) Summary/attitude full case
2025-05-25 05:52:37 - write_node                - ERROR - N/A - Error processing person event: add_attitude_full() got an unexpected keyword argument 'is_expert_flag'
2025-05-25 05:52:37 - write_node                - INFO - N/A - Chunk 22 marked as processed
2025-05-25 05:52:37 - event_classifier          - INFO - N/A - (Stage 0) Processing chunk 18 started
2025-05-25 05:52:46 - event_scoring             - INFO - 36.919s - Successfully calculated event scores
2025-05-25 05:52:46 - event_scoring             - INFO - 36.919s - Chunk 19 processed successfully. Processed 1 general events.
2025-05-25 05:52:48 - sentiment_analysis        - INFO - 38.820s - Successfully got sentiment score
2025-05-25 05:52:48 - sentiment_analysis        - INFO - 38.820s - Chunk 19 processed successfully. Processed 1 person events.
2025-05-25 05:52:48 - inconsistency_detection   - INFO - N/A - (Stage 2) Inconsistency analysis for chunk 19 started
2025-05-25 05:52:58 - person_summary            - ERROR - N/A - Error in refinement process: 'max_length'. Falling back to truncation.
2025-05-25 05:52:58 - person_summary            - INFO - 38.310s - Successfully got comment
2025-05-25 05:52:58 - person_summary            - INFO - 38.310s - Chunk 21 processed successfully. Processed 1 person events.
2025-05-25 05:52:58 - opinion_scoring           - INFO - N/A - (Stage 3) Opinion scoring for chunk 21 started
2025-05-25 05:53:06 - person_summary            - INFO - 35.955s - Successfully got comment
2025-05-25 05:53:06 - person_summary            - INFO - 35.955s - Chunk 20 processed successfully. Processed 1 person events.
2025-05-25 05:53:06 - opinion_scoring           - INFO - N/A - (Stage 3) Opinion scoring for chunk 20 started
2025-05-25 05:53:24 - event_classifier          - WARNING - N/A - Received invalid JSON response: Expecting ',' delimiter: line 9 column 2 (char 523). Attempting to fix...
2025-05-25 05:53:24 - event_classifier          - WARNING - N/A - Failed parsing code block content with substring method
2025-05-25 05:53:24 - event_classifier          - WARNING - N/A - Failed to extract with regex: Unterminated string starting at: line 1 column 273 (char 272)
2025-05-25 05:53:24 - event_classifier          - INFO - 46.576s - Chunk 18 processed, (1) general events, (1) opinions.
2025-05-25 05:53:24 - event_scoring             - INFO - N/A - (Stage 1) Event scoring for chunk 18 started
2025-05-25 05:53:24 - sentiment_analysis        - INFO - N/A - (Stage 1) Sentiment analysis for chunk 18 started
2025-05-25 05:53:36 - opinion_scoring           - INFO - 38.442s - Successfully calculated opinion scores
2025-05-25 05:53:36 - opinion_scoring           - INFO - 38.442s - Chunk 21 processed successfully. Processed 1 person events.
2025-05-25 05:53:36 - write_node                - INFO - N/A - (Stage 3) Scores without inconsistency case
2025-05-25 05:53:36 - write_node                - INFO - N/A - (Stage 2.1) Summary/attitude full case
2025-05-25 05:53:36 - write_node                - ERROR - N/A - Error processing person event: add_attitude_full() got an unexpected keyword argument 'is_expert_flag'
2025-05-25 05:53:36 - write_node                - INFO - N/A - Chunk 21 marked as processed
2025-05-25 05:53:37 - event_classifier          - INFO - N/A - (Stage 0) Processing chunk 17 started
2025-05-25 05:53:41 - opinion_scoring           - INFO - 35.272s - Successfully calculated opinion scores
2025-05-25 05:53:41 - opinion_scoring           - INFO - 35.272s - Chunk 20 processed successfully. Processed 1 person events.
2025-05-25 05:53:41 - write_node                - INFO - N/A - (Stage 3) Scores without inconsistency case
2025-05-25 05:53:41 - write_node                - INFO - N/A - (Stage 2.1) Summary/attitude full case
2025-05-25 05:53:41 - write_node                - ERROR - N/A - Error processing person event: add_attitude_full() got an unexpected keyword argument 'is_expert_flag'
2025-05-25 05:53:41 - write_node                - INFO - N/A - Chunk 20 marked as processed
2025-05-25 05:53:42 - event_classifier          - INFO - N/A - (Stage 0) Processing chunk 23 started
2025-05-25 05:53:50 - event_scoring             - INFO - 26.125s - Successfully calculated event scores
2025-05-25 05:53:50 - event_scoring             - INFO - 26.125s - Chunk 18 processed successfully. Processed 1 general events.
2025-05-25 05:53:52 - sentiment_analysis        - INFO - 27.945s - Successfully got sentiment score
2025-05-25 05:53:52 - sentiment_analysis        - INFO - 27.946s - Chunk 18 processed successfully. Processed 1 person events.
2025-05-25 05:53:52 - inconsistency_detection   - INFO - N/A - (Stage 2) Inconsistency analysis for chunk 18 started
2025-05-25 05:53:52 - inconsistency_detection   - INFO - 0.028s - Chunk 18 processed successfully. Processed 1 person events.
2025-05-25 05:53:52 - person_summary            - INFO - N/A - (Stage 2.1) Person attitude analysis for chunk 18 started
2025-05-25 05:53:52 - person_summary            - INFO - N/A - Sentiment history found for person Lori Lodes in chunk 18.
2025-05-25 05:54:02 - inconsistency_detection   - INFO - 74.198s - Successfully got comment
2025-05-25 05:54:02 - inconsistency_detection   - INFO - 74.229s - Chunk 19 processed successfully. Processed 1 person events.
2025-05-25 05:54:02 - person_summary            - INFO - N/A - (Stage 2.1) Person attitude analysis for chunk 19 started
2025-05-25 05:54:02 - person_summary            - INFO - N/A - Sentiment history found for person Unspecified in chunk 19.
2025-05-25 05:54:15 - event_classifier          - WARNING - N/A - Received invalid JSON response: Expecting ',' delimiter: line 9 column 2 (char 429). Attempting to fix...
2025-05-25 05:54:15 - event_classifier          - WARNING - N/A - Failed parsing code block content with substring method
2025-05-25 05:54:15 - event_classifier          - WARNING - N/A - Failed to extract with regex: Unterminated string starting at: line 1 column 204 (char 203)
2025-05-25 05:54:15 - event_classifier          - INFO - 38.501s - Chunk 17 processed, (1) general events, (1) opinions.
2025-05-25 05:54:15 - event_scoring             - INFO - N/A - (Stage 1) Event scoring for chunk 17 started
2025-05-25 05:54:15 - sentiment_analysis        - INFO - N/A - (Stage 1) Sentiment analysis for chunk 17 started
2025-05-25 05:54:29 - event_classifier          - WARNING - N/A - Received invalid JSON response: Expecting ',' delimiter: line 9 column 2 (char 424). Attempting to fix...
2025-05-25 05:54:29 - event_classifier          - WARNING - N/A - Failed parsing code block content with substring method
2025-05-25 05:54:29 - event_classifier          - WARNING - N/A - Failed to extract with regex: Unterminated string starting at: line 1 column 262 (char 261)
2025-05-25 05:54:29 - event_classifier          - INFO - 47.062s - Chunk 23 processed, (1) general events, (1) opinions.
2025-05-25 05:54:29 - event_scoring             - INFO - N/A - (Stage 1) Event scoring for chunk 23 started
2025-05-25 05:54:29 - sentiment_analysis        - INFO - N/A - (Stage 1) Sentiment analysis for chunk 23 started
2025-05-25 05:54:39 - person_summary            - ERROR - N/A - Error in refinement process: 'max_length'. Falling back to truncation.
2025-05-25 05:54:39 - person_summary            - INFO - 47.674s - Successfully got comment
2025-05-25 05:54:39 - person_summary            - INFO - 47.704s - Chunk 18 processed successfully. Processed 1 person events.
2025-05-25 05:54:39 - opinion_scoring           - INFO - N/A - (Stage 3) Opinion scoring for chunk 18 started
2025-05-25 05:54:48 - person_summary            - INFO - 45.665s - Successfully got comment
2025-05-25 05:54:48 - person_summary            - INFO - 45.692s - Chunk 19 processed successfully. Processed 1 person events.
2025-05-25 05:54:48 - opinion_scoring           - INFO - N/A - (Stage 3) Opinion scoring for chunk 19 started
2025-05-25 05:54:55 - event_scoring             - INFO - 39.505s - Successfully calculated event scores
2025-05-25 05:54:55 - event_scoring             - INFO - 39.506s - Chunk 17 processed successfully. Processed 1 general events.
2025-05-25 05:54:57 - sentiment_analysis        - INFO - 41.407s - Successfully got sentiment score
2025-05-25 05:54:57 - sentiment_analysis        - INFO - 41.407s - Chunk 17 processed successfully. Processed 1 person events.
2025-05-25 05:54:57 - inconsistency_detection   - INFO - N/A - (Stage 2) Inconsistency analysis for chunk 17 started
2025-05-25 05:54:57 - inconsistency_detection   - INFO - 0.015s - Chunk 17 processed successfully. Processed 1 person events.
2025-05-25 05:54:57 - person_summary            - INFO - N/A - (Stage 2.1) Person attitude analysis for chunk 17 started
2025-05-25 05:54:57 - person_summary            - INFO - N/A - Missing person ID for person_event 1 in chunk 17.
2025-05-25 05:54:57 - person_summary            - INFO - N/A - No sentiment history found for person Donald Trump in chunk 17, generating new.
2025-05-25 05:55:05 - event_scoring             - INFO - 35.811s - Successfully calculated event scores
2025-05-25 05:55:05 - event_scoring             - INFO - 35.811s - Chunk 23 processed successfully. Processed 1 general events.
2025-05-25 05:55:07 - sentiment_analysis        - INFO - 37.690s - Successfully got sentiment score
2025-05-25 05:55:07 - sentiment_analysis        - INFO - 37.690s - Chunk 23 processed successfully. Processed 1 person events.
2025-05-25 05:55:07 - inconsistency_detection   - INFO - N/A - (Stage 2) Inconsistency analysis for chunk 23 started
2025-05-25 05:55:07 - inconsistency_detection   - INFO - 0.012s - Chunk 23 processed successfully. Processed 1 person events.
2025-05-25 05:55:07 - person_summary            - INFO - N/A - (Stage 2.1) Person attitude analysis for chunk 23 started
2025-05-25 05:55:07 - person_summary            - INFO - N/A - Missing person ID for person_event 1 in chunk 23.
2025-05-25 05:55:07 - person_summary            - INFO - N/A - No sentiment history found for person Brian Walsh in chunk 23, generating new.
2025-05-25 05:55:13 - opinion_scoring           - INFO - 33.986s - Successfully calculated opinion scores
2025-05-25 05:55:13 - opinion_scoring           - INFO - 33.987s - Chunk 18 processed successfully. Processed 1 person events.
2025-05-25 05:55:13 - write_node                - INFO - N/A - (Stage 3) Scored case
2025-05-25 05:55:14 - write_node                - ERROR - N/A - Opinion scores not saved correctly for ID 119: hotness: expected 0.7749999999999999, got 0.775
2025-05-25 05:55:14 - write_node                - INFO - N/A - (Stage 2.1) Summary/attitude full case
2025-05-25 05:55:14 - write_node                - ERROR - N/A - Error processing person event: add_attitude_full() got an unexpected keyword argument 'is_expert_flag'
2025-05-25 05:55:14 - write_node                - INFO - N/A - Chunk 18 marked as processed
2025-05-25 05:55:14 - event_classifier          - INFO - N/A - (Stage 0) Processing chunk 16 started
2025-05-25 05:55:19 - opinion_scoring           - INFO - 31.014s - Successfully calculated opinion scores
2025-05-25 05:55:19 - opinion_scoring           - INFO - 31.014s - Chunk 19 processed successfully. Processed 1 person events.
2025-05-25 05:55:19 - write_node                - INFO - N/A - (Stage 3) Scored case
2025-05-25 05:55:19 - write_node                - INFO - N/A - (Stage 2.1) Summary/attitude full case
2025-05-25 05:55:19 - write_node                - ERROR - N/A - Error processing person event: add_attitude_full() got an unexpected keyword argument 'is_expert_flag'
2025-05-25 05:55:19 - write_node                - INFO - N/A - Chunk 19 marked as processed
2025-05-25 05:55:19 - event_classifier          - INFO - N/A - (Stage 0) Processing chunk 15 started
2025-05-25 05:55:26 - person_summary            - INFO - 28.934s - Successfully got comment
2025-05-25 05:55:26 - person_summary            - INFO - 28.935s - Chunk 17 processed successfully. Processed 1 person events.
2025-05-25 05:55:26 - opinion_scoring           - INFO - N/A - (Stage 3) Opinion scoring for chunk 17 started
2025-05-25 05:55:34 - person_summary            - ERROR - N/A - Error in refinement process: 'max_length'. Falling back to truncation.
2025-05-25 05:55:34 - person_summary            - INFO - 26.685s - Successfully got comment
2025-05-25 05:55:34 - person_summary            - INFO - 26.686s - Chunk 23 processed successfully. Processed 1 person events.
2025-05-25 05:55:34 - opinion_scoring           - INFO - N/A - (Stage 3) Opinion scoring for chunk 23 started
2025-05-25 05:55:49 - event_classifier          - WARNING - N/A - Received invalid JSON response: Expecting ',' delimiter: line 9 column 2 (char 486). Attempting to fix...
2025-05-25 05:55:49 - event_classifier          - WARNING - N/A - Failed parsing code block content with substring method
2025-05-25 05:55:49 - event_classifier          - WARNING - N/A - Failed to extract with regex: Unterminated string starting at: line 1 column 212 (char 211)
2025-05-25 05:55:49 - event_classifier          - INFO - 34.835s - Chunk 16 processed, (1) general events, (1) opinions.
2025-05-25 05:55:49 - event_scoring             - INFO - N/A - (Stage 1) Event scoring for chunk 16 started
2025-05-25 05:55:49 - sentiment_analysis        - INFO - N/A - (Stage 1) Sentiment analysis for chunk 16 started
2025-05-25 05:56:02 - event_classifier          - WARNING - N/A - Received invalid JSON response: Invalid control character at: line 8 column 132 (char 427). Attempting to fix...
2025-05-25 05:56:02 - event_classifier          - WARNING - N/A - Failed parsing code block content with substring method
2025-05-25 05:56:02 - event_classifier          - WARNING - N/A - Failed to extract with regex: Unterminated string starting at: line 1 column 293 (char 292)
2025-05-25 05:56:02 - event_classifier          - INFO - 42.614s - Chunk 15 processed, (1) general events, (1) opinions.
2025-05-25 05:56:02 - event_scoring             - INFO - N/A - (Stage 1) Event scoring for chunk 15 started
2025-05-25 05:56:02 - sentiment_analysis        - INFO - N/A - (Stage 1) Sentiment analysis for chunk 15 started
2025-05-25 05:56:08 - opinion_scoring           - INFO - 42.301s - Successfully calculated opinion scores
2025-05-25 05:56:08 - opinion_scoring           - INFO - 42.301s - Chunk 17 processed successfully. Processed 1 person events.
2025-05-25 05:56:08 - write_node                - INFO - N/A - (Stage 3) Scores without inconsistency case
2025-05-25 05:56:08 - write_node                - INFO - N/A - (Stage 2.1) Summary/attitude full case
2025-05-25 05:56:08 - write_node                - ERROR - N/A - Error processing person event: add_attitude_full() got an unexpected keyword argument 'is_expert_flag'
2025-05-25 05:56:08 - write_node                - INFO - N/A - Chunk 17 marked as processed
2025-05-25 05:56:09 - event_classifier          - INFO - N/A - (Stage 0) Processing chunk 14 started
2025-05-25 05:56:13 - opinion_scoring           - INFO - 39.059s - Successfully calculated opinion scores
2025-05-25 05:56:13 - opinion_scoring           - INFO - 39.059s - Chunk 23 processed successfully. Processed 1 person events.
2025-05-25 05:56:13 - write_node                - INFO - N/A - (Stage 3) Scores without inconsistency case
2025-05-25 05:56:13 - write_node                - INFO - N/A - (Stage 2.1) Summary/attitude full case
2025-05-25 05:56:13 - write_node                - ERROR - N/A - Error processing person event: add_attitude_full() got an unexpected keyword argument 'is_expert_flag'
2025-05-25 05:56:13 - write_node                - INFO - N/A - Chunk 23 marked as processed
2025-05-25 05:56:13 - event_classifier          - INFO - N/A - (Stage 0) Processing chunk 13 started
2025-05-25 05:56:21 - event_scoring             - INFO - 32.114s - Successfully calculated event scores
2025-05-25 05:56:21 - event_scoring             - INFO - 32.114s - Chunk 16 processed successfully. Processed 1 general events.
2025-05-25 05:56:23 - sentiment_analysis        - INFO - 34.032s - Successfully got sentiment score
2025-05-25 05:56:23 - sentiment_analysis        - INFO - 34.032s - Chunk 16 processed successfully. Processed 1 person events.
2025-05-25 05:56:23 - inconsistency_detection   - INFO - N/A - (Stage 2) Inconsistency analysis for chunk 16 started
2025-05-25 05:56:23 - inconsistency_detection   - INFO - 0.012s - Chunk 16 processed successfully. Processed 1 person events.
2025-05-25 05:56:23 - person_summary            - INFO - N/A - (Stage 2.1) Person attitude analysis for chunk 16 started
2025-05-25 05:56:23 - person_summary            - INFO - N/A - Missing person ID for person_event 1 in chunk 16.
2025-05-25 05:56:23 - person_summary            - INFO - N/A - No sentiment history found for person Martin in chunk 16, generating new.
2025-05-25 05:56:32 - event_scoring             - INFO - 29.594s - Successfully calculated event scores
2025-05-25 05:56:32 - event_scoring             - INFO - 29.595s - Chunk 15 processed successfully. Processed 1 general events.
2025-05-25 05:56:33 - sentiment_analysis        - INFO - 31.473s - Successfully got sentiment score
2025-05-25 05:56:33 - sentiment_analysis        - INFO - 31.473s - Chunk 15 processed successfully. Processed 1 person events.
2025-05-25 05:56:33 - inconsistency_detection   - INFO - N/A - (Stage 2) Inconsistency analysis for chunk 15 started
2025-05-25 05:56:33 - inconsistency_detection   - INFO - 0.012s - Chunk 15 processed successfully. Processed 1 person events.
2025-05-25 05:56:33 - person_summary            - INFO - N/A - (Stage 2.1) Person attitude analysis for chunk 15 started
2025-05-25 05:56:33 - person_summary            - INFO - N/A - Missing person ID for person_event 1 in chunk 15.
2025-05-25 05:56:33 - person_summary            - INFO - N/A - No sentiment history found for person Vincent Martin in chunk 15, generating new.
2025-05-25 05:56:49 - event_classifier          - WARNING - N/A - Received invalid JSON response: Expecting ',' delimiter: line 9 column 2 (char 437). Attempting to fix...
2025-05-25 05:56:49 - event_classifier          - WARNING - N/A - Failed parsing code block content with substring method
2025-05-25 05:56:49 - event_classifier          - INFO - N/A - Successfully reconstructed JSON with regex field extraction
2025-05-25 05:56:49 - event_classifier          - INFO - 40.025s - Chunk 14 processed, (1) general events, (1) opinions.
2025-05-25 05:56:49 - event_scoring             - INFO - N/A - (Stage 1) Event scoring for chunk 14 started
2025-05-25 05:56:49 - sentiment_analysis        - INFO - N/A - (Stage 1) Sentiment analysis for chunk 14 started
2025-05-25 05:57:00 - event_classifier          - WARNING - N/A - Received invalid JSON response: Expecting ',' delimiter: line 9 column 2 (char 360). Attempting to fix...
2025-05-25 05:57:00 - event_classifier          - WARNING - N/A - Failed parsing code block content with substring method
2025-05-25 05:57:00 - event_classifier          - WARNING - N/A - Failed to extract with regex: Unterminated string starting at: line 1 column 205 (char 204)
2025-05-25 05:57:00 - event_classifier          - INFO - 46.870s - Chunk 13 processed, (1) general events, (1) opinions.
2025-05-25 05:57:00 - event_scoring             - INFO - N/A - (Stage 1) Event scoring for chunk 13 started
2025-05-25 05:57:00 - sentiment_analysis        - INFO - N/A - (Stage 1) Sentiment analysis for chunk 13 started
2025-05-25 05:57:08 - person_summary            - INFO - 45.042s - Successfully got comment
2025-05-25 05:57:08 - person_summary            - INFO - 45.043s - Chunk 16 processed successfully. Processed 1 person events.
2025-05-25 05:57:08 - opinion_scoring           - INFO - N/A - (Stage 3) Opinion scoring for chunk 16 started
2025-05-25 05:57:14 - person_summary            - INFO - 40.545s - Successfully got comment
2025-05-25 05:57:14 - person_summary            - INFO - 40.547s - Chunk 15 processed successfully. Processed 1 person events.
2025-05-25 05:57:14 - opinion_scoring           - INFO - N/A - (Stage 3) Opinion scoring for chunk 15 started
2025-05-25 05:57:23 - event_scoring             - INFO - 33.831s - Successfully calculated event scores
2025-05-25 05:57:23 - event_scoring             - INFO - 33.831s - Chunk 14 processed successfully. Processed 1 general events.
2025-05-25 05:57:24 - sentiment_analysis        - INFO - 35.619s - Successfully got sentiment score
2025-05-25 05:57:24 - sentiment_analysis        - INFO - 35.619s - Chunk 14 processed successfully. Processed 1 person events.
2025-05-25 05:57:24 - inconsistency_detection   - INFO - N/A - (Stage 2) Inconsistency analysis for chunk 14 started
2025-05-25 05:57:24 - inconsistency_detection   - INFO - 0.011s - Chunk 14 processed successfully. Processed 1 person events.
2025-05-25 05:57:24 - person_summary            - INFO - N/A - (Stage 2.1) Person attitude analysis for chunk 14 started
2025-05-25 05:57:24 - person_summary            - INFO - N/A - Missing person ID for person_event 1 in chunk 14.
2025-05-25 05:57:24 - person_summary            - INFO - N/A - No sentiment history found for person Derya Baran in chunk 14, generating new.
2025-05-25 05:57:32 - event_scoring             - INFO - 31.914s - Successfully calculated event scores
2025-05-25 05:57:32 - event_scoring             - INFO - 31.914s - Chunk 13 processed successfully. Processed 1 general events.
2025-05-25 05:57:34 - sentiment_analysis        - INFO - 33.800s - Successfully got sentiment score
2025-05-25 05:57:34 - sentiment_analysis        - INFO - 33.800s - Chunk 13 processed successfully. Processed 1 person events.
2025-05-25 05:57:34 - inconsistency_detection   - INFO - N/A - (Stage 2) Inconsistency analysis for chunk 13 started
2025-05-25 05:57:34 - inconsistency_detection   - INFO - 0.012s - Chunk 13 processed successfully. Processed 1 person events.
2025-05-25 05:57:34 - person_summary            - INFO - N/A - (Stage 2.1) Person attitude analysis for chunk 13 started
2025-05-25 05:57:34 - person_summary            - INFO - N/A - Missing person ID for person_event 1 in chunk 13.
2025-05-25 05:57:34 - person_summary            - INFO - N/A - No sentiment history found for person Alan Ahn, Third Way in chunk 13, generating new.
2025-05-25 05:57:40 - opinion_scoring           - INFO - 32.188s - Successfully calculated opinion scores
2025-05-25 05:57:40 - opinion_scoring           - INFO - 32.189s - Chunk 16 processed successfully. Processed 1 person events.
2025-05-25 05:57:40 - write_node                - INFO - N/A - (Stage 3) Scores without inconsistency case
2025-05-25 05:57:40 - write_node                - INFO - N/A - (Stage 2.1) Summary/attitude full case
2025-05-25 05:57:40 - write_node                - ERROR - N/A - Error processing person event: add_attitude_full() got an unexpected keyword argument 'is_expert_flag'
2025-05-25 05:57:40 - write_node                - INFO - N/A - Chunk 16 marked as processed
2025-05-25 05:57:41 - event_classifier          - INFO - N/A - (Stage 0) Processing chunk 9 started
2025-05-25 05:57:45 - opinion_scoring           - INFO - 30.862s - Successfully calculated opinion scores
2025-05-25 05:57:45 - opinion_scoring           - INFO - 30.863s - Chunk 15 processed successfully. Processed 1 person events.
2025-05-25 05:57:45 - write_node                - ERROR - N/A - Event scores not saved correctly: Expected 0.85, 0.75, 0.6, 0.7124999999999999 but got 0.85, 0.75, 0.6, 0.7125
2025-05-25 05:57:45 - write_node                - INFO - N/A - (Stage 3) Scores without inconsistency case
2025-05-25 05:57:45 - write_node                - INFO - N/A - (Stage 2.1) Summary/attitude full case
2025-05-25 05:57:45 - write_node                - ERROR - N/A - Error processing person event: add_attitude_full() got an unexpected keyword argument 'is_expert_flag'
2025-05-25 05:57:45 - write_node                - INFO - N/A - Chunk 15 marked as processed
2025-05-25 05:57:46 - event_classifier          - INFO - N/A - (Stage 0) Processing chunk 10 started
2025-05-25 05:57:53 - person_summary            - INFO - 28.523s - Successfully got comment
2025-05-25 05:57:53 - person_summary            - INFO - 28.524s - Chunk 14 processed successfully. Processed 1 person events.
2025-05-25 05:57:53 - opinion_scoring           - INFO - N/A - (Stage 3) Opinion scoring for chunk 14 started
2025-05-25 05:57:59 - person_summary            - INFO - 25.365s - Successfully got comment
2025-05-25 05:57:59 - person_summary            - INFO - 25.366s - Chunk 13 processed successfully. Processed 1 person events.
2025-05-25 05:57:59 - opinion_scoring           - INFO - N/A - (Stage 3) Opinion scoring for chunk 13 started
2025-05-25 05:58:13 - event_classifier          - WARNING - N/A - Received invalid JSON response: Expecting ',' delimiter: line 9 column 2 (char 420). Attempting to fix...
2025-05-25 05:58:13 - event_classifier          - WARNING - N/A - Failed parsing code block content with substring method
2025-05-25 05:58:13 - event_classifier          - INFO - N/A - Successfully reconstructed JSON with regex field extraction
2025-05-25 05:58:13 - event_classifier          - INFO - 32.175s - Chunk 9 processed, (1) general events, (1) opinions.
2025-05-25 05:58:13 - event_scoring             - INFO - N/A - (Stage 1) Event scoring for chunk 9 started
2025-05-25 05:58:13 - sentiment_analysis        - INFO - N/A - (Stage 1) Sentiment analysis for chunk 9 started
2025-05-25 05:58:26 - event_classifier          - WARNING - N/A - Received invalid JSON response: Expecting ',' delimiter: line 9 column 2 (char 369). Attempting to fix...
2025-05-25 05:58:26 - event_classifier          - WARNING - N/A - Failed parsing code block content with substring method
2025-05-25 05:58:26 - event_classifier          - INFO - N/A - Successfully reconstructed JSON with regex field extraction
2025-05-25 05:58:26 - event_classifier          - INFO - 40.489s - Chunk 10 processed, (1) general events, (1) opinions.
2025-05-25 05:58:26 - event_scoring             - INFO - N/A - (Stage 1) Event scoring for chunk 10 started
2025-05-25 05:58:26 - sentiment_analysis        - INFO - N/A - (Stage 1) Sentiment analysis for chunk 10 started
2025-05-25 05:58:32 - opinion_scoring           - INFO - 39.356s - Successfully calculated opinion scores
2025-05-25 05:58:32 - opinion_scoring           - INFO - 39.356s - Chunk 14 processed successfully. Processed 1 person events.
2025-05-25 05:58:32 - write_node                - INFO - N/A - (Stage 3) Scores without inconsistency case
2025-05-25 05:58:32 - write_node                - INFO - N/A - (Stage 2.1) Summary/attitude full case
2025-05-25 05:58:32 - write_node                - ERROR - N/A - Error processing person event: add_attitude_full() got an unexpected keyword argument 'is_expert_flag'
2025-05-25 05:58:32 - write_node                - INFO - N/A - Chunk 14 marked as processed
2025-05-25 05:58:33 - event_classifier          - INFO - N/A - (Stage 0) Processing chunk 11 started
2025-05-25 05:58:37 - opinion_scoring           - INFO - 37.495s - Successfully calculated opinion scores
2025-05-25 05:58:37 - opinion_scoring           - INFO - 37.495s - Chunk 13 processed successfully. Processed 1 person events.
2025-05-25 05:58:37 - write_node                - ERROR - N/A - Event scores not saved correctly: Expected 0.85, 0.75, 0.6, 0.7124999999999999 but got 0.85, 0.75, 0.6, 0.7125
2025-05-25 05:58:37 - write_node                - INFO - N/A - (Stage 3) Scores without inconsistency case
2025-05-25 05:58:37 - write_node                - ERROR - N/A - Opinion scores not saved correctly for ID 126: hotness: expected 0.6849999999999999, got 0.685
2025-05-25 05:58:37 - write_node                - INFO - N/A - (Stage 2.1) Summary/attitude full case
2025-05-25 05:58:37 - write_node                - ERROR - N/A - Error processing person event: add_attitude_full() got an unexpected keyword argument 'is_expert_flag'
2025-05-25 05:58:37 - write_node                - INFO - N/A - Chunk 13 marked as processed
2025-05-25 05:58:38 - event_classifier          - INFO - N/A - (Stage 0) Processing chunk 12 started
2025-05-25 05:58:45 - event_scoring             - INFO - 31.436s - Successfully calculated event scores
2025-05-25 05:58:45 - event_scoring             - INFO - 31.437s - Chunk 9 processed successfully. Processed 1 general events.
2025-05-25 05:58:46 - sentiment_analysis        - INFO - 33.341s - Successfully got sentiment score
2025-05-25 05:58:46 - sentiment_analysis        - INFO - 33.341s - Chunk 9 processed successfully. Processed 1 person events.
2025-05-25 05:58:46 - inconsistency_detection   - INFO - N/A - (Stage 2) Inconsistency analysis for chunk 9 started
2025-05-25 05:58:46 - inconsistency_detection   - INFO - 0.013s - Chunk 9 processed successfully. Processed 1 person events.
2025-05-25 05:58:46 - person_summary            - INFO - N/A - (Stage 2.1) Person attitude analysis for chunk 9 started
2025-05-25 05:58:46 - person_summary            - INFO - N/A - Missing person ID for person_event 1 in chunk 9.
2025-05-25 05:58:46 - person_summary            - INFO - N/A - No sentiment history found for person Doug Burgum in chunk 9, generating new.
2025-05-25 05:58:55 - event_scoring             - INFO - 29.418s - Successfully calculated event scores
2025-05-25 05:58:55 - event_scoring             - INFO - 29.418s - Chunk 10 processed successfully. Processed 1 general events.
2025-05-25 05:58:57 - sentiment_analysis        - INFO - 31.297s - Successfully got sentiment score
2025-05-25 05:58:57 - sentiment_analysis        - INFO - 31.297s - Chunk 10 processed successfully. Processed 1 person events.
2025-05-25 05:58:57 - inconsistency_detection   - INFO - N/A - (Stage 2) Inconsistency analysis for chunk 10 started
2025-05-25 05:58:57 - inconsistency_detection   - INFO - 0.012s - Chunk 10 processed successfully. Processed 1 person events.
2025-05-25 05:58:57 - person_summary            - INFO - N/A - (Stage 2.1) Person attitude analysis for chunk 10 started
2025-05-25 05:58:57 - person_summary            - INFO - N/A - Missing person ID for person_event 1 in chunk 10.
2025-05-25 05:58:57 - person_summary            - INFO - N/A - No sentiment history found for person Elon Musk in chunk 10, generating new.
2025-05-25 05:59:11 - event_classifier          - WARNING - N/A - Received invalid JSON response: Expecting ',' delimiter: line 9 column 2 (char 478). Attempting to fix...
2025-05-25 05:59:11 - event_classifier          - WARNING - N/A - Failed parsing code block content with substring method
2025-05-25 05:59:11 - event_classifier          - WARNING - N/A - Failed to extract with regex: Unterminated string starting at: line 1 column 245 (char 244)
2025-05-25 05:59:11 - event_classifier          - INFO - 37.575s - Chunk 11 processed, (1) general events, (1) opinions.
2025-05-25 05:59:11 - event_scoring             - INFO - N/A - (Stage 1) Event scoring for chunk 11 started
2025-05-25 05:59:11 - sentiment_analysis        - INFO - N/A - (Stage 1) Sentiment analysis for chunk 11 started
2025-05-25 05:59:27 - event_classifier          - WARNING - N/A - Received invalid JSON response: Expecting ',' delimiter: line 9 column 2 (char 582). Attempting to fix...
2025-05-25 05:59:27 - event_classifier          - WARNING - N/A - Failed parsing code block content with substring method
2025-05-25 05:59:27 - event_classifier          - WARNING - N/A - Failed to extract with regex: Unterminated string starting at: line 1 column 279 (char 278)
2025-05-25 05:59:27 - event_classifier          - INFO - 49.181s - Chunk 12 processed, (1) general events, (1) opinions.
2025-05-25 05:59:27 - event_scoring             - INFO - N/A - (Stage 1) Event scoring for chunk 12 started
2025-05-25 05:59:27 - sentiment_analysis        - INFO - N/A - (Stage 1) Sentiment analysis for chunk 12 started
2025-05-25 05:59:36 - person_summary            - ERROR - N/A - Error in refinement process: 'max_length'. Falling back to truncation.
2025-05-25 05:59:36 - person_summary            - INFO - 49.199s - Successfully got comment
2025-05-25 05:59:36 - person_summary            - INFO - 49.199s - Chunk 9 processed successfully. Processed 1 person events.
2025-05-25 05:59:36 - opinion_scoring           - INFO - N/A - (Stage 3) Opinion scoring for chunk 9 started
2025-05-25 05:59:44 - person_summary            - INFO - 46.307s - Successfully got comment
2025-05-25 05:59:44 - person_summary            - INFO - 46.309s - Chunk 10 processed successfully. Processed 1 person events.
2025-05-25 05:59:44 - opinion_scoring           - INFO - N/A - (Stage 3) Opinion scoring for chunk 10 started
2025-05-25 05:59:49 - event_scoring             - INFO - 38.963s - Successfully calculated event scores
2025-05-25 05:59:49 - event_scoring             - INFO - 38.963s - Chunk 11 processed successfully. Processed 1 general events.
2025-05-25 05:59:51 - sentiment_analysis        - INFO - 40.854s - Successfully got sentiment score
2025-05-25 05:59:51 - sentiment_analysis        - INFO - 40.854s - Chunk 11 processed successfully. Processed 1 person events.
2025-05-25 05:59:51 - inconsistency_detection   - INFO - N/A - (Stage 2) Inconsistency analysis for chunk 11 started
2025-05-25 05:59:51 - inconsistency_detection   - INFO - 0.012s - Chunk 11 processed successfully. Processed 1 person events.
2025-05-25 05:59:51 - person_summary            - INFO - N/A - (Stage 2.1) Person attitude analysis for chunk 11 started
2025-05-25 05:59:51 - person_summary            - INFO - N/A - Missing person ID for person_event 1 in chunk 11.
2025-05-25 05:59:51 - person_summary            - INFO - N/A - No sentiment history found for person Karoline Leavitt in chunk 11, generating new.
2025-05-25 06:00:00 - event_scoring             - INFO - 33.180s - Successfully calculated event scores
2025-05-25 06:00:00 - event_scoring             - INFO - 33.180s - Chunk 12 processed successfully. Processed 1 general events.
2025-05-25 06:00:02 - sentiment_analysis        - INFO - 35.089s - Successfully got sentiment score
2025-05-25 06:00:02 - sentiment_analysis        - INFO - 35.090s - Chunk 12 processed successfully. Processed 1 person events.
2025-05-25 06:00:02 - inconsistency_detection   - INFO - N/A - (Stage 2) Inconsistency analysis for chunk 12 started
2025-05-25 06:00:02 - inconsistency_detection   - INFO - 0.012s - Chunk 12 processed successfully. Processed 1 person events.
2025-05-25 06:00:02 - person_summary            - INFO - N/A - (Stage 2.1) Person attitude analysis for chunk 12 started
2025-05-25 06:00:02 - person_summary            - INFO - N/A - Missing person ID for person_event 1 in chunk 12.
2025-05-25 06:00:02 - person_summary            - INFO - N/A - No sentiment history found for person Ron Ness, president of the North Dakota Petroleum Council in chunk 12, generating new.
2025-05-25 06:00:08 - opinion_scoring           - INFO - 32.235s - Successfully calculated opinion scores
2025-05-25 06:00:08 - opinion_scoring           - INFO - 32.235s - Chunk 9 processed successfully. Processed 1 person events.
2025-05-25 06:00:08 - write_node                - ERROR - N/A - Event scores not saved correctly: Expected 0.85, 0.75, 0.6, 0.7124999999999999 but got 0.85, 0.75, 0.6, 0.7125
2025-05-25 06:00:08 - write_node                - INFO - N/A - (Stage 3) Scores without inconsistency case
2025-05-25 06:00:08 - write_node                - INFO - N/A - (Stage 2.1) Summary/attitude full case
2025-05-25 06:00:08 - write_node                - ERROR - N/A - Error processing person event: add_attitude_full() got an unexpected keyword argument 'is_expert_flag'
2025-05-25 06:00:08 - write_node                - INFO - N/A - Chunk 9 marked as processed
2025-05-25 06:00:09 - event_classifier          - INFO - N/A - (Stage 0) Processing chunk 8 started
2025-05-25 06:00:13 - opinion_scoring           - INFO - 29.061s - Successfully calculated opinion scores
2025-05-25 06:00:13 - opinion_scoring           - INFO - 29.061s - Chunk 10 processed successfully. Processed 1 person events.
2025-05-25 06:00:13 - write_node                - INFO - N/A - (Stage 3) Scores without inconsistency case
2025-05-25 06:00:13 - write_node                - INFO - N/A - (Stage 2.1) Summary/attitude full case
2025-05-25 06:00:13 - write_node                - ERROR - N/A - Error processing person event: add_attitude_full() got an unexpected keyword argument 'is_expert_flag'
2025-05-25 06:00:13 - write_node                - INFO - N/A - Chunk 10 marked as processed
2025-05-25 06:00:13 - event_classifier          - INFO - N/A - (Stage 0) Processing chunk 7 started
2025-05-25 06:00:17 - person_summary            - INFO - 25.923s - Successfully got comment
2025-05-25 06:00:17 - person_summary            - INFO - 25.924s - Chunk 11 processed successfully. Processed 1 person events.
2025-05-25 06:00:17 - opinion_scoring           - INFO - N/A - (Stage 3) Opinion scoring for chunk 11 started
2025-05-25 06:00:26 - person_summary            - INFO - 23.894s - Successfully got comment
2025-05-25 06:00:26 - person_summary            - INFO - 23.895s - Chunk 12 processed successfully. Processed 1 person events.
2025-05-25 06:00:26 - opinion_scoring           - INFO - N/A - (Stage 3) Opinion scoring for chunk 12 started
2025-05-25 06:00:44 - event_classifier          - WARNING - N/A - Received invalid JSON response: Expecting ',' delimiter: line 9 column 2 (char 579). Attempting to fix...
2025-05-25 06:00:44 - event_classifier          - WARNING - N/A - Failed parsing code block content with substring method
2025-05-25 06:00:44 - event_classifier          - WARNING - N/A - Failed to extract with regex: Unterminated string starting at: line 1 column 276 (char 275)
2025-05-25 06:00:44 - event_classifier          - INFO - 35.173s - Chunk 8 processed, (1) general events, (1) opinions.
2025-05-25 06:00:44 - event_scoring             - INFO - N/A - (Stage 1) Event scoring for chunk 8 started
2025-05-25 06:00:44 - sentiment_analysis        - INFO - N/A - (Stage 1) Sentiment analysis for chunk 8 started
2025-05-25 06:00:57 - event_classifier          - WARNING - N/A - Received invalid JSON response: Expecting ',' delimiter: line 9 column 2 (char 416). Attempting to fix...
2025-05-25 06:00:57 - event_classifier          - WARNING - N/A - Failed parsing code block content with substring method
2025-05-25 06:00:57 - event_classifier          - WARNING - N/A - Failed to extract with regex: Unterminated string starting at: line 1 column 262 (char 261)
2025-05-25 06:00:57 - event_classifier          - INFO - 43.840s - Chunk 7 processed, (1) general events, (1) opinions.
2025-05-25 06:00:57 - event_scoring             - INFO - N/A - (Stage 1) Event scoring for chunk 7 started
2025-05-25 06:00:57 - sentiment_analysis        - INFO - N/A - (Stage 1) Sentiment analysis for chunk 7 started
2025-05-25 06:01:03 - opinion_scoring           - INFO - 46.021s - Successfully calculated opinion scores
2025-05-25 06:01:03 - opinion_scoring           - INFO - 46.021s - Chunk 11 processed successfully. Processed 1 person events.
2025-05-25 06:01:03 - write_node                - ERROR - N/A - Event scores not saved correctly: Expected 0.8, 0.7, 0.6, 0.6799999999999999 but got 0.8, 0.7, 0.6, 0.68
2025-05-25 06:01:03 - write_node                - INFO - N/A - (Stage 3) Scores without inconsistency case
2025-05-25 06:01:03 - write_node                - INFO - N/A - (Stage 2.1) Summary/attitude full case
2025-05-25 06:01:03 - write_node                - ERROR - N/A - Error processing person event: add_attitude_full() got an unexpected keyword argument 'is_expert_flag'
2025-05-25 06:01:04 - write_node                - INFO - N/A - Chunk 11 marked as processed
2025-05-25 06:01:04 - event_classifier          - INFO - N/A - (Stage 0) Processing chunk 6 started
2025-05-25 06:01:09 - opinion_scoring           - INFO - 42.961s - Successfully calculated opinion scores
2025-05-25 06:01:09 - opinion_scoring           - INFO - 42.961s - Chunk 12 processed successfully. Processed 1 person events.
2025-05-25 06:01:09 - write_node                - ERROR - N/A - Event scores not saved correctly: Expected 0.85, 0.75, 0.6, 0.7124999999999999 but got 0.85, 0.75, 0.6, 0.7125
2025-05-25 06:01:09 - write_node                - INFO - N/A - (Stage 3) Scores without inconsistency case
2025-05-25 06:01:09 - write_node                - INFO - N/A - (Stage 2.1) Summary/attitude full case
2025-05-25 06:01:09 - write_node                - ERROR - N/A - Error processing person event: add_attitude_full() got an unexpected keyword argument 'is_expert_flag'
2025-05-25 06:01:09 - write_node                - INFO - N/A - Chunk 12 marked as processed
2025-05-25 06:01:09 - event_classifier          - INFO - N/A - (Stage 0) Processing chunk 32 started
2025-05-25 06:01:17 - event_scoring             - INFO - 33.083s - Successfully calculated event scores
2025-05-25 06:01:17 - event_scoring             - INFO - 33.083s - Chunk 8 processed successfully. Processed 1 general events.
2025-05-25 06:01:19 - sentiment_analysis        - INFO - 34.910s - Successfully got sentiment score
2025-05-25 06:01:19 - sentiment_analysis        - INFO - 34.910s - Chunk 8 processed successfully. Processed 1 person events.
2025-05-25 06:01:19 - inconsistency_detection   - INFO - N/A - (Stage 2) Inconsistency analysis for chunk 8 started
2025-05-25 06:01:19 - inconsistency_detection   - INFO - 0.012s - Chunk 8 processed successfully. Processed 1 person events.
2025-05-25 06:01:19 - person_summary            - INFO - N/A - (Stage 2.1) Person attitude analysis for chunk 8 started
2025-05-25 06:01:19 - person_summary            - INFO - N/A - Missing person ID for person_event 1 in chunk 8.
2025-05-25 06:01:19 - person_summary            - INFO - N/A - No sentiment history found for person Zeyneb Magavi in chunk 8, generating new.
2025-05-25 06:01:28 - event_scoring             - INFO - 30.299s - Successfully calculated event scores
2025-05-25 06:01:28 - event_scoring             - INFO - 30.299s - Chunk 7 processed successfully. Processed 1 general events.
2025-05-25 06:01:29 - sentiment_analysis        - INFO - 32.180s - Successfully got sentiment score
2025-05-25 06:01:29 - sentiment_analysis        - INFO - 32.181s - Chunk 7 processed successfully. Processed 1 person events.
2025-05-25 06:01:29 - inconsistency_detection   - INFO - N/A - (Stage 2) Inconsistency analysis for chunk 7 started
2025-05-25 06:01:29 - inconsistency_detection   - INFO - 0.012s - Chunk 7 processed successfully. Processed 1 person events.
2025-05-25 06:01:29 - person_summary            - INFO - N/A - (Stage 2.1) Person attitude analysis for chunk 7 started
2025-05-25 06:01:29 - person_summary            - INFO - N/A - Missing person ID for person_event 1 in chunk 7.
2025-05-25 06:01:29 - person_summary            - INFO - N/A - No sentiment history found for person Nikki Bruno (Eversource) in chunk 7, generating new.
2025-05-25 06:01:48 - event_classifier          - WARNING - N/A - Received invalid JSON response: Expecting ',' delimiter: line 9 column 2 (char 499). Attempting to fix...
2025-05-25 06:01:48 - event_classifier          - WARNING - N/A - Failed parsing code block content with substring method
2025-05-25 06:01:48 - event_classifier          - WARNING - N/A - Failed to extract with regex: Unterminated string starting at: line 1 column 261 (char 260)
2025-05-25 06:01:48 - event_classifier          - INFO - 44.116s - Chunk 6 processed, (1) general events, (1) opinions.
2025-05-25 06:01:48 - event_scoring             - INFO - N/A - (Stage 1) Event scoring for chunk 6 started
2025-05-25 06:01:48 - sentiment_analysis        - INFO - N/A - (Stage 1) Sentiment analysis for chunk 6 started
2025-05-25 06:02:01 - event_classifier          - WARNING - N/A - Received invalid JSON response: Expecting ',' delimiter: line 9 column 2 (char 401). Attempting to fix...
2025-05-25 06:02:01 - event_classifier          - WARNING - N/A - Failed parsing code block content with substring method
2025-05-25 06:02:01 - event_classifier          - WARNING - N/A - Failed to extract with regex: Unterminated string starting at: line 1 column 253 (char 252)
2025-05-25 06:02:01 - event_classifier          - INFO - 51.106s - Chunk 32 processed, (1) general events, (1) opinions.
2025-05-25 06:02:01 - event_scoring             - INFO - N/A - (Stage 1) Event scoring for chunk 32 started
2025-05-25 06:02:01 - sentiment_analysis        - INFO - N/A - (Stage 1) Sentiment analysis for chunk 32 started
2025-05-25 06:02:09 - person_summary            - INFO - 50.196s - Successfully got comment
2025-05-25 06:02:09 - person_summary            - INFO - 50.196s - Chunk 8 processed successfully. Processed 1 person events.
2025-05-25 06:02:09 - opinion_scoring           - INFO - N/A - (Stage 3) Opinion scoring for chunk 8 started
2025-05-25 06:02:18 - person_summary            - INFO - 48.162s - Successfully got comment
2025-05-25 06:02:18 - person_summary            - INFO - 48.163s - Chunk 7 processed successfully. Processed 1 person events.
2025-05-25 06:02:18 - opinion_scoring           - INFO - N/A - (Stage 3) Opinion scoring for chunk 7 started
2025-05-25 06:02:27 - event_scoring             - INFO - 38.388s - Successfully calculated event scores
2025-05-25 06:02:27 - event_scoring             - INFO - 38.388s - Chunk 6 processed successfully. Processed 1 general events.
2025-05-25 06:02:28 - sentiment_analysis        - INFO - 40.299s - Successfully got sentiment score
2025-05-25 06:02:28 - sentiment_analysis        - INFO - 40.299s - Chunk 6 processed successfully. Processed 1 person events.
2025-05-25 06:02:29 - inconsistency_detection   - INFO - N/A - (Stage 2) Inconsistency analysis for chunk 6 started
2025-05-25 06:02:29 - inconsistency_detection   - INFO - 0.012s - Chunk 6 processed successfully. Processed 1 person events.
2025-05-25 06:02:29 - person_summary            - INFO - N/A - (Stage 2.1) Person attitude analysis for chunk 6 started
2025-05-25 06:02:29 - person_summary            - INFO - N/A - Missing person ID for person_event 1 in chunk 6.
2025-05-25 06:02:29 - person_summary            - INFO - N/A - No sentiment history found for person Jennifer Mauchan in chunk 6, generating new.
2025-05-25 06:02:36 - event_scoring             - INFO - 35.455s - Successfully calculated event scores
2025-05-25 06:02:36 - event_scoring             - INFO - 35.455s - Chunk 32 processed successfully. Processed 1 general events.
2025-05-25 06:02:38 - sentiment_analysis        - INFO - 37.249s - Successfully got sentiment score
2025-05-25 06:02:38 - sentiment_analysis        - INFO - 37.250s - Chunk 32 processed successfully. Processed 1 person events.
2025-05-25 06:02:38 - inconsistency_detection   - INFO - N/A - (Stage 2) Inconsistency analysis for chunk 32 started
2025-05-25 06:02:38 - inconsistency_detection   - INFO - 0.024s - Chunk 32 processed successfully. Processed 1 person events.
2025-05-25 06:02:38 - person_summary            - INFO - N/A - (Stage 2.1) Person attitude analysis for chunk 32 started
2025-05-25 06:02:38 - person_summary            - INFO - N/A - Missing person ID for person_event 1 in chunk 32.
2025-05-25 06:02:38 - person_summary            - INFO - N/A - No sentiment history found for person Victor (UC San Diego) in chunk 32, generating new.
2025-05-25 06:02:44 - opinion_scoring           - INFO - 35.459s - Successfully calculated opinion scores
2025-05-25 06:02:44 - opinion_scoring           - INFO - 35.459s - Chunk 8 processed successfully. Processed 1 person events.
2025-05-25 06:02:44 - write_node                - INFO - N/A - (Stage 3) Scores without inconsistency case
2025-05-25 06:02:45 - write_node                - INFO - N/A - (Stage 2.1) Summary/attitude full case
2025-05-25 06:02:45 - write_node                - ERROR - N/A - Error processing person event: add_attitude_full() got an unexpected keyword argument 'is_expert_flag'
2025-05-25 06:02:45 - write_node                - INFO - N/A - Chunk 8 marked as processed
2025-05-25 06:02:45 - event_classifier          - INFO - N/A - (Stage 0) Processing chunk 31 started
2025-05-25 06:02:50 - opinion_scoring           - INFO - 32.005s - Successfully calculated opinion scores
2025-05-25 06:02:50 - opinion_scoring           - INFO - 32.005s - Chunk 7 processed successfully. Processed 1 person events.
2025-05-25 06:02:50 - write_node                - INFO - N/A - (Stage 3) Scores without inconsistency case
2025-05-25 06:02:50 - write_node                - INFO - N/A - (Stage 2.1) Summary/attitude full case
2025-05-25 06:02:50 - write_node                - ERROR - N/A - Error processing person event: add_attitude_full() got an unexpected keyword argument 'is_expert_flag'
2025-05-25 06:02:50 - write_node                - INFO - N/A - Chunk 7 marked as processed
2025-05-25 06:02:50 - event_classifier          - INFO - N/A - (Stage 0) Processing chunk 30 started
2025-05-25 06:02:58 - person_summary            - INFO - 29.380s - Successfully got comment
2025-05-25 06:02:58 - person_summary            - INFO - 29.381s - Chunk 6 processed successfully. Processed 1 person events.
2025-05-25 06:02:58 - opinion_scoring           - INFO - N/A - (Stage 3) Opinion scoring for chunk 6 started
2025-05-25 06:03:05 - person_summary            - INFO - 26.960s - Successfully got comment
2025-05-25 06:03:05 - person_summary            - INFO - 26.961s - Chunk 32 processed successfully. Processed 1 person events.
2025-05-25 06:03:05 - opinion_scoring           - INFO - N/A - (Stage 3) Opinion scoring for chunk 32 started
2025-05-25 06:03:21 - event_classifier          - WARNING - N/A - Received invalid JSON response: Expecting ',' delimiter: line 9 column 2 (char 464). Attempting to fix...
2025-05-25 06:03:21 - event_classifier          - WARNING - N/A - Failed parsing code block content with substring method
2025-05-25 06:03:21 - event_classifier          - WARNING - N/A - Failed to extract with regex: Unterminated string starting at: line 1 column 276 (char 275)
2025-05-25 06:03:21 - event_classifier          - INFO - 35.826s - Chunk 31 processed, (1) general events, (1) opinions.
2025-05-25 06:03:21 - event_scoring             - INFO - N/A - (Stage 1) Event scoring for chunk 31 started
2025-05-25 06:03:21 - sentiment_analysis        - INFO - N/A - (Stage 1) Sentiment analysis for chunk 31 started
2025-05-25 06:03:36 - event_classifier          - WARNING - N/A - Received invalid JSON response: Expecting ',' delimiter: line 9 column 2 (char 498). Attempting to fix...
2025-05-25 06:03:36 - event_classifier          - WARNING - N/A - Failed parsing code block content with substring method
2025-05-25 06:03:36 - event_classifier          - WARNING - N/A - Failed to extract with regex: Unterminated string starting at: line 1 column 267 (char 266)
2025-05-25 06:03:36 - event_classifier          - INFO - 45.256s - Chunk 30 processed, (1) general events, (1) opinions.
2025-05-25 06:03:36 - event_scoring             - INFO - N/A - (Stage 1) Event scoring for chunk 30 started
2025-05-25 06:03:36 - sentiment_analysis        - INFO - N/A - (Stage 1) Sentiment analysis for chunk 30 started
2025-05-25 06:03:42 - opinion_scoring           - INFO - 44.437s - Successfully calculated opinion scores
2025-05-25 06:03:42 - opinion_scoring           - INFO - 44.437s - Chunk 6 processed successfully. Processed 1 person events.
2025-05-25 06:03:42 - write_node                - INFO - N/A - (Stage 3) Scores without inconsistency case
2025-05-25 06:03:42 - write_node                - INFO - N/A - (Stage 2.1) Summary/attitude full case
2025-05-25 06:03:42 - write_node                - ERROR - N/A - Error processing person event: add_attitude_full() got an unexpected keyword argument 'is_expert_flag'
2025-05-25 06:03:42 - write_node                - INFO - N/A - Chunk 6 marked as processed
2025-05-25 06:03:43 - event_classifier          - INFO - N/A - (Stage 0) Processing chunk 33 started
2025-05-25 06:03:47 - opinion_scoring           - INFO - 42.189s - Successfully calculated opinion scores
2025-05-25 06:03:47 - opinion_scoring           - INFO - 42.189s - Chunk 32 processed successfully. Processed 1 person events.
2025-05-25 06:03:47 - write_node                - INFO - N/A - (Stage 3) Scores without inconsistency case
2025-05-25 06:03:47 - write_node                - INFO - N/A - (Stage 2.1) Summary/attitude full case
2025-05-25 06:03:47 - write_node                - ERROR - N/A - Error processing person event: add_attitude_full() got an unexpected keyword argument 'is_expert_flag'
2025-05-25 06:03:47 - write_node                - INFO - N/A - Chunk 32 marked as processed
2025-05-25 06:03:48 - event_classifier          - INFO - N/A - (Stage 0) Processing chunk 5 started
2025-05-25 06:03:56 - event_scoring             - INFO - 34.852s - Successfully calculated event scores
2025-05-25 06:03:56 - event_scoring             - INFO - 34.852s - Chunk 31 processed successfully. Processed 1 general events.
2025-05-25 06:03:58 - sentiment_analysis        - INFO - 36.740s - Successfully got sentiment score
2025-05-25 06:03:58 - sentiment_analysis        - INFO - 36.740s - Chunk 31 processed successfully. Processed 1 person events.
2025-05-25 06:03:58 - inconsistency_detection   - INFO - N/A - (Stage 2) Inconsistency analysis for chunk 31 started
2025-05-25 06:03:58 - inconsistency_detection   - INFO - 0.012s - Chunk 31 processed successfully. Processed 1 person events.
2025-05-25 06:03:58 - person_summary            - INFO - N/A - (Stage 2.1) Person attitude analysis for chunk 31 started
2025-05-25 06:03:58 - person_summary            - INFO - N/A - Missing person ID for person_event 1 in chunk 31.
2025-05-25 06:03:58 - person_summary            - INFO - N/A - No sentiment history found for person David G. Victor & Michael R. Davidson in chunk 31, generating new.
2025-05-25 06:04:07 - event_scoring             - INFO - 31.018s - Successfully calculated event scores
2025-05-25 06:04:07 - event_scoring             - INFO - 31.019s - Chunk 30 processed successfully. Processed 1 general events.
2025-05-25 06:04:09 - sentiment_analysis        - INFO - 32.920s - Successfully got sentiment score
2025-05-25 06:04:09 - sentiment_analysis        - INFO - 32.921s - Chunk 30 processed successfully. Processed 1 person events.
2025-05-25 06:04:09 - inconsistency_detection   - INFO - N/A - (Stage 2) Inconsistency analysis for chunk 30 started
2025-05-25 06:04:09 - inconsistency_detection   - INFO - 0.011s - Chunk 30 processed successfully. Processed 1 person events.
2025-05-25 06:04:09 - person_summary            - INFO - N/A - (Stage 2.1) Person attitude analysis for chunk 30 started
2025-05-25 06:04:09 - person_summary            - INFO - N/A - Missing person ID for person_event 1 in chunk 30.
2025-05-25 06:04:09 - person_summary            - INFO - N/A - No sentiment history found for person Margrethe Vestager in chunk 30, generating new.
2025-05-25 06:04:25 - event_classifier          - WARNING - N/A - Received invalid JSON response: Expecting ',' delimiter: line 9 column 2 (char 637). Attempting to fix...
2025-05-25 06:04:25 - event_classifier          - WARNING - N/A - Failed parsing code block content with substring method
2025-05-25 06:04:25 - event_classifier          - WARNING - N/A - Failed to extract with regex: Unterminated string starting at: line 1 column 227 (char 226)
2025-05-25 06:04:41 - event_classifier          - WARNING - N/A - Received invalid JSON response: Expecting ',' delimiter: line 9 column 2 (char 542). Attempting to fix...
2025-05-25 06:04:41 - event_classifier          - WARNING - N/A - Failed parsing code block content with substring method
2025-05-25 06:04:41 - event_classifier          - WARNING - N/A - Failed to extract with regex: Unterminated string starting at: line 1 column 286 (char 285)
2025-05-25 06:04:41 - event_classifier          - INFO - 53.050s - Chunk 5 processed, (1) general events, (1) opinions.
2025-05-25 06:04:41 - event_scoring             - INFO - N/A - (Stage 1) Event scoring for chunk 5 started
2025-05-25 06:04:41 - sentiment_analysis        - INFO - N/A - (Stage 1) Sentiment analysis for chunk 5 started
2025-05-25 06:04:49 - person_summary            - INFO - 50.862s - Successfully got comment
2025-05-25 06:04:49 - person_summary            - INFO - 50.863s - Chunk 31 processed successfully. Processed 1 person events.
2025-05-25 06:04:49 - opinion_scoring           - INFO - N/A - (Stage 3) Opinion scoring for chunk 31 started
2025-05-25 06:04:58 - person_summary            - ERROR - N/A - Error in refinement process: 'max_length'. Falling back to truncation.
2025-05-25 06:04:58 - person_summary            - INFO - 48.981s - Successfully got comment
2025-05-25 06:04:58 - person_summary            - INFO - 48.982s - Chunk 30 processed successfully. Processed 1 person events.
2025-05-25 06:04:58 - opinion_scoring           - INFO - N/A - (Stage 3) Opinion scoring for chunk 30 started
2025-05-25 06:05:17 - event_classifier          - INFO - 93.764s - Chunk 33 processed, (1) general events, (1) opinions.
2025-05-25 06:05:17 - event_scoring             - INFO - N/A - (Stage 1) Event scoring for chunk 33 started
2025-05-25 06:05:17 - sentiment_analysis        - INFO - N/A - (Stage 1) Sentiment analysis for chunk 33 started
2025-05-25 06:05:25 - event_scoring             - INFO - 44.660s - Successfully calculated event scores
2025-05-25 06:05:25 - event_scoring             - INFO - 44.661s - Chunk 5 processed successfully. Processed 1 general events.
2025-05-25 06:05:27 - sentiment_analysis        - INFO - 46.546s - Successfully got sentiment score
2025-05-25 06:05:27 - sentiment_analysis        - INFO - 46.546s - Chunk 5 processed successfully. Processed 1 person events.
2025-05-25 06:05:27 - inconsistency_detection   - INFO - N/A - (Stage 2) Inconsistency analysis for chunk 5 started
2025-05-25 06:05:27 - inconsistency_detection   - INFO - 0.016s - Chunk 5 processed successfully. Processed 1 person events.
2025-05-25 06:05:27 - person_summary            - INFO - N/A - (Stage 2.1) Person attitude analysis for chunk 5 started
2025-05-25 06:05:27 - person_summary            - INFO - N/A - Missing person ID for person_event 1 in chunk 5.
2025-05-25 06:05:27 - person_summary            - INFO - N/A - No sentiment history found for person Dr. Marcella Fernandes de Souza in chunk 5, generating new.
2025-05-25 06:05:34 - opinion_scoring           - INFO - 44.962s - Successfully calculated opinion scores
2025-05-25 06:05:34 - opinion_scoring           - INFO - 44.963s - Chunk 31 processed successfully. Processed 1 person events.
2025-05-25 06:05:34 - write_node                - INFO - N/A - (Stage 3) Scores without inconsistency case
2025-05-25 06:05:34 - write_node                - INFO - N/A - (Stage 2.1) Summary/attitude full case
2025-05-25 06:05:34 - write_node                - ERROR - N/A - Error processing person event: add_attitude_full() got an unexpected keyword argument 'is_expert_flag'
2025-05-25 06:05:34 - write_node                - INFO - N/A - Chunk 31 marked as processed
2025-05-25 06:05:34 - event_classifier          - INFO - N/A - (Stage 0) Processing chunk 4 started
2025-05-25 06:05:39 - opinion_scoring           - INFO - 41.216s - Successfully calculated opinion scores
2025-05-25 06:05:39 - opinion_scoring           - INFO - 41.216s - Chunk 30 processed successfully. Processed 1 person events.
2025-05-25 06:05:39 - write_node                - INFO - N/A - (Stage 3) Scores without inconsistency case
2025-05-25 06:05:39 - write_node                - INFO - N/A - (Stage 2.1) Summary/attitude full case
2025-05-25 06:05:39 - write_node                - ERROR - N/A - Error processing person event: add_attitude_full() got an unexpected keyword argument 'is_expert_flag'
2025-05-25 06:05:39 - write_node                - INFO - N/A - Chunk 30 marked as processed
2025-05-25 06:05:39 - event_classifier          - INFO - N/A - (Stage 0) Processing chunk 3 started
2025-05-25 06:05:46 - event_scoring             - INFO - 29.664s - Successfully calculated event scores
2025-05-25 06:05:46 - event_scoring             - INFO - 29.664s - Chunk 33 processed successfully. Processed 1 general events.
2025-05-25 06:05:48 - sentiment_analysis        - INFO - 31.488s - Successfully got sentiment score
2025-05-25 06:05:48 - sentiment_analysis        - INFO - 31.489s - Chunk 33 processed successfully. Processed 1 person events.
2025-05-25 06:05:48 - inconsistency_detection   - INFO - N/A - (Stage 2) Inconsistency analysis for chunk 33 started
2025-05-25 06:05:48 - inconsistency_detection   - INFO - 0.013s - Chunk 33 processed successfully. Processed 1 person events.
2025-05-25 06:05:48 - person_summary            - INFO - N/A - (Stage 2.1) Person attitude analysis for chunk 33 started
2025-05-25 06:05:48 - person_summary            - INFO - N/A - Missing person ID for person_event 1 in chunk 33.
2025-05-25 06:05:48 - person_summary            - INFO - N/A - No sentiment history found for person Victor Riesco in chunk 33, generating new.
2025-05-25 06:05:56 - person_summary            - INFO - 28.737s - Successfully got comment
2025-05-25 06:05:56 - person_summary            - INFO - 28.737s - Chunk 5 processed successfully. Processed 1 person events.
2025-05-25 06:05:56 - opinion_scoring           - INFO - N/A - (Stage 3) Opinion scoring for chunk 5 started
2025-05-25 06:06:12 - event_classifier          - WARNING - N/A - Received invalid JSON response: Expecting ',' delimiter: line 9 column 2 (char 438). Attempting to fix...
2025-05-25 06:06:12 - event_classifier          - WARNING - N/A - Failed parsing code block content with substring method
2025-05-25 06:06:12 - event_classifier          - WARNING - N/A - Failed to extract with regex: Unterminated string starting at: line 1 column 251 (char 250)
2025-05-25 06:06:12 - event_classifier          - INFO - 37.599s - Chunk 4 processed, (1) general events, (1) opinions.
2025-05-25 06:06:12 - event_scoring             - INFO - N/A - (Stage 1) Event scoring for chunk 4 started
2025-05-25 06:06:12 - sentiment_analysis        - INFO - N/A - (Stage 1) Sentiment analysis for chunk 4 started
2025-05-25 06:06:29 - event_classifier          - WARNING - N/A - Received invalid JSON response: Invalid control character at: line 7 column 41 (char 309). Attempting to fix...
2025-05-25 06:06:29 - event_classifier          - WARNING - N/A - Failed parsing code block content with substring method
2025-05-25 06:06:29 - event_classifier          - WARNING - N/A - Failed to extract with regex: Invalid control character at: line 1 column 294 (char 293)
2025-05-25 06:06:29 - event_classifier          - INFO - 49.988s - Chunk 3 processed, (1) general events, (1) opinions.
2025-05-25 06:06:29 - event_scoring             - INFO - N/A - (Stage 1) Event scoring for chunk 3 started
2025-05-25 06:06:29 - sentiment_analysis        - INFO - N/A - (Stage 1) Sentiment analysis for chunk 3 started
2025-05-25 06:06:36 - person_summary            - INFO - 47.758s - Successfully got comment
2025-05-25 06:06:36 - person_summary            - INFO - 47.758s - Chunk 33 processed successfully. Processed 1 person events.
2025-05-25 06:06:36 - opinion_scoring           - INFO - N/A - (Stage 3) Opinion scoring for chunk 33 started
2025-05-25 06:06:42 - opinion_scoring           - INFO - 46.279s - Successfully calculated opinion scores
2025-05-25 06:06:42 - opinion_scoring           - INFO - 46.279s - Chunk 5 processed successfully. Processed 1 person events.
2025-05-25 06:06:42 - write_node                - INFO - N/A - (Stage 3) Scores without inconsistency case
2025-05-25 06:06:42 - write_node                - INFO - N/A - (Stage 2.1) Summary/attitude full case
2025-05-25 06:06:42 - write_node                - ERROR - N/A - Error processing person event: add_attitude_full() got an unexpected keyword argument 'is_expert_flag'
2025-05-25 06:06:42 - write_node                - INFO - N/A - Chunk 5 marked as processed
2025-05-25 06:06:43 - event_classifier          - INFO - N/A - (Stage 0) Processing chunk 2 started
2025-05-25 06:06:51 - event_scoring             - INFO - 39.067s - Successfully calculated event scores
2025-05-25 06:06:51 - event_scoring             - INFO - 39.067s - Chunk 4 processed successfully. Processed 1 general events.
2025-05-25 06:06:53 - sentiment_analysis        - INFO - 40.755s - Successfully got sentiment score
2025-05-25 06:06:53 - sentiment_analysis        - INFO - 40.755s - Chunk 4 processed successfully. Processed 1 person events.
2025-05-25 06:06:53 - inconsistency_detection   - INFO - N/A - (Stage 2) Inconsistency analysis for chunk 4 started
2025-05-25 06:06:53 - inconsistency_detection   - INFO - 0.012s - Chunk 4 processed successfully. Processed 1 person events.
2025-05-25 06:06:53 - person_summary            - INFO - N/A - (Stage 2.1) Person attitude analysis for chunk 4 started
2025-05-25 06:06:53 - person_summary            - INFO - N/A - Missing person ID for person_event 1 in chunk 4.
2025-05-25 06:06:53 - person_summary            - INFO - N/A - No sentiment history found for person Redha (HyveGeo) in chunk 4, generating new.
2025-05-25 06:07:02 - event_scoring             - INFO - 32.478s - Successfully calculated event scores
2025-05-25 06:07:02 - event_scoring             - INFO - 32.478s - Chunk 3 processed successfully. Processed 1 general events.
2025-05-25 06:07:04 - sentiment_analysis        - INFO - 34.299s - Successfully got sentiment score
2025-05-25 06:07:04 - sentiment_analysis        - INFO - 34.299s - Chunk 3 processed successfully. Processed 1 person events.
2025-05-25 06:07:04 - inconsistency_detection   - INFO - N/A - (Stage 2) Inconsistency analysis for chunk 3 started
2025-05-25 06:07:04 - inconsistency_detection   - INFO - 0.012s - Chunk 3 processed successfully. Processed 1 person events.
2025-05-25 06:07:04 - person_summary            - INFO - N/A - (Stage 2.1) Person attitude analysis for chunk 3 started
2025-05-25 06:07:04 - person_summary            - INFO - N/A - Missing person ID for person_event 1 in chunk 3.
2025-05-25 06:07:04 - person_summary            - INFO - N/A - No sentiment history found for person Dr. Samsurin Welch” in chunk 3, generating new.
2025-05-25 06:07:10 - opinion_scoring           - INFO - 34.216s - Successfully calculated opinion scores
2025-05-25 06:07:10 - opinion_scoring           - INFO - 34.216s - Chunk 33 processed successfully. Processed 1 person events.
2025-05-25 06:07:10 - write_node                - INFO - N/A - (Stage 3) Scores without inconsistency case
2025-05-25 06:07:10 - write_node                - ERROR - N/A - Opinion scores not saved correctly for ID 138: hotness: expected 0.8074999999999999, got 0.8075
2025-05-25 06:07:10 - write_node                - INFO - N/A - (Stage 2.1) Summary/attitude full case
2025-05-25 06:07:10 - write_node                - ERROR - N/A - Error processing person event: add_attitude_full() got an unexpected keyword argument 'is_expert_flag'
2025-05-25 06:07:10 - write_node                - INFO - N/A - Chunk 33 marked as processed
2025-05-25 06:07:11 - event_classifier          - INFO - N/A - (Stage 0) Processing chunk 1 started
2025-05-25 06:07:25 - event_classifier          - WARNING - N/A - Received invalid JSON response: Invalid control character at: line 7 column 36 (char 275). Attempting to fix...
2025-05-25 06:07:25 - event_classifier          - WARNING - N/A - Failed parsing code block content with substring method
2025-05-25 06:07:25 - event_classifier          - WARNING - N/A - Failed to extract with regex: Invalid control character at: line 1 column 260 (char 259)
2025-05-25 06:07:25 - event_classifier          - INFO - 42.237s - Chunk 2 processed, (1) general events, (1) opinions.
2025-05-25 06:07:25 - event_scoring             - INFO - N/A - (Stage 1) Event scoring for chunk 2 started
2025-05-25 06:07:25 - sentiment_analysis        - INFO - N/A - (Stage 1) Sentiment analysis for chunk 2 started
2025-05-25 06:07:35 - person_summary            - ERROR - N/A - Error in refinement process: 'max_length'. Falling back to truncation.
2025-05-25 06:07:35 - person_summary            - INFO - 42.481s - Successfully got comment
2025-05-25 06:07:35 - person_summary            - INFO - 42.482s - Chunk 4 processed successfully. Processed 1 person events.
2025-05-25 06:07:35 - opinion_scoring           - INFO - N/A - (Stage 3) Opinion scoring for chunk 4 started
2025-05-25 06:07:45 - person_summary            - INFO - 40.918s - Successfully got comment
2025-05-25 06:07:45 - person_summary            - INFO - 40.919s - Chunk 3 processed successfully. Processed 1 person events.
2025-05-25 06:07:45 - opinion_scoring           - INFO - N/A - (Stage 3) Opinion scoring for chunk 3 started
2025-05-25 06:07:58 - event_classifier          - WARNING - N/A - Received invalid JSON response: Expecting ',' delimiter: line 9 column 2 (char 379). Attempting to fix...
2025-05-25 06:07:58 - event_classifier          - WARNING - N/A - Failed parsing code block content with substring method
2025-05-25 06:07:58 - event_classifier          - WARNING - N/A - Failed to extract with regex: Unterminated string starting at: line 1 column 227 (char 226)
2025-05-25 06:07:58 - event_classifier          - INFO - 47.332s - Chunk 1 processed, (1) general events, (1) opinions.
2025-05-25 06:07:58 - event_scoring             - INFO - N/A - (Stage 1) Event scoring for chunk 1 started
2025-05-25 06:07:58 - sentiment_analysis        - INFO - N/A - (Stage 1) Sentiment analysis for chunk 1 started
2025-05-25 06:08:07 - event_scoring             - INFO - 41.632s - Successfully calculated event scores
2025-05-25 06:08:07 - event_scoring             - INFO - 41.632s - Chunk 2 processed successfully. Processed 1 general events.
2025-05-25 06:08:09 - sentiment_analysis        - INFO - 43.421s - Successfully got sentiment score
2025-05-25 06:08:09 - sentiment_analysis        - INFO - 43.422s - Chunk 2 processed successfully. Processed 1 person events.
2025-05-25 06:08:09 - inconsistency_detection   - INFO - N/A - (Stage 2) Inconsistency analysis for chunk 2 started
2025-05-25 06:08:09 - inconsistency_detection   - INFO - 0.012s - Chunk 2 processed successfully. Processed 1 person events.
2025-05-25 06:08:09 - person_summary            - INFO - N/A - (Stage 2.1) Person attitude analysis for chunk 2 started
2025-05-25 06:08:09 - person_summary            - INFO - N/A - Missing person ID for person_event 1 in chunk 2.
2025-05-25 06:08:09 - person_summary            - INFO - N/A - No sentiment history found for person Susan Collins” in chunk 2, generating new.
2025-05-25 06:08:15 - opinion_scoring           - INFO - 40.031s - Successfully calculated opinion scores
2025-05-25 06:08:15 - opinion_scoring           - INFO - 40.032s - Chunk 4 processed successfully. Processed 1 person events.
2025-05-25 06:08:15 - write_node                - INFO - N/A - (Stage 3) Scores without inconsistency case
2025-05-25 06:08:15 - write_node                - INFO - N/A - (Stage 2.1) Summary/attitude full case
2025-05-25 06:08:15 - write_node                - ERROR - N/A - Error processing person event: add_attitude_full() got an unexpected keyword argument 'is_expert_flag'
2025-05-25 06:08:15 - write_node                - INFO - N/A - Chunk 4 marked as processed
2025-05-25 06:08:20 - opinion_scoring           - INFO - 35.769s - Successfully calculated opinion scores
2025-05-25 06:08:20 - opinion_scoring           - INFO - 35.769s - Chunk 3 processed successfully. Processed 1 person events.
2025-05-25 06:08:21 - write_node                - ERROR - N/A - Event scores not saved correctly: Expected 0.85, 0.75, 0.6, 0.7124999999999999 but got 0.85, 0.75, 0.6, 0.7125
2025-05-25 06:08:21 - write_node                - INFO - N/A - (Stage 3) Scores without inconsistency case
2025-05-25 06:08:21 - write_node                - ERROR - N/A - Opinion scores not saved correctly for ID 140: hotness: expected 0.7749999999999999, got 0.775
2025-05-25 06:08:21 - write_node                - INFO - N/A - (Stage 2.1) Summary/attitude full case
2025-05-25 06:08:21 - write_node                - ERROR - N/A - Error processing person event: add_attitude_full() got an unexpected keyword argument 'is_expert_flag'
2025-05-25 06:08:21 - write_node                - INFO - N/A - Chunk 3 marked as processed
2025-05-25 06:08:29 - event_scoring             - INFO - 30.655s - Successfully calculated event scores
2025-05-25 06:08:29 - event_scoring             - INFO - 30.655s - Chunk 1 processed successfully. Processed 1 general events.
2025-05-25 06:08:31 - sentiment_analysis        - INFO - 32.532s - Successfully got sentiment score
2025-05-25 06:08:31 - sentiment_analysis        - INFO - 32.532s - Chunk 1 processed successfully. Processed 1 person events.
2025-05-25 06:08:31 - inconsistency_detection   - INFO - N/A - (Stage 2) Inconsistency analysis for chunk 1 started
2025-05-25 06:08:31 - inconsistency_detection   - INFO - 0.011s - Chunk 1 processed successfully. Processed 1 person events.
2025-05-25 06:08:31 - person_summary            - INFO - N/A - (Stage 2.1) Person attitude analysis for chunk 1 started
2025-05-25 06:08:31 - person_summary            - INFO - N/A - Missing person ID for person_event 1 in chunk 1.
2025-05-25 06:08:31 - person_summary            - INFO - N/A - No sentiment history found for person Paula Glover in chunk 1, generating new.
2025-05-25 06:08:39 - person_summary            - INFO - 30.042s - Successfully got comment
2025-05-25 06:08:39 - person_summary            - INFO - 30.043s - Chunk 2 processed successfully. Processed 1 person events.
2025-05-25 06:08:39 - opinion_scoring           - INFO - N/A - (Stage 3) Opinion scoring for chunk 2 started
2025-05-25 06:08:47 - person_summary            - INFO - 15.646s - Successfully got comment
2025-05-25 06:08:47 - person_summary            - INFO - 15.647s - Chunk 1 processed successfully. Processed 1 person events.
2025-05-25 06:08:47 - opinion_scoring           - INFO - N/A - (Stage 3) Opinion scoring for chunk 1 started
2025-05-25 06:08:53 - opinion_scoring           - INFO - 13.915s - Successfully calculated opinion scores
2025-05-25 06:08:53 - opinion_scoring           - INFO - 13.915s - Chunk 2 processed successfully. Processed 1 person events.
2025-05-25 06:08:53 - write_node                - INFO - N/A - (Stage 3) Scores without inconsistency case
2025-05-25 06:08:53 - write_node                - INFO - N/A - (Stage 2.1) Summary/attitude full case
2025-05-25 06:08:53 - write_node                - ERROR - N/A - Error processing person event: add_attitude_full() got an unexpected keyword argument 'is_expert_flag'
2025-05-25 06:08:53 - write_node                - INFO - N/A - Chunk 2 marked as processed
2025-05-25 06:08:57 - opinion_scoring           - INFO - 10.707s - Successfully calculated opinion scores
2025-05-25 06:08:57 - opinion_scoring           - INFO - 10.707s - Chunk 1 processed successfully. Processed 1 person events.
2025-05-25 06:08:57 - write_node                - INFO - N/A - (Stage 3) Scores without inconsistency case
2025-05-25 06:08:57 - write_node                - ERROR - N/A - Opinion scores not saved correctly for ID 142: hotness: expected 0.44499999999999995, got 0.445
2025-05-25 06:08:57 - write_node                - INFO - N/A - (Stage 2.1) Summary/attitude full case
2025-05-25 06:08:57 - write_node                - ERROR - N/A - Error processing person event: add_attitude_full() got an unexpected keyword argument 'is_expert_flag'
2025-05-25 06:08:57 - write_node                - INFO - N/A - Chunk 1 marked as processed
2025-05-25 06:08:58 - main                      - INFO - N/A - Processed 142 of 142 chunks successfully
