2025-05-24 23:00:22 - DBConnector               - INFO - 0.007s - Person not found
2025-05-24 23:00:36 - DBConnector               - INFO - 0.003s - Person not found
2025-05-24 23:00:51 - DBConnector               - INFO - 0.004s - Person not found
2025-05-24 23:01:06 - DBConnector               - INFO - 0.003s - Person not found
2025-05-24 23:02:00 - DBConnector               - INFO - 0.035s - Event added with event_id: 1
2025-05-24 23:02:00 - DBConnector               - INFO - 0.002s - Person not found
2025-05-24 23:02:00 - DBConnector               - INFO - 0.024s - Person added with person_id: 1
2025-05-24 23:02:00 - DBConnector               - INFO - 0.007s - Opinion not found
2025-05-24 23:02:00 - DBConnector               - INFO - 0.035s - Opinion added with opinion_id: 1
2025-05-24 23:02:00 - DBConnector               - INFO - 0.006s - Opinion found with opinion_id: 1
2025-05-24 23:02:01 - DBConnector               - INFO - 0.004s - Article chunk with chunk_id=141 updated successfully
2025-05-24 23:02:09 - DBConnector               - INFO - 0.029s - Event added with event_id: 2
2025-05-24 23:02:09 - DBConnector               - INFO - 0.003s - Person not found
2025-05-24 23:02:09 - DBConnector               - INFO - 0.025s - Person added with person_id: 2
2025-05-24 23:02:09 - DBConnector               - INFO - 0.004s - Opinion not found
2025-05-24 23:02:09 - DBConnector               - INFO - 0.028s - Opinion added with opinion_id: 2
2025-05-24 23:02:09 - DBConnector               - INFO - 0.004s - Opinion found with opinion_id: 2
2025-05-24 23:02:09 - DBConnector               - INFO - 0.002s - Article chunk with chunk_id=138 updated successfully
2025-05-24 23:02:17 - DBConnector               - INFO - 0.030s - Event added with event_id: 3
2025-05-24 23:02:17 - DBConnector               - INFO - 0.004s - Person not found
2025-05-24 23:02:17 - DBConnector               - INFO - 0.026s - Person added with person_id: 3
2025-05-24 23:02:17 - DBConnector               - INFO - 0.004s - Opinion not found
2025-05-24 23:02:17 - DBConnector               - INFO - 0.029s - Opinion added with opinion_id: 3
2025-05-24 23:02:17 - DBConnector               - INFO - 0.005s - Opinion found with opinion_id: 3
2025-05-24 23:02:17 - DBConnector               - INFO - 0.004s - Article chunk with chunk_id=142 updated successfully
2025-05-24 23:02:25 - DBConnector               - INFO - 0.028s - Event added with event_id: 4
2025-05-24 23:02:25 - DBConnector               - INFO - 0.004s - Person not found
2025-05-24 23:02:25 - DBConnector               - INFO - 0.024s - Person added with person_id: 4
2025-05-24 23:02:25 - DBConnector               - INFO - 0.005s - Opinion not found
2025-05-24 23:02:25 - DBConnector               - INFO - 0.027s - Opinion added with opinion_id: 4
2025-05-24 23:02:25 - DBConnector               - INFO - 0.004s - Opinion found with opinion_id: 4
2025-05-24 23:02:25 - DBConnector               - INFO - 0.003s - Article chunk with chunk_id=140 updated successfully
2025-05-24 23:03:55 - DBConnector               - INFO - 0.006s - Found 1 opinions for person_id 2
2025-05-24 23:03:55 - DBConnector               - INFO - 0.005s - Found 1 sentiment records for person_id 2 on topic_id 1
2025-05-24 23:03:55 - DBConnector               - INFO - 0.004s - Attitude with fk_topic_id 1 and fk_person_id 2 not found
2025-05-24 23:04:09 - DBConnector               - INFO - 0.003s - Person not found
2025-05-24 23:04:21 - DBConnector               - INFO - 0.007s - Found 1 opinions for person_id 2
2025-05-24 23:04:21 - DBConnector               - INFO - 0.005s - Found 1 sentiment records for person_id 2 on topic_id 1
2025-05-24 23:04:21 - DBConnector               - INFO - 0.004s - Attitude with fk_topic_id 1 and fk_person_id 2 not found
2025-05-24 23:04:34 - DBConnector               - INFO - 0.003s - Person not found
2025-05-24 23:05:24 - DBConnector               - INFO - 0.034s - Event added with event_id: 5
2025-05-24 23:05:24 - DBConnector               - INFO - 0.005s - Opinion not found
2025-05-24 23:05:24 - DBConnector               - INFO - 0.027s - Opinion added with opinion_id: 5
2025-05-24 23:05:24 - DBConnector               - INFO - 0.004s - Opinion found with opinion_id: 5
2025-05-24 23:05:24 - DBConnector               - INFO - 0.004s - Article chunk with chunk_id=139 updated successfully
2025-05-24 23:05:32 - DBConnector               - INFO - 0.028s - Event added with event_id: 6
2025-05-24 23:05:32 - DBConnector               - INFO - 0.004s - Person not found
2025-05-24 23:05:32 - DBConnector               - INFO - 0.027s - Person added with person_id: 5
2025-05-24 23:05:32 - DBConnector               - INFO - 0.004s - Opinion not found
2025-05-24 23:05:32 - DBConnector               - INFO - 0.028s - Opinion added with opinion_id: 6
2025-05-24 23:05:32 - DBConnector               - INFO - 0.004s - Opinion found with opinion_id: 6
2025-05-24 23:05:32 - DBConnector               - INFO - 0.003s - Article chunk with chunk_id=136 updated successfully
2025-05-24 23:05:40 - DBConnector               - INFO - 0.028s - Event added with event_id: 7
2025-05-24 23:05:40 - DBConnector               - INFO - 0.004s - Opinion not found
2025-05-24 23:05:40 - DBConnector               - INFO - 0.028s - Opinion added with opinion_id: 7
2025-05-24 23:05:40 - DBConnector               - INFO - 0.005s - Opinion found with opinion_id: 7
2025-05-24 23:05:40 - DBConnector               - INFO - 0.004s - Article chunk with chunk_id=135 updated successfully
2025-05-24 23:05:48 - DBConnector               - INFO - 0.030s - Event added with event_id: 8
2025-05-24 23:05:48 - DBConnector               - INFO - 0.002s - Person not found
2025-05-24 23:05:48 - DBConnector               - INFO - 0.024s - Person added with person_id: 6
2025-05-24 23:05:48 - DBConnector               - INFO - 0.005s - Opinion not found
2025-05-24 23:05:48 - DBConnector               - INFO - 0.028s - Opinion added with opinion_id: 8
2025-05-24 23:05:48 - DBConnector               - INFO - 0.004s - Opinion found with opinion_id: 8
2025-05-24 23:05:48 - DBConnector               - INFO - 0.004s - Article chunk with chunk_id=137 updated successfully
2025-05-24 23:07:39 - DBConnector               - INFO - 0.003s - Person not found
2025-05-24 23:07:53 - DBConnector               - INFO - 0.003s - Person not found
2025-05-24 23:08:06 - DBConnector               - INFO - 0.006s - Found 3 opinions for person_id 2
2025-05-24 23:08:58 - DBConnector               - INFO - 0.004s - Found 3 sentiment records for person_id 2 on topic_id 1
2025-05-24 23:08:58 - DBConnector               - INFO - 0.004s - Attitude with fk_topic_id 1 and fk_person_id 2 not found
2025-05-24 23:09:12 - DBConnector               - INFO - 0.002s - Person not found
2025-05-24 23:09:21 - DBConnector               - INFO - 0.028s - Event added with event_id: 9
2025-05-24 23:09:21 - DBConnector               - INFO - 0.003s - Person not found
2025-05-24 23:09:21 - DBConnector               - INFO - 0.024s - Person added with person_id: 7
2025-05-24 23:09:21 - DBConnector               - INFO - 0.004s - Opinion not found
2025-05-24 23:09:21 - DBConnector               - INFO - 0.027s - Opinion added with opinion_id: 9
2025-05-24 23:09:21 - DBConnector               - INFO - 0.005s - Opinion found with opinion_id: 9
2025-05-24 23:09:21 - DBConnector               - INFO - 0.003s - Article chunk with chunk_id=134 updated successfully
2025-05-24 23:09:29 - DBConnector               - INFO - 0.029s - Event added with event_id: 10
2025-05-24 23:09:29 - DBConnector               - INFO - 0.004s - Person not found
2025-05-24 23:09:29 - DBConnector               - INFO - 0.030s - Person added with person_id: 8
2025-05-24 23:09:29 - DBConnector               - INFO - 0.005s - Opinion not found
2025-05-24 23:09:29 - DBConnector               - INFO - 0.029s - Opinion added with opinion_id: 10
2025-05-24 23:09:29 - DBConnector               - INFO - 0.005s - Opinion found with opinion_id: 10
2025-05-24 23:09:29 - DBConnector               - INFO - 0.003s - Article chunk with chunk_id=133 updated successfully
2025-05-24 23:22:18 - DBConnector               - INFO - 0.020s - Person not found
2025-05-24 23:22:27 - DBConnector               - INFO - 0.003s - Person not found
2025-05-24 23:22:37 - DBConnector               - INFO - 0.013s - Found 3 opinions for person_id 2
2025-05-24 23:23:20 - DBConnector               - INFO - 0.009s - Found 3 sentiment records for person_id 2 on topic_id 1
2025-05-24 23:23:20 - DBConnector               - INFO - 0.005s - Attitude with fk_topic_id 1 and fk_person_id 2 not found
2025-05-24 23:23:31 - DBConnector               - INFO - 0.004s - Person not found
2025-05-24 23:23:39 - DBConnector               - INFO - 0.040s - Event added with event_id: 11
2025-05-24 23:23:39 - DBConnector               - INFO - 0.003s - Person not found
2025-05-24 23:23:39 - DBConnector               - INFO - 0.030s - Person added with person_id: 9
2025-05-24 23:23:39 - DBConnector               - INFO - 0.006s - Opinion not found
2025-05-24 23:23:39 - DBConnector               - INFO - 0.034s - Opinion added with opinion_id: 11
2025-05-24 23:23:39 - DBConnector               - INFO - 0.005s - Opinion found with opinion_id: 11
2025-05-24 23:23:39 - DBConnector               - INFO - 0.004s - Article chunk with chunk_id=130 updated successfully
2025-05-24 23:23:45 - DBConnector               - INFO - 0.030s - Event added with event_id: 12
2025-05-24 23:23:45 - DBConnector               - INFO - 0.003s - Person not found
2025-05-24 23:23:45 - DBConnector               - INFO - 0.024s - Person added with person_id: 10
2025-05-24 23:23:45 - DBConnector               - INFO - 0.004s - Opinion not found
2025-05-24 23:23:45 - DBConnector               - INFO - 0.028s - Opinion added with opinion_id: 12
2025-05-24 23:23:45 - DBConnector               - INFO - 0.004s - Opinion found with opinion_id: 12
2025-05-24 23:23:45 - DBConnector               - INFO - 0.003s - Article chunk with chunk_id=131 updated successfully
2025-05-24 23:24:43 - DBConnector               - INFO - 0.032s - Event added with event_id: 13
2025-05-24 23:24:43 - DBConnector               - INFO - 0.004s - Opinion not found
2025-05-24 23:24:43 - DBConnector               - INFO - 0.031s - Opinion added with opinion_id: 13
2025-05-24 23:24:43 - DBConnector               - INFO - 0.005s - Opinion found with opinion_id: 13
2025-05-24 23:24:43 - DBConnector               - INFO - 0.002s - Article chunk with chunk_id=128 updated successfully
2025-05-24 23:24:49 - DBConnector               - INFO - 0.035s - Event added with event_id: 14
2025-05-24 23:24:49 - DBConnector               - INFO - 0.003s - Person not found
2025-05-24 23:24:49 - DBConnector               - INFO - 0.025s - Person added with person_id: 11
2025-05-24 23:24:49 - DBConnector               - INFO - 0.004s - Opinion not found
2025-05-24 23:24:49 - DBConnector               - INFO - 0.027s - Opinion added with opinion_id: 14
2025-05-24 23:24:49 - DBConnector               - INFO - 0.004s - Opinion found with opinion_id: 14
2025-05-24 23:24:49 - DBConnector               - INFO - 0.004s - Article chunk with chunk_id=129 updated successfully
2025-05-24 23:25:00 - DBConnector               - INFO - 0.008s - Found 1 opinions for person_id 10
2025-05-24 23:25:09 - DBConnector               - INFO - 0.004s - Person not found
2025-05-24 23:25:49 - DBConnector               - INFO - 0.004s - Found 1 sentiment records for person_id 10 on topic_id 1
2025-05-24 23:25:49 - DBConnector               - INFO - 0.004s - Attitude with fk_topic_id 1 and fk_person_id 10 not found
2025-05-24 23:26:07 - DBConnector               - INFO - 0.003s - Person not found
2025-05-24 23:26:17 - DBConnector               - INFO - 0.003s - Person not found
2025-05-24 23:26:35 - DBConnector               - INFO - 0.032s - Event added with event_id: 15
2025-05-24 23:26:35 - DBConnector               - INFO - 0.003s - Person not found
2025-05-24 23:26:35 - DBConnector               - INFO - 0.026s - Person added with person_id: 12
2025-05-24 23:26:35 - DBConnector               - INFO - 0.004s - Opinion not found
2025-05-24 23:26:35 - DBConnector               - INFO - 0.034s - Opinion added with opinion_id: 15
2025-05-24 23:26:35 - DBConnector               - INFO - 0.005s - Opinion found with opinion_id: 15
2025-05-24 23:26:35 - DBConnector               - INFO - 0.003s - Article chunk with chunk_id=127 updated successfully
2025-05-24 23:27:04 - DBConnector               - INFO - 0.030s - Event added with event_id: 16
2025-05-24 23:27:04 - DBConnector               - INFO - 0.004s - Opinion not found
2025-05-24 23:27:04 - DBConnector               - INFO - 0.028s - Opinion added with opinion_id: 16
2025-05-24 23:27:04 - DBConnector               - INFO - 0.005s - Opinion found with opinion_id: 16
2025-05-24 23:27:04 - DBConnector               - INFO - 0.002s - Article chunk with chunk_id=132 updated successfully
2025-05-24 23:27:32 - DBConnector               - INFO - 0.033s - Event added with event_id: 17
2025-05-24 23:27:32 - DBConnector               - INFO - 0.003s - Person not found
2025-05-24 23:27:32 - DBConnector               - INFO - 0.029s - Person added with person_id: 13
2025-05-24 23:27:32 - DBConnector               - INFO - 0.004s - Opinion not found
2025-05-24 23:27:32 - DBConnector               - INFO - 0.027s - Opinion added with opinion_id: 17
2025-05-24 23:27:32 - DBConnector               - INFO - 0.004s - Opinion found with opinion_id: 17
2025-05-24 23:27:32 - DBConnector               - INFO - 0.004s - Article chunk with chunk_id=126 updated successfully
2025-05-24 23:27:38 - DBConnector               - INFO - 0.031s - Event added with event_id: 18
2025-05-24 23:27:38 - DBConnector               - INFO - 0.003s - Person not found
2025-05-24 23:27:38 - DBConnector               - INFO - 0.027s - Person added with person_id: 14
2025-05-24 23:27:38 - DBConnector               - INFO - 0.004s - Opinion not found
2025-05-24 23:27:38 - DBConnector               - INFO - 0.030s - Opinion added with opinion_id: 18
2025-05-24 23:27:38 - DBConnector               - INFO - 0.004s - Opinion found with opinion_id: 18
2025-05-24 23:27:38 - DBConnector               - INFO - 0.004s - Article chunk with chunk_id=125 updated successfully
2025-05-24 23:28:07 - DBConnector               - INFO - 0.003s - Person not found
2025-05-24 23:28:55 - DBConnector               - INFO - 0.003s - Person not found
2025-05-24 23:29:14 - DBConnector               - INFO - 0.007s - Found 4 opinions for person_id 2
2025-05-24 23:29:25 - DBConnector               - INFO - 0.004s - Person not found
2025-05-24 23:29:48 - DBConnector               - INFO - 0.029s - Event added with event_id: 19
2025-05-24 23:29:48 - DBConnector               - INFO - 0.002s - Person not found
2025-05-24 23:29:48 - DBConnector               - INFO - 0.025s - Person added with person_id: 15
2025-05-24 23:29:48 - DBConnector               - INFO - 0.004s - Opinion not found
2025-05-24 23:29:49 - DBConnector               - INFO - 0.028s - Opinion added with opinion_id: 19
2025-05-24 23:29:49 - DBConnector               - INFO - 0.005s - Opinion found with opinion_id: 19
2025-05-24 23:29:49 - DBConnector               - INFO - 0.004s - Article chunk with chunk_id=124 updated successfully
2025-05-24 23:30:12 - DBConnector               - INFO - 0.032s - Event added with event_id: 20
2025-05-24 23:30:12 - DBConnector               - INFO - 0.002s - Person not found
2025-05-24 23:30:12 - DBConnector               - INFO - 0.026s - Person added with person_id: 16
2025-05-24 23:30:12 - DBConnector               - INFO - 0.004s - Opinion not found
2025-05-24 23:30:12 - DBConnector               - INFO - 0.028s - Opinion added with opinion_id: 20
2025-05-24 23:30:12 - DBConnector               - INFO - 0.004s - Opinion found with opinion_id: 20
2025-05-24 23:30:12 - DBConnector               - INFO - 0.004s - Article chunk with chunk_id=123 updated successfully
2025-05-24 23:30:41 - DBConnector               - INFO - 0.005s - Found 4 sentiment records for person_id 2 on topic_id 1
2025-05-24 23:30:41 - DBConnector               - INFO - 0.003s - Attitude with fk_topic_id 1 and fk_person_id 2 not found
2025-05-24 23:30:48 - DBConnector               - INFO - 0.036s - Event added with event_id: 21
2025-05-24 23:30:48 - DBConnector               - INFO - 0.003s - Person not found
2025-05-24 23:30:48 - DBConnector               - INFO - 0.027s - Person added with person_id: 17
2025-05-24 23:30:48 - DBConnector               - INFO - 0.004s - Opinion not found
2025-05-24 23:30:48 - DBConnector               - INFO - 0.027s - Opinion added with opinion_id: 21
2025-05-24 23:30:48 - DBConnector               - INFO - 0.004s - Opinion found with opinion_id: 21
2025-05-24 23:30:48 - DBConnector               - INFO - 0.004s - Article chunk with chunk_id=121 updated successfully
2025-05-24 23:31:12 - DBConnector               - INFO - 0.003s - Person not found
2025-05-24 23:31:47 - DBConnector               - INFO - 0.003s - Person not found
2025-05-24 23:32:02 - DBConnector               - INFO - 0.029s - Event added with event_id: 22
2025-05-24 23:32:02 - DBConnector               - INFO - 0.005s - Opinion not found
2025-05-24 23:32:02 - DBConnector               - INFO - 0.029s - Opinion added with opinion_id: 22
2025-05-24 23:32:02 - DBConnector               - INFO - 0.005s - Opinion found with opinion_id: 22
2025-05-24 23:32:02 - DBConnector               - INFO - 0.004s - Article chunk with chunk_id=122 updated successfully
2025-05-24 23:32:11 - DBConnector               - INFO - 0.003s - Person not found
2025-05-24 23:32:27 - DBConnector               - INFO - 0.028s - Event added with event_id: 23
2025-05-24 23:32:27 - DBConnector               - INFO - 0.003s - Person not found
2025-05-24 23:32:27 - DBConnector               - INFO - 0.026s - Person added with person_id: 18
2025-05-24 23:32:27 - DBConnector               - INFO - 0.004s - Opinion not found
2025-05-24 23:32:27 - DBConnector               - INFO - 0.028s - Opinion added with opinion_id: 23
2025-05-24 23:32:27 - DBConnector               - INFO - 0.005s - Opinion found with opinion_id: 23
2025-05-24 23:32:27 - DBConnector               - INFO - 0.005s - Article chunk with chunk_id=120 updated successfully
2025-05-24 23:32:58 - DBConnector               - INFO - 0.031s - Event added with event_id: 24
2025-05-24 23:32:58 - DBConnector               - INFO - 0.003s - Person not found
2025-05-24 23:32:58 - DBConnector               - INFO - 0.025s - Person added with person_id: 19
2025-05-24 23:32:58 - DBConnector               - INFO - 0.004s - Opinion not found
2025-05-24 23:32:58 - DBConnector               - INFO - 0.031s - Opinion added with opinion_id: 24
2025-05-24 23:32:59 - DBConnector               - INFO - 0.004s - Opinion found with opinion_id: 24
2025-05-24 23:32:59 - DBConnector               - INFO - 0.002s - Article chunk with chunk_id=117 updated successfully
2025-05-24 23:33:31 - DBConnector               - INFO - 0.004s - Person not found
2025-05-24 23:33:38 - DBConnector               - INFO - 0.035s - Event added with event_id: 25
2025-05-24 23:33:38 - DBConnector               - INFO - 0.003s - Person not found
2025-05-24 23:33:38 - DBConnector               - INFO - 0.025s - Person added with person_id: 20
2025-05-24 23:33:38 - DBConnector               - INFO - 0.000s - Opinion not found
2025-05-24 23:33:38 - DBConnector               - INFO - 0.016s - Opinion added with opinion_id: 25
2025-05-24 23:33:38 - DBConnector               - INFO - 0.000s - Opinion found with opinion_id: 25
2025-05-24 23:33:38 - DBConnector               - INFO - 0.000s - Article chunk with chunk_id=118 updated successfully
2025-05-24 23:34:47 - DBConnector               - INFO - 0.003s - Person not found
2025-05-24 23:35:14 - DBConnector               - INFO - 0.031s - Event added with event_id: 26
2025-05-24 23:35:14 - DBConnector               - INFO - 0.005s - Opinion not found
2025-05-24 23:35:14 - DBConnector               - INFO - 0.028s - Opinion added with opinion_id: 26
2025-05-24 23:35:14 - DBConnector               - INFO - 0.004s - Opinion found with opinion_id: 26
2025-05-24 23:35:14 - DBConnector               - INFO - 0.004s - Article chunk with chunk_id=119 updated successfully
2025-05-24 23:35:22 - DBConnector               - INFO - 0.007s - Found 1 opinions for person_id 17
2025-05-24 23:35:22 - DBConnector               - INFO - 0.004s - Found 1 sentiment records for person_id 17 on topic_id 1
2025-05-24 23:35:22 - DBConnector               - INFO - 0.004s - Attitude with fk_topic_id 1 and fk_person_id 17 not found
2025-05-24 23:35:41 - DBConnector               - INFO - 0.004s - Person not found
2025-05-24 23:36:12 - DBConnector               - INFO - 0.029s - Event added with event_id: 27
2025-05-24 23:36:12 - DBConnector               - INFO - 0.003s - Person not found
2025-05-24 23:36:12 - DBConnector               - INFO - 0.027s - Person added with person_id: 21
2025-05-24 23:36:12 - DBConnector               - INFO - 0.006s - Opinion not found
2025-05-24 23:36:12 - DBConnector               - INFO - 0.030s - Opinion added with opinion_id: 27
2025-05-24 23:36:12 - DBConnector               - INFO - 0.006s - Opinion found with opinion_id: 27
2025-05-24 23:36:12 - DBConnector               - INFO - 0.004s - Article chunk with chunk_id=116 updated successfully
2025-05-24 23:36:31 - DBConnector               - INFO - 0.000s - Person not found
2025-05-24 23:36:38 - DBConnector               - INFO - 0.030s - Event added with event_id: 28
2025-05-24 23:36:38 - DBConnector               - INFO - 0.004s - Opinion not found
2025-05-24 23:36:38 - DBConnector               - INFO - 0.030s - Opinion added with opinion_id: 28
2025-05-24 23:36:38 - DBConnector               - INFO - 0.004s - Opinion found with opinion_id: 28
2025-05-24 23:36:38 - DBConnector               - INFO - 0.005s - Article chunk with chunk_id=113 updated successfully
2025-05-24 23:37:05 - DBConnector               - INFO - 0.044s - Event added with event_id: 29
2025-05-24 23:37:05 - DBConnector               - INFO - 0.003s - Person not found
2025-05-24 23:37:05 - DBConnector               - INFO - 0.025s - Person added with person_id: 22
2025-05-24 23:37:05 - DBConnector               - INFO - 0.004s - Opinion not found
2025-05-24 23:37:05 - DBConnector               - INFO - 0.028s - Opinion added with opinion_id: 29
2025-05-24 23:37:05 - DBConnector               - INFO - 0.004s - Opinion found with opinion_id: 29
2025-05-24 23:37:05 - DBConnector               - INFO - 0.002s - Article chunk with chunk_id=115 updated successfully
2025-05-24 23:37:40 - DBConnector               - INFO - 0.004s - Person not found
2025-05-24 23:38:05 - DBConnector               - INFO - 0.030s - Event added with event_id: 30
2025-05-24 23:38:05 - DBConnector               - INFO - 0.003s - Person not found
2025-05-24 23:38:05 - DBConnector               - INFO - 0.023s - Person added with person_id: 23
2025-05-24 23:38:05 - DBConnector               - INFO - 0.005s - Opinion not found
2025-05-24 23:38:05 - DBConnector               - INFO - 0.026s - Opinion added with opinion_id: 30
2025-05-24 23:38:05 - DBConnector               - INFO - 0.004s - Opinion found with opinion_id: 30
2025-05-24 23:38:05 - DBConnector               - INFO - 0.003s - Article chunk with chunk_id=114 updated successfully
2025-05-24 23:38:14 - DBConnector               - INFO - 0.003s - Person not found
2025-05-24 23:38:35 - DBConnector               - INFO - 0.003s - Person not found
2025-05-24 23:39:05 - DBConnector               - INFO - 0.031s - Event added with event_id: 31
2025-05-24 23:39:05 - DBConnector               - INFO - 0.004s - Person not found
2025-05-24 23:39:05 - DBConnector               - INFO - 0.027s - Person added with person_id: 24
2025-05-24 23:39:05 - DBConnector               - INFO - 0.000s - Opinion not found
2025-05-24 23:39:05 - DBConnector               - INFO - 0.031s - Opinion added with opinion_id: 31
2025-05-24 23:39:05 - DBConnector               - INFO - 0.005s - Opinion found with opinion_id: 31
2025-05-24 23:39:05 - DBConnector               - INFO - 0.004s - Article chunk with chunk_id=111 updated successfully
2025-05-24 23:39:24 - DBConnector               - INFO - 0.007s - Found 1 opinions for person_id 23
2025-05-24 23:39:24 - DBConnector               - INFO - 0.003s - Found 1 sentiment records for person_id 23 on topic_id 1
2025-05-24 23:39:24 - DBConnector               - INFO - 0.004s - Attitude with fk_topic_id 1 and fk_person_id 23 not found
2025-05-24 23:39:31 - DBConnector               - INFO - 0.030s - Event added with event_id: 32
2025-05-24 23:39:31 - DBConnector               - INFO - 0.003s - Person not found
2025-05-24 23:39:31 - DBConnector               - INFO - 0.026s - Person added with person_id: 25
2025-05-24 23:39:31 - DBConnector               - INFO - 0.005s - Opinion not found
2025-05-24 23:39:31 - DBConnector               - INFO - 0.028s - Opinion added with opinion_id: 32
2025-05-24 23:39:31 - DBConnector               - INFO - 0.005s - Opinion found with opinion_id: 32
2025-05-24 23:39:31 - DBConnector               - INFO - 0.002s - Article chunk with chunk_id=112 updated successfully
2025-05-24 23:39:57 - DBConnector               - INFO - 0.032s - Event added with event_id: 33
2025-05-24 23:39:57 - DBConnector               - INFO - 0.003s - Person not found
2025-05-24 23:39:57 - DBConnector               - INFO - 0.031s - Person added with person_id: 26
2025-05-24 23:39:57 - DBConnector               - INFO - 0.005s - Opinion not found
2025-05-24 23:39:57 - DBConnector               - INFO - 0.029s - Opinion added with opinion_id: 33
2025-05-24 23:39:57 - DBConnector               - INFO - 0.004s - Opinion found with opinion_id: 33
2025-05-24 23:39:57 - DBConnector               - INFO - 0.004s - Article chunk with chunk_id=110 updated successfully
2025-05-24 23:40:32 - DBConnector               - INFO - 0.004s - Person not found
2025-05-24 23:40:54 - DBConnector               - INFO - 0.031s - Event added with event_id: 34
2025-05-24 23:40:54 - DBConnector               - INFO - 0.004s - Opinion not found
2025-05-24 23:40:54 - DBConnector               - INFO - 0.029s - Opinion added with opinion_id: 34
2025-05-24 23:40:54 - DBConnector               - INFO - 0.005s - Opinion found with opinion_id: 34
2025-05-24 23:40:54 - DBConnector               - INFO - 0.004s - Article chunk with chunk_id=109 updated successfully
2025-05-24 23:41:03 - DBConnector               - INFO - 0.004s - Person not found
2025-05-24 23:41:22 - DBConnector               - INFO - 0.004s - Person not found
2025-05-24 23:41:52 - DBConnector               - INFO - 0.034s - Event added with event_id: 35
2025-05-24 23:41:52 - DBConnector               - INFO - 0.002s - Person not found
2025-05-24 23:41:52 - DBConnector               - INFO - 0.023s - Person added with person_id: 27
2025-05-24 23:41:52 - DBConnector               - INFO - 0.004s - Opinion not found
2025-05-24 23:41:52 - DBConnector               - INFO - 0.027s - Opinion added with opinion_id: 35
2025-05-24 23:41:52 - DBConnector               - INFO - 0.005s - Opinion found with opinion_id: 35
2025-05-24 23:41:52 - DBConnector               - INFO - 0.003s - Article chunk with chunk_id=108 updated successfully
2025-05-24 23:42:08 - DBConnector               - INFO - 0.007s - Found 5 opinions for person_id 2
2025-05-24 23:42:15 - DBConnector               - INFO - 0.028s - Event added with event_id: 36
2025-05-24 23:42:15 - DBConnector               - INFO - 0.003s - Person not found
2025-05-24 23:42:15 - DBConnector               - INFO - 0.025s - Person added with person_id: 28
2025-05-24 23:42:15 - DBConnector               - INFO - 0.005s - Opinion not found
2025-05-24 23:42:15 - DBConnector               - INFO - 0.028s - Opinion added with opinion_id: 36
2025-05-24 23:42:15 - DBConnector               - INFO - 0.005s - Opinion found with opinion_id: 36
2025-05-24 23:42:15 - DBConnector               - INFO - 0.003s - Article chunk with chunk_id=106 updated successfully
2025-05-24 23:42:36 - DBConnector               - INFO - 0.029s - Event added with event_id: 37
2025-05-24 23:42:36 - DBConnector               - INFO - 0.004s - Person not found
2025-05-24 23:42:36 - DBConnector               - INFO - 0.024s - Person added with person_id: 29
2025-05-24 23:42:36 - DBConnector               - INFO - 0.016s - Opinion not found
2025-05-24 23:42:36 - DBConnector               - INFO - 0.031s - Opinion added with opinion_id: 37
2025-05-24 23:42:36 - DBConnector               - INFO - 0.000s - Opinion found with opinion_id: 37
2025-05-24 23:42:36 - DBConnector               - INFO - 0.004s - Article chunk with chunk_id=107 updated successfully
2025-05-24 23:42:40 - DBConnector               - INFO - 0.006s - Found 5 sentiment records for person_id 2 on topic_id 1
2025-05-24 23:42:40 - DBConnector               - INFO - 0.003s - Attitude with fk_topic_id 1 and fk_person_id 2 not found
2025-05-24 23:43:06 - DBConnector               - INFO - 0.007s - Found 5 opinions for person_id 2
2025-05-24 23:43:36 - DBConnector               - INFO - 0.004s - Person not found
2025-05-24 23:43:49 - DBConnector               - INFO - 0.008s - Found 5 opinions for person_id 2
2025-05-24 23:43:55 - DBConnector               - INFO - 0.029s - Event added with event_id: 38
2025-05-24 23:43:55 - DBConnector               - INFO - 0.004s - Opinion not found
2025-05-24 23:43:55 - DBConnector               - INFO - 0.032s - Opinion added with opinion_id: 38
2025-05-24 23:43:55 - DBConnector               - INFO - 0.005s - Opinion found with opinion_id: 38
2025-05-24 23:43:55 - DBConnector               - INFO - 0.004s - Article chunk with chunk_id=105 updated successfully
2025-05-24 23:44:19 - DBConnector               - INFO - 0.007s - Found 6 sentiment records for person_id 2 on topic_id 1
2025-05-24 23:44:19 - DBConnector               - INFO - 0.004s - Attitude with fk_topic_id 1 and fk_person_id 2 not found
2025-05-24 23:44:24 - DBConnector               - INFO - 0.005s - Found 6 sentiment records for person_id 2 on topic_id 1
2025-05-24 23:44:24 - DBConnector               - INFO - 0.004s - Attitude with fk_topic_id 1 and fk_person_id 2 not found
2025-05-24 23:44:47 - DBConnector               - INFO - 0.031s - Event added with event_id: 39
2025-05-24 23:44:47 - DBConnector               - INFO - 0.003s - Person not found
2025-05-24 23:44:47 - DBConnector               - INFO - 0.026s - Person added with person_id: 30
2025-05-24 23:44:47 - DBConnector               - INFO - 0.005s - Opinion not found
2025-05-24 23:44:47 - DBConnector               - INFO - 0.027s - Opinion added with opinion_id: 39
2025-05-24 23:44:47 - DBConnector               - INFO - 0.003s - Opinion found with opinion_id: 39
2025-05-24 23:44:47 - DBConnector               - INFO - 0.002s - Article chunk with chunk_id=101 updated successfully
2025-05-24 23:45:09 - DBConnector               - INFO - 0.003s - Person not found
2025-05-24 23:45:35 - DBConnector               - INFO - 0.039s - Event added with event_id: 40
2025-05-24 23:45:35 - DBConnector               - INFO - 0.004s - Opinion not found
2025-05-24 23:45:35 - DBConnector               - INFO - 0.027s - Opinion added with opinion_id: 40
2025-05-24 23:45:35 - DBConnector               - INFO - 0.003s - Opinion found with opinion_id: 40
2025-05-24 23:45:35 - DBConnector               - INFO - 0.003s - Article chunk with chunk_id=104 updated successfully
2025-05-24 23:45:41 - DBConnector               - INFO - 0.038s - Event added with event_id: 41
2025-05-24 23:45:41 - DBConnector               - INFO - 0.004s - Opinion not found
2025-05-24 23:45:41 - DBConnector               - INFO - 0.027s - Opinion added with opinion_id: 41
2025-05-24 23:45:41 - DBConnector               - INFO - 0.004s - Opinion found with opinion_id: 41
2025-05-24 23:45:41 - DBConnector               - INFO - 0.002s - Article chunk with chunk_id=103 updated successfully
2025-05-24 23:45:59 - DBConnector               - INFO - 0.004s - Person not found
2025-05-24 23:46:38 - DBConnector               - INFO - 0.030s - Event added with event_id: 42
2025-05-24 23:46:38 - DBConnector               - INFO - 0.003s - Person not found
2025-05-24 23:46:38 - DBConnector               - INFO - 0.025s - Person added with person_id: 31
2025-05-24 23:46:38 - DBConnector               - INFO - 0.005s - Opinion not found
2025-05-24 23:46:38 - DBConnector               - INFO - 0.032s - Opinion added with opinion_id: 42
2025-05-24 23:46:38 - DBConnector               - INFO - 0.003s - Opinion found with opinion_id: 42
2025-05-24 23:46:38 - DBConnector               - INFO - 0.003s - Article chunk with chunk_id=96 updated successfully
2025-05-24 23:46:58 - DBConnector               - INFO - 0.003s - Person not found
2025-05-24 23:47:07 - DBConnector               - INFO - 0.003s - Person not found
2025-05-24 23:47:31 - DBConnector               - INFO - 0.031s - Event added with event_id: 43
2025-05-24 23:47:31 - DBConnector               - INFO - 0.003s - Person not found
2025-05-24 23:47:31 - DBConnector               - INFO - 0.027s - Person added with person_id: 32
2025-05-24 23:47:31 - DBConnector               - INFO - 0.005s - Opinion not found
2025-05-24 23:47:31 - DBConnector               - INFO - 0.028s - Opinion added with opinion_id: 43
2025-05-24 23:47:31 - DBConnector               - INFO - 0.004s - Opinion found with opinion_id: 43
2025-05-24 23:47:31 - DBConnector               - INFO - 0.002s - Article chunk with chunk_id=97 updated successfully
2025-05-24 23:47:58 - DBConnector               - INFO - 0.003s - Person not found
2025-05-24 23:48:19 - DBConnector               - INFO - 0.032s - Event added with event_id: 44
2025-05-24 23:48:19 - DBConnector               - INFO - 0.003s - Person not found
2025-05-24 23:48:19 - DBConnector               - INFO - 0.025s - Person added with person_id: 33
2025-05-24 23:48:19 - DBConnector               - INFO - 0.005s - Opinion not found
2025-05-24 23:48:19 - DBConnector               - INFO - 0.029s - Opinion added with opinion_id: 44
2025-05-24 23:48:19 - DBConnector               - INFO - 0.005s - Opinion found with opinion_id: 44
2025-05-24 23:48:19 - DBConnector               - INFO - 0.003s - Article chunk with chunk_id=98 updated successfully
2025-05-24 23:48:25 - DBConnector               - INFO - 0.028s - Event added with event_id: 45
2025-05-24 23:48:25 - DBConnector               - INFO - 0.003s - Person not found
2025-05-24 23:48:25 - DBConnector               - INFO - 0.026s - Person added with person_id: 34
2025-05-24 23:48:25 - DBConnector               - INFO - 0.004s - Opinion not found
2025-05-24 23:48:25 - DBConnector               - INFO - 0.028s - Opinion added with opinion_id: 45
2025-05-24 23:48:25 - DBConnector               - INFO - 0.003s - Opinion found with opinion_id: 45
2025-05-24 23:48:25 - DBConnector               - INFO - 0.003s - Article chunk with chunk_id=99 updated successfully
2025-05-24 23:48:44 - DBConnector               - INFO - 0.003s - Person not found
2025-05-24 23:49:23 - DBConnector               - INFO - 0.030s - Event added with event_id: 46
2025-05-24 23:49:23 - DBConnector               - INFO - 0.004s - Person not found
2025-05-24 23:49:23 - DBConnector               - INFO - 0.027s - Person added with person_id: 35
2025-05-24 23:49:23 - DBConnector               - INFO - 0.004s - Opinion not found
2025-05-24 23:49:23 - DBConnector               - INFO - 0.026s - Opinion added with opinion_id: 46
2025-05-24 23:49:23 - DBConnector               - INFO - 0.003s - Opinion found with opinion_id: 46
2025-05-24 23:49:23 - DBConnector               - INFO - 0.004s - Article chunk with chunk_id=100 updated successfully
2025-05-24 23:49:40 - DBConnector               - INFO - 0.003s - Person not found
2025-05-24 23:49:50 - DBConnector               - INFO - 0.004s - Person not found
2025-05-24 23:50:19 - DBConnector               - INFO - 0.029s - Event added with event_id: 47
2025-05-24 23:50:19 - DBConnector               - INFO - 0.003s - Person not found
2025-05-24 23:50:19 - DBConnector               - INFO - 0.025s - Person added with person_id: 36
2025-05-24 23:50:19 - DBConnector               - INFO - 0.004s - Opinion not found
2025-05-24 23:50:19 - DBConnector               - INFO - 0.026s - Opinion added with opinion_id: 47
2025-05-24 23:50:19 - DBConnector               - INFO - 0.003s - Opinion found with opinion_id: 47
2025-05-24 23:50:19 - DBConnector               - INFO - 0.004s - Article chunk with chunk_id=102 updated successfully
2025-05-24 23:51:25 - DBConnector               - INFO - 0.027s - Event added with event_id: 48
2025-05-24 23:51:25 - DBConnector               - INFO - 0.003s - Person not found
2025-05-24 23:51:25 - DBConnector               - INFO - 0.023s - Person added with person_id: 37
2025-05-24 23:51:25 - DBConnector               - INFO - 0.005s - Opinion not found
2025-05-24 23:51:25 - DBConnector               - INFO - 0.029s - Opinion added with opinion_id: 48
2025-05-24 23:51:25 - DBConnector               - INFO - 0.005s - Opinion found with opinion_id: 48
2025-05-24 23:51:25 - DBConnector               - INFO - 0.003s - Article chunk with chunk_id=95 updated successfully
2025-05-24 23:51:30 - DBConnector               - INFO - 0.029s - Event added with event_id: 49
2025-05-24 23:51:30 - DBConnector               - INFO - 0.002s - Person not found
2025-05-24 23:51:30 - DBConnector               - INFO - 0.030s - Person added with person_id: 38
2025-05-24 23:51:30 - DBConnector               - INFO - 0.004s - Opinion not found
2025-05-24 23:51:30 - DBConnector               - INFO - 0.029s - Opinion added with opinion_id: 49
2025-05-24 23:51:30 - DBConnector               - INFO - 0.003s - Opinion found with opinion_id: 49
2025-05-24 23:51:30 - DBConnector               - INFO - 0.003s - Article chunk with chunk_id=94 updated successfully
2025-05-24 23:51:39 - DBConnector               - INFO - 0.003s - Person not found
2025-05-24 23:51:48 - DBConnector               - INFO - 0.003s - Person not found
2025-05-24 23:52:50 - DBConnector               - INFO - 0.003s - Person not found
2025-05-24 23:53:00 - DBConnector               - INFO - 0.004s - Person not found
2025-05-24 23:53:07 - DBConnector               - INFO - 0.033s - Event added with event_id: 50
2025-05-24 23:53:07 - DBConnector               - INFO - 0.004s - Person not found
2025-05-24 23:53:07 - DBConnector               - INFO - 0.030s - Person added with person_id: 39
2025-05-24 23:53:07 - DBConnector               - INFO - 0.005s - Opinion not found
2025-05-24 23:53:07 - DBConnector               - INFO - 0.028s - Opinion added with opinion_id: 50
2025-05-24 23:53:07 - DBConnector               - INFO - 0.004s - Opinion found with opinion_id: 50
2025-05-24 23:53:07 - DBConnector               - INFO - 0.003s - Article chunk with chunk_id=93 updated successfully
2025-05-24 23:53:12 - DBConnector               - INFO - 0.029s - Event added with event_id: 51
2025-05-24 23:53:12 - DBConnector               - INFO - 0.003s - Person not found
2025-05-24 23:53:12 - DBConnector               - INFO - 0.029s - Person added with person_id: 40
2025-05-24 23:53:12 - DBConnector               - INFO - 0.004s - Opinion not found
2025-05-24 23:53:12 - DBConnector               - INFO - 0.028s - Opinion added with opinion_id: 51
2025-05-24 23:53:12 - DBConnector               - INFO - 0.000s - Opinion found with opinion_id: 51
2025-05-24 23:53:12 - DBConnector               - INFO - 0.001s - Article chunk with chunk_id=92 updated successfully
2025-05-24 23:54:17 - DBConnector               - INFO - 0.030s - Event added with event_id: 52
2025-05-24 23:54:17 - DBConnector               - INFO - 0.003s - Person not found
2025-05-24 23:54:17 - DBConnector               - INFO - 0.025s - Person added with person_id: 41
2025-05-24 23:54:17 - DBConnector               - INFO - 0.004s - Opinion not found
2025-05-24 23:54:17 - DBConnector               - INFO - 0.028s - Opinion added with opinion_id: 52
2025-05-24 23:54:17 - DBConnector               - INFO - 0.003s - Opinion found with opinion_id: 52
2025-05-24 23:54:17 - DBConnector               - INFO - 0.000s - Article chunk with chunk_id=91 updated successfully
2025-05-24 23:54:22 - DBConnector               - INFO - 0.029s - Event added with event_id: 53
2025-05-24 23:54:22 - DBConnector               - INFO - 0.003s - Person not found
2025-05-24 23:54:22 - DBConnector               - INFO - 0.027s - Person added with person_id: 42
2025-05-24 23:54:22 - DBConnector               - INFO - 0.004s - Opinion not found
2025-05-24 23:54:22 - DBConnector               - INFO - 0.027s - Opinion added with opinion_id: 53
2025-05-24 23:54:22 - DBConnector               - INFO - 0.003s - Opinion found with opinion_id: 53
2025-05-24 23:54:22 - DBConnector               - INFO - 0.003s - Article chunk with chunk_id=90 updated successfully
2025-05-24 23:54:32 - DBConnector               - INFO - 0.003s - Person not found
2025-05-24 23:55:57 - DBConnector               - INFO - 0.003s - Person not found
2025-05-24 23:56:29 - DBConnector               - INFO - 0.007s - Found 8 opinions for person_id 2
2025-05-24 23:56:36 - DBConnector               - INFO - 0.029s - Event added with event_id: 54
2025-05-24 23:56:36 - DBConnector               - INFO - 0.002s - Person not found
2025-05-24 23:56:36 - DBConnector               - INFO - 0.023s - Person added with person_id: 43
2025-05-24 23:56:36 - DBConnector               - INFO - 0.005s - Opinion not found
2025-05-24 23:56:36 - DBConnector               - INFO - 0.026s - Opinion added with opinion_id: 54
2025-05-24 23:56:36 - DBConnector               - INFO - 0.005s - Opinion found with opinion_id: 54
2025-05-24 23:56:36 - DBConnector               - INFO - 0.003s - Article chunk with chunk_id=89 updated successfully
2025-05-24 23:56:56 - DBConnector               - INFO - 0.004s - Person not found
2025-05-24 23:57:01 - DBConnector               - INFO - 0.006s - Found 8 sentiment records for person_id 2 on topic_id 1
2025-05-24 23:57:01 - DBConnector               - INFO - 0.004s - Attitude with fk_topic_id 1 and fk_person_id 2 not found
2025-05-24 23:57:24 - DBConnector               - INFO - 0.030s - Event added with event_id: 55
2025-05-24 23:57:24 - DBConnector               - INFO - 0.003s - Person not found
2025-05-24 23:57:24 - DBConnector               - INFO - 0.033s - Person added with person_id: 44
2025-05-24 23:57:24 - DBConnector               - INFO - 0.004s - Opinion not found
2025-05-24 23:57:24 - DBConnector               - INFO - 0.026s - Opinion added with opinion_id: 55
2025-05-24 23:57:24 - DBConnector               - INFO - 0.005s - Opinion found with opinion_id: 55
2025-05-24 23:57:24 - DBConnector               - INFO - 0.003s - Article chunk with chunk_id=88 updated successfully
2025-05-24 23:57:49 - DBConnector               - INFO - 0.004s - Person not found
2025-05-24 23:58:14 - DBConnector               - INFO - 0.030s - Event added with event_id: 56
2025-05-24 23:58:14 - DBConnector               - INFO - 0.003s - Person not found
2025-05-24 23:58:14 - DBConnector               - INFO - 0.026s - Person added with person_id: 45
2025-05-24 23:58:14 - DBConnector               - INFO - 0.004s - Opinion not found
2025-05-24 23:58:14 - DBConnector               - INFO - 0.026s - Opinion added with opinion_id: 56
2025-05-24 23:58:14 - DBConnector               - INFO - 0.003s - Opinion found with opinion_id: 56
2025-05-24 23:58:14 - DBConnector               - INFO - 0.003s - Article chunk with chunk_id=87 updated successfully
2025-05-24 23:58:19 - DBConnector               - INFO - 0.030s - Event added with event_id: 57
2025-05-24 23:58:19 - DBConnector               - INFO - 0.005s - Opinion not found
2025-05-24 23:58:19 - DBConnector               - INFO - 0.030s - Opinion added with opinion_id: 57
2025-05-24 23:58:19 - DBConnector               - INFO - 0.005s - Opinion found with opinion_id: 57
2025-05-24 23:58:19 - DBConnector               - INFO - 0.002s - Article chunk with chunk_id=86 updated successfully
2025-05-24 23:58:35 - DBConnector               - INFO - 0.003s - Person not found
2025-05-24 23:59:15 - DBConnector               - INFO - 0.030s - Event added with event_id: 58
2025-05-24 23:59:15 - DBConnector               - INFO - 0.002s - Person not found
2025-05-24 23:59:15 - DBConnector               - INFO - 0.026s - Person added with person_id: 46
2025-05-24 23:59:15 - DBConnector               - INFO - 0.005s - Opinion not found
2025-05-24 23:59:15 - DBConnector               - INFO - 0.026s - Opinion added with opinion_id: 58
2025-05-24 23:59:15 - DBConnector               - INFO - 0.004s - Opinion found with opinion_id: 58
2025-05-24 23:59:15 - DBConnector               - INFO - 0.003s - Article chunk with chunk_id=85 updated successfully
2025-05-24 23:59:34 - DBConnector               - INFO - 0.002s - Person not found
2025-05-24 23:59:44 - DBConnector               - INFO - 0.003s - Person not found
2025-05-25 00:00:08 - DBConnector               - INFO - 0.031s - Event added with event_id: 59
2025-05-25 00:00:08 - DBConnector               - INFO - 0.003s - Person not found
2025-05-25 00:00:08 - DBConnector               - INFO - 0.028s - Person added with person_id: 47
2025-05-25 00:00:08 - DBConnector               - INFO - 0.005s - Opinion not found
2025-05-25 00:00:08 - DBConnector               - INFO - 0.031s - Opinion added with opinion_id: 59
2025-05-25 00:00:08 - DBConnector               - INFO - 0.003s - Opinion found with opinion_id: 59
2025-05-25 00:00:08 - DBConnector               - INFO - 0.003s - Article chunk with chunk_id=83 updated successfully
2025-05-25 00:00:36 - DBConnector               - INFO - 0.003s - Person not found
2025-05-25 00:00:59 - DBConnector               - INFO - 0.030s - Event added with event_id: 60
2025-05-25 00:00:59 - DBConnector               - INFO - 0.003s - Person not found
2025-05-25 00:00:59 - DBConnector               - INFO - 0.027s - Person added with person_id: 48
2025-05-25 00:00:59 - DBConnector               - INFO - 0.004s - Opinion not found
2025-05-25 00:00:59 - DBConnector               - INFO - 0.028s - Opinion added with opinion_id: 60
2025-05-25 00:00:59 - DBConnector               - INFO - 0.005s - Opinion found with opinion_id: 60
2025-05-25 00:00:59 - DBConnector               - INFO - 0.002s - Article chunk with chunk_id=84 updated successfully
2025-05-25 00:01:05 - DBConnector               - INFO - 0.027s - Event added with event_id: 61
2025-05-25 00:01:05 - DBConnector               - INFO - 0.004s - Person not found
2025-05-25 00:01:05 - DBConnector               - INFO - 0.026s - Person added with person_id: 49
2025-05-25 00:01:05 - DBConnector               - INFO - 0.004s - Opinion not found
2025-05-25 00:01:05 - DBConnector               - INFO - 0.028s - Opinion added with opinion_id: 61
2025-05-25 00:01:05 - DBConnector               - INFO - 0.003s - Opinion found with opinion_id: 61
2025-05-25 00:01:05 - DBConnector               - INFO - 0.003s - Article chunk with chunk_id=82 updated successfully
2025-05-25 00:01:24 - DBConnector               - INFO - 0.004s - Person not found
2025-05-25 00:02:03 - DBConnector               - INFO - 0.029s - Event added with event_id: 62
2025-05-25 00:02:03 - DBConnector               - INFO - 0.002s - Person not found
2025-05-25 00:02:03 - DBConnector               - INFO - 0.025s - Person added with person_id: 50
2025-05-25 00:02:03 - DBConnector               - INFO - 0.004s - Opinion not found
2025-05-25 00:02:03 - DBConnector               - INFO - 0.026s - Opinion added with opinion_id: 62
2025-05-25 00:02:03 - DBConnector               - INFO - 0.004s - Opinion found with opinion_id: 62
2025-05-25 00:02:03 - DBConnector               - INFO - 0.002s - Article chunk with chunk_id=81 updated successfully
2025-05-25 00:02:20 - DBConnector               - INFO - 0.003s - Person not found
2025-05-25 00:02:29 - DBConnector               - INFO - 0.002s - Person not found
2025-05-25 00:02:50 - DBConnector               - INFO - 0.029s - Event added with event_id: 63
2025-05-25 00:02:50 - DBConnector               - INFO - 0.002s - Person not found
2025-05-25 00:02:50 - DBConnector               - INFO - 0.025s - Person added with person_id: 51
2025-05-25 00:02:50 - DBConnector               - INFO - 0.004s - Opinion not found
2025-05-25 00:02:50 - DBConnector               - INFO - 0.027s - Opinion added with opinion_id: 63
2025-05-25 00:02:50 - DBConnector               - INFO - 0.003s - Opinion found with opinion_id: 63
2025-05-25 00:02:50 - DBConnector               - INFO - 0.002s - Article chunk with chunk_id=80 updated successfully
2025-05-25 00:03:16 - DBConnector               - INFO - 0.008s - Found 9 opinions for person_id 2
2025-05-25 00:03:39 - DBConnector               - INFO - 0.031s - Event added with event_id: 64
2025-05-25 00:03:39 - DBConnector               - INFO - 0.003s - Person not found
2025-05-25 00:03:39 - DBConnector               - INFO - 0.025s - Person added with person_id: 52
2025-05-25 00:03:39 - DBConnector               - INFO - 0.004s - Opinion not found
2025-05-25 00:03:39 - DBConnector               - INFO - 0.027s - Opinion added with opinion_id: 64
2025-05-25 00:03:39 - DBConnector               - INFO - 0.004s - Opinion found with opinion_id: 64
2025-05-25 00:03:39 - DBConnector               - INFO - 0.002s - Article chunk with chunk_id=79 updated successfully
2025-05-25 00:03:45 - DBConnector               - INFO - 0.032s - Event added with event_id: 65
2025-05-25 00:03:45 - DBConnector               - INFO - 0.002s - Person not found
2025-05-25 00:03:45 - DBConnector               - INFO - 0.025s - Person added with person_id: 53
2025-05-25 00:03:45 - DBConnector               - INFO - 0.005s - Opinion not found
2025-05-25 00:03:45 - DBConnector               - INFO - 0.033s - Opinion added with opinion_id: 65
2025-05-25 00:03:45 - DBConnector               - INFO - 0.004s - Opinion found with opinion_id: 65
2025-05-25 00:03:45 - DBConnector               - INFO - 0.003s - Article chunk with chunk_id=78 updated successfully
2025-05-25 00:03:49 - DBConnector               - INFO - 0.006s - Found 9 sentiment records for person_id 2 on topic_id 1
2025-05-25 00:03:49 - DBConnector               - INFO - 0.003s - Attitude with fk_topic_id 1 and fk_person_id 2 not found
2025-05-25 00:03:57 - DBConnector               - INFO - 0.004s - Person not found
2025-05-25 00:04:49 - DBConnector               - INFO - 0.004s - Person not found
2025-05-25 00:04:57 - DBConnector               - INFO - 0.008s - Found 9 opinions for person_id 2
2025-05-25 00:05:04 - DBConnector               - INFO - 0.033s - Event added with event_id: 66
2025-05-25 00:05:04 - DBConnector               - INFO - 0.006s - Opinion not found
2025-05-25 00:05:04 - DBConnector               - INFO - 0.028s - Opinion added with opinion_id: 66
2025-05-25 00:05:04 - DBConnector               - INFO - 0.003s - Opinion found with opinion_id: 66
2025-05-25 00:05:04 - DBConnector               - INFO - 0.003s - Article chunk with chunk_id=75 updated successfully
2025-05-25 00:05:10 - DBConnector               - INFO - 0.030s - Event added with event_id: 67
2025-05-25 00:05:10 - DBConnector               - INFO - 0.003s - Person not found
2025-05-25 00:05:10 - DBConnector               - INFO - 0.027s - Person added with person_id: 54
2025-05-25 00:05:10 - DBConnector               - INFO - 0.005s - Opinion not found
2025-05-25 00:05:10 - DBConnector               - INFO - 0.028s - Opinion added with opinion_id: 67
2025-05-25 00:05:10 - DBConnector               - INFO - 0.004s - Opinion found with opinion_id: 67
2025-05-25 00:05:10 - DBConnector               - INFO - 0.003s - Article chunk with chunk_id=77 updated successfully
2025-05-25 00:05:23 - DBConnector               - INFO - 0.007s - Found 10 sentiment records for person_id 2 on topic_id 1
2025-05-25 00:05:23 - DBConnector               - INFO - 0.004s - Attitude with fk_topic_id 1 and fk_person_id 2 not found
2025-05-25 00:06:03 - DBConnector               - INFO - 0.029s - Event added with event_id: 68
2025-05-25 00:06:03 - DBConnector               - INFO - 0.002s - Person not found
2025-05-25 00:06:03 - DBConnector               - INFO - 0.024s - Person added with person_id: 55
2025-05-25 00:06:03 - DBConnector               - INFO - 0.004s - Opinion not found
2025-05-25 00:06:03 - DBConnector               - INFO - 0.026s - Opinion added with opinion_id: 68
2025-05-25 00:06:03 - DBConnector               - INFO - 0.003s - Opinion found with opinion_id: 68
2025-05-25 00:06:03 - DBConnector               - INFO - 0.003s - Article chunk with chunk_id=76 updated successfully
2025-05-25 00:06:18 - DBConnector               - INFO - 0.005s - Found 10 opinions for person_id 2
2025-05-25 00:06:26 - DBConnector               - INFO - 0.003s - Person not found
2025-05-25 00:06:52 - DBConnector               - INFO - 0.029s - Event added with event_id: 69
2025-05-25 00:06:52 - DBConnector               - INFO - 0.004s - Opinion not found
2025-05-25 00:06:52 - DBConnector               - INFO - 0.028s - Opinion added with opinion_id: 69
2025-05-25 00:06:52 - DBConnector               - INFO - 0.005s - Opinion found with opinion_id: 69
2025-05-25 00:06:52 - DBConnector               - INFO - 0.003s - Article chunk with chunk_id=74 updated successfully
2025-05-25 00:06:56 - DBConnector               - INFO - 0.006s - Found 11 sentiment records for person_id 2 on topic_id 1
2025-05-25 00:06:56 - DBConnector               - INFO - 0.003s - Attitude with fk_topic_id 1 and fk_person_id 2 not found
2025-05-25 00:07:12 - DBConnector               - INFO - 0.003s - Person not found
2025-05-25 00:07:48 - DBConnector               - INFO - 0.032s - Event added with event_id: 70
2025-05-25 00:07:48 - DBConnector               - INFO - 0.004s - Person not found
2025-05-25 00:07:48 - DBConnector               - INFO - 0.025s - Person added with person_id: 56
2025-05-25 00:07:48 - DBConnector               - INFO - 0.004s - Opinion not found
2025-05-25 00:07:48 - DBConnector               - INFO - 0.028s - Opinion added with opinion_id: 70
2025-05-25 00:07:48 - DBConnector               - INFO - 0.003s - Opinion found with opinion_id: 70
2025-05-25 00:07:48 - DBConnector               - INFO - 0.004s - Article chunk with chunk_id=72 updated successfully
2025-05-25 00:08:08 - DBConnector               - INFO - 0.003s - Person not found
2025-05-25 00:08:15 - DBConnector               - INFO - 0.031s - Event added with event_id: 71
2025-05-25 00:08:15 - DBConnector               - INFO - 0.005s - Opinion not found
2025-05-25 00:08:15 - DBConnector               - INFO - 0.029s - Opinion added with opinion_id: 71
2025-05-25 00:08:15 - DBConnector               - INFO - 0.003s - Opinion found with opinion_id: 71
2025-05-25 00:08:15 - DBConnector               - INFO - 0.002s - Article chunk with chunk_id=73 updated successfully
2025-05-25 00:08:38 - DBConnector               - INFO - 0.033s - Event added with event_id: 72
2025-05-25 00:08:38 - DBConnector               - INFO - 0.003s - Person not found
2025-05-25 00:08:39 - DBConnector               - INFO - 0.027s - Person added with person_id: 57
2025-05-25 00:08:39 - DBConnector               - INFO - 0.004s - Opinion not found
2025-05-25 00:08:39 - DBConnector               - INFO - 0.028s - Opinion added with opinion_id: 72
2025-05-25 00:08:39 - DBConnector               - INFO - 0.004s - Opinion found with opinion_id: 72
2025-05-25 00:08:39 - DBConnector               - INFO - 0.002s - Article chunk with chunk_id=71 updated successfully
2025-05-25 00:09:15 - DBConnector               - INFO - 0.003s - Person not found
2025-05-25 00:09:37 - DBConnector               - INFO - 0.031s - Event added with event_id: 73
2025-05-25 00:09:37 - DBConnector               - INFO - 0.004s - Person not found
2025-05-25 00:09:37 - DBConnector               - INFO - 0.027s - Person added with person_id: 58
2025-05-25 00:09:37 - DBConnector               - INFO - 0.005s - Opinion not found
2025-05-25 00:09:37 - DBConnector               - INFO - 0.028s - Opinion added with opinion_id: 73
2025-05-25 00:09:37 - DBConnector               - INFO - 0.004s - Opinion found with opinion_id: 73
2025-05-25 00:09:37 - DBConnector               - INFO - 0.003s - Article chunk with chunk_id=70 updated successfully
2025-05-25 00:09:47 - DBConnector               - INFO - 0.004s - Person not found
2025-05-25 00:10:03 - DBConnector               - INFO - 0.004s - Person not found
2025-05-25 00:10:37 - DBConnector               - INFO - 0.028s - Event added with event_id: 74
2025-05-25 00:10:37 - DBConnector               - INFO - 0.003s - Person not found
2025-05-25 00:10:37 - DBConnector               - INFO - 0.026s - Person added with person_id: 59
2025-05-25 00:10:37 - DBConnector               - INFO - 0.004s - Opinion not found
2025-05-25 00:10:37 - DBConnector               - INFO - 0.028s - Opinion added with opinion_id: 74
2025-05-25 00:10:37 - DBConnector               - INFO - 0.004s - Opinion found with opinion_id: 74
2025-05-25 00:10:37 - DBConnector               - INFO - 0.003s - Article chunk with chunk_id=69 updated successfully
2025-05-25 00:10:55 - DBConnector               - INFO - 0.016s - Person not found
2025-05-25 00:11:02 - DBConnector               - INFO - 0.027s - Event added with event_id: 75
2025-05-25 00:11:02 - DBConnector               - INFO - 0.003s - Person not found
2025-05-25 00:11:02 - DBConnector               - INFO - 0.024s - Person added with person_id: 60
2025-05-25 00:11:02 - DBConnector               - INFO - 0.004s - Opinion not found
2025-05-25 00:11:02 - DBConnector               - INFO - 0.026s - Opinion added with opinion_id: 75
2025-05-25 00:11:02 - DBConnector               - INFO - 0.005s - Opinion found with opinion_id: 75
2025-05-25 00:11:02 - DBConnector               - INFO - 0.003s - Article chunk with chunk_id=67 updated successfully
2025-05-25 00:11:26 - DBConnector               - INFO - 0.030s - Event added with event_id: 76
2025-05-25 00:11:26 - DBConnector               - INFO - 0.003s - Person not found
2025-05-25 00:11:27 - DBConnector               - INFO - 0.025s - Person added with person_id: 61
2025-05-25 00:11:27 - DBConnector               - INFO - 0.004s - Opinion not found
2025-05-25 00:11:27 - DBConnector               - INFO - 0.030s - Opinion added with opinion_id: 76
2025-05-25 00:11:27 - DBConnector               - INFO - 0.004s - Opinion found with opinion_id: 76
2025-05-25 00:11:27 - DBConnector               - INFO - 0.002s - Article chunk with chunk_id=68 updated successfully
2025-05-25 00:11:59 - DBConnector               - INFO - 0.003s - Person not found
2025-05-25 00:12:23 - DBConnector               - INFO - 0.033s - Event added with event_id: 77
2025-05-25 00:12:23 - DBConnector               - INFO - 0.004s - Person not found
2025-05-25 00:12:23 - DBConnector               - INFO - 0.025s - Person added with person_id: 62
2025-05-25 00:12:23 - DBConnector               - INFO - 0.004s - Opinion not found
2025-05-25 00:12:23 - DBConnector               - INFO - 0.030s - Opinion added with opinion_id: 77
2025-05-25 00:12:23 - DBConnector               - INFO - 0.004s - Opinion found with opinion_id: 77
2025-05-25 00:12:23 - DBConnector               - INFO - 0.002s - Article chunk with chunk_id=66 updated successfully
2025-05-25 00:12:30 - DBConnector               - INFO - 0.008s - Found 12 opinions for person_id 2
2025-05-25 00:12:50 - DBConnector               - INFO - 0.004s - Person not found
2025-05-25 00:13:12 - DBConnector               - INFO - 0.004s - Found 12 sentiment records for person_id 2 on topic_id 1
2025-05-25 00:13:12 - DBConnector               - INFO - 0.003s - Attitude with fk_topic_id 1 and fk_person_id 2 not found
2025-05-25 00:13:18 - DBConnector               - INFO - 0.028s - Event added with event_id: 78
2025-05-25 00:13:18 - DBConnector               - INFO - 0.002s - Person not found
2025-05-25 00:13:18 - DBConnector               - INFO - 0.030s - Person added with person_id: 63
2025-05-25 00:13:18 - DBConnector               - INFO - 0.004s - Opinion not found
2025-05-25 00:13:19 - DBConnector               - INFO - 0.029s - Opinion added with opinion_id: 78
2025-05-25 00:13:19 - DBConnector               - INFO - 0.004s - Opinion found with opinion_id: 78
2025-05-25 00:13:19 - DBConnector               - INFO - 0.003s - Article chunk with chunk_id=65 updated successfully
2025-05-25 00:13:38 - DBConnector               - INFO - 0.003s - Person not found
2025-05-25 00:14:09 - DBConnector               - INFO - 0.033s - Event added with event_id: 79
2025-05-25 00:14:09 - DBConnector               - INFO - 0.003s - Person not found
2025-05-25 00:14:09 - DBConnector               - INFO - 0.026s - Person added with person_id: 64
2025-05-25 00:14:09 - DBConnector               - INFO - 0.004s - Opinion not found
2025-05-25 00:14:09 - DBConnector               - INFO - 0.027s - Opinion added with opinion_id: 79
2025-05-25 00:14:09 - DBConnector               - INFO - 0.003s - Opinion found with opinion_id: 79
2025-05-25 00:14:09 - DBConnector               - INFO - 0.002s - Article chunk with chunk_id=63 updated successfully
2025-05-25 00:14:27 - DBConnector               - INFO - 0.028s - Event added with event_id: 80
2025-05-25 00:14:27 - DBConnector               - INFO - 0.004s - Opinion not found
2025-05-25 00:14:27 - DBConnector               - INFO - 0.028s - Opinion added with opinion_id: 80
2025-05-25 00:14:27 - DBConnector               - INFO - 0.004s - Opinion found with opinion_id: 80
2025-05-25 00:14:27 - DBConnector               - INFO - 0.003s - Article chunk with chunk_id=64 updated successfully
2025-05-25 00:14:35 - DBConnector               - INFO - 0.006s - Found 2 opinions for person_id 17
2025-05-25 00:14:35 - DBConnector               - INFO - 0.004s - Found 2 sentiment records for person_id 17 on topic_id 1
2025-05-25 00:14:35 - DBConnector               - INFO - 0.003s - Attitude with fk_topic_id 1 and fk_person_id 17 not found
2025-05-25 00:14:59 - DBConnector               - INFO - 0.031s - Event added with event_id: 81
2025-05-25 00:14:59 - DBConnector               - INFO - 0.003s - Person not found
2025-05-25 00:14:59 - DBConnector               - INFO - 0.028s - Person added with person_id: 65
2025-05-25 00:14:59 - DBConnector               - INFO - 0.004s - Opinion not found
2025-05-25 00:14:59 - DBConnector               - INFO - 0.028s - Opinion added with opinion_id: 81
2025-05-25 00:14:59 - DBConnector               - INFO - 0.005s - Opinion found with opinion_id: 81
2025-05-25 00:14:59 - DBConnector               - INFO - 0.003s - Article chunk with chunk_id=62 updated successfully
2025-05-25 00:15:32 - DBConnector               - INFO - 0.004s - Person not found
2025-05-25 00:15:58 - DBConnector               - INFO - 0.003s - Person not found
2025-05-25 00:16:05 - DBConnector               - INFO - 0.031s - Event added with event_id: 82
2025-05-25 00:16:05 - DBConnector               - INFO - 0.005s - Opinion not found
2025-05-25 00:16:05 - DBConnector               - INFO - 0.027s - Opinion added with opinion_id: 82
2025-05-25 00:16:05 - DBConnector               - INFO - 0.003s - Opinion found with opinion_id: 82
2025-05-25 00:16:05 - DBConnector               - INFO - 0.003s - Article chunk with chunk_id=60 updated successfully
2025-05-25 00:16:23 - DBConnector               - INFO - 0.003s - Person not found
2025-05-25 00:16:54 - DBConnector               - INFO - 0.021s - Event added with event_id: 83
2025-05-25 00:16:54 - DBConnector               - INFO - 0.002s - Person not found
2025-05-25 00:16:54 - DBConnector               - INFO - 0.023s - Person added with person_id: 66
2025-05-25 00:16:54 - DBConnector               - INFO - 0.004s - Opinion not found
2025-05-25 00:16:54 - DBConnector               - INFO - 0.030s - Opinion added with opinion_id: 83
2025-05-25 00:16:54 - DBConnector               - INFO - 0.004s - Opinion found with opinion_id: 83
2025-05-25 00:16:54 - DBConnector               - INFO - 0.002s - Article chunk with chunk_id=61 updated successfully
2025-05-25 00:17:09 - DBConnector               - INFO - 0.028s - Event added with event_id: 84
2025-05-25 00:17:09 - DBConnector               - INFO - 0.003s - Person not found
2025-05-25 00:17:09 - DBConnector               - INFO - 0.028s - Person added with person_id: 67
2025-05-25 00:17:09 - DBConnector               - INFO - 0.004s - Opinion not found
2025-05-25 00:17:09 - DBConnector               - INFO - 0.029s - Opinion added with opinion_id: 84
2025-05-25 00:17:09 - DBConnector               - INFO - 0.005s - Opinion found with opinion_id: 84
2025-05-25 00:17:09 - DBConnector               - INFO - 0.003s - Article chunk with chunk_id=59 updated successfully
2025-05-25 00:17:17 - DBConnector               - INFO - 0.003s - Person not found
2025-05-25 00:17:40 - DBConnector               - INFO - 0.028s - Event added with event_id: 85
2025-05-25 00:17:40 - DBConnector               - INFO - 0.003s - Person not found
2025-05-25 00:17:40 - DBConnector               - INFO - 0.026s - Person added with person_id: 68
2025-05-25 00:17:40 - DBConnector               - INFO - 0.004s - Opinion not found
2025-05-25 00:17:40 - DBConnector               - INFO - 0.028s - Opinion added with opinion_id: 85
2025-05-25 00:17:40 - DBConnector               - INFO - 0.004s - Opinion found with opinion_id: 85
2025-05-25 00:17:40 - DBConnector               - INFO - 0.004s - Article chunk with chunk_id=54 updated successfully
2025-05-25 00:18:11 - DBConnector               - INFO - 0.003s - Person not found
2025-05-25 00:18:35 - DBConnector               - INFO - 0.003s - Person not found
2025-05-25 00:18:42 - DBConnector               - INFO - 0.031s - Event added with event_id: 86
2025-05-25 00:18:42 - DBConnector               - INFO - 0.003s - Person not found
2025-05-25 00:18:42 - DBConnector               - INFO - 0.026s - Person added with person_id: 69
2025-05-25 00:18:42 - DBConnector               - INFO - 0.004s - Opinion not found
2025-05-25 00:18:42 - DBConnector               - INFO - 0.028s - Opinion added with opinion_id: 86
2025-05-25 00:18:42 - DBConnector               - INFO - 0.004s - Opinion found with opinion_id: 86
2025-05-25 00:18:42 - DBConnector               - INFO - 0.002s - Article chunk with chunk_id=55 updated successfully
2025-05-25 00:19:00 - DBConnector               - INFO - 0.004s - Person not found
2025-05-25 00:19:26 - DBConnector               - INFO - 0.035s - Event added with event_id: 87
2025-05-25 00:19:27 - DBConnector               - INFO - 0.004s - Person not found
2025-05-25 00:19:27 - DBConnector               - INFO - 0.025s - Person added with person_id: 70
2025-05-25 00:19:27 - DBConnector               - INFO - 0.004s - Opinion not found
2025-05-25 00:19:27 - DBConnector               - INFO - 0.034s - Opinion added with opinion_id: 87
2025-05-25 00:19:27 - DBConnector               - INFO - 0.004s - Opinion found with opinion_id: 87
2025-05-25 00:19:27 - DBConnector               - INFO - 0.003s - Article chunk with chunk_id=56 updated successfully
2025-05-25 00:19:43 - DBConnector               - INFO - 0.028s - Event added with event_id: 88
2025-05-25 00:19:43 - DBConnector               - INFO - 0.002s - Person not found
2025-05-25 00:19:43 - DBConnector               - INFO - 0.026s - Person added with person_id: 71
2025-05-25 00:19:43 - DBConnector               - INFO - 0.006s - Opinion not found
2025-05-25 00:19:43 - DBConnector               - INFO - 0.035s - Opinion added with opinion_id: 88
2025-05-25 00:19:43 - DBConnector               - INFO - 0.005s - Opinion found with opinion_id: 88
2025-05-25 00:19:43 - DBConnector               - INFO - 0.002s - Article chunk with chunk_id=57 updated successfully
2025-05-25 00:19:51 - DBConnector               - INFO - 0.002s - Person not found
2025-05-25 00:20:13 - DBConnector               - INFO - 0.034s - Event added with event_id: 89
2025-05-25 00:20:13 - DBConnector               - INFO - 0.004s - Person not found
2025-05-25 00:20:13 - DBConnector               - INFO - 0.030s - Person added with person_id: 72
2025-05-25 00:20:13 - DBConnector               - INFO - 0.004s - Opinion not found
2025-05-25 00:20:13 - DBConnector               - INFO - 0.028s - Opinion added with opinion_id: 89
2025-05-25 00:20:13 - DBConnector               - INFO - 0.004s - Opinion found with opinion_id: 89
2025-05-25 00:20:13 - DBConnector               - INFO - 0.003s - Article chunk with chunk_id=58 updated successfully
2025-05-25 00:20:45 - DBConnector               - INFO - 0.003s - Person not found
2025-05-25 00:21:07 - DBConnector               - INFO - 0.003s - Person not found
2025-05-25 00:21:14 - DBConnector               - INFO - 0.029s - Event added with event_id: 90
2025-05-25 00:21:14 - DBConnector               - INFO - 0.004s - Person not found
2025-05-25 00:21:14 - DBConnector               - INFO - 0.025s - Person added with person_id: 73
2025-05-25 00:21:14 - DBConnector               - INFO - 0.004s - Opinion not found
2025-05-25 00:21:14 - DBConnector               - INFO - 0.027s - Opinion added with opinion_id: 90
2025-05-25 00:21:14 - DBConnector               - INFO - 0.004s - Opinion found with opinion_id: 90
2025-05-25 00:21:14 - DBConnector               - INFO - 0.003s - Article chunk with chunk_id=51 updated successfully
2025-05-25 00:21:30 - DBConnector               - INFO - 0.003s - Person not found
2025-05-25 00:22:00 - DBConnector               - INFO - 0.034s - Event added with event_id: 91
2025-05-25 00:22:00 - DBConnector               - INFO - 0.004s - Person not found
2025-05-25 00:22:00 - DBConnector               - INFO - 0.028s - Person added with person_id: 74
2025-05-25 00:22:00 - DBConnector               - INFO - 0.005s - Opinion not found
2025-05-25 00:22:00 - DBConnector               - INFO - 0.028s - Opinion added with opinion_id: 91
2025-05-25 00:22:00 - DBConnector               - INFO - 0.005s - Opinion found with opinion_id: 91
2025-05-25 00:22:00 - DBConnector               - INFO - 0.002s - Article chunk with chunk_id=52 updated successfully
2025-05-25 00:22:11 - DBConnector               - INFO - 0.031s - Event added with event_id: 92
2025-05-25 00:22:11 - DBConnector               - INFO - 0.002s - Person not found
2025-05-25 00:22:11 - DBConnector               - INFO - 0.025s - Person added with person_id: 75
2025-05-25 00:22:11 - DBConnector               - INFO - 0.004s - Opinion not found
2025-05-25 00:22:11 - DBConnector               - INFO - 0.027s - Opinion added with opinion_id: 92
2025-05-25 00:22:11 - DBConnector               - INFO - 0.004s - Opinion found with opinion_id: 92
2025-05-25 00:22:11 - DBConnector               - INFO - 0.003s - Article chunk with chunk_id=53 updated successfully
2025-05-25 00:22:21 - DBConnector               - INFO - 0.003s - Person not found
2025-05-25 00:22:43 - DBConnector               - INFO - 0.028s - Event added with event_id: 93
2025-05-25 00:22:43 - DBConnector               - INFO - 0.003s - Person not found
2025-05-25 00:22:43 - DBConnector               - INFO - 0.025s - Person added with person_id: 76
2025-05-25 00:22:43 - DBConnector               - INFO - 0.003s - Opinion not found
2025-05-25 00:22:43 - DBConnector               - INFO - 0.026s - Opinion added with opinion_id: 93
2025-05-25 00:22:43 - DBConnector               - INFO - 0.005s - Opinion found with opinion_id: 93
2025-05-25 00:22:43 - DBConnector               - INFO - 0.004s - Article chunk with chunk_id=50 updated successfully
2025-05-25 00:23:22 - DBConnector               - INFO - 0.003s - Person not found
2025-05-25 00:23:46 - DBConnector               - INFO - 0.004s - Person not found
2025-05-25 00:23:52 - DBConnector               - INFO - 0.028s - Event added with event_id: 94
2025-05-25 00:23:52 - DBConnector               - INFO - 0.004s - Person not found
2025-05-25 00:23:52 - DBConnector               - INFO - 0.027s - Person added with person_id: 77
2025-05-25 00:23:52 - DBConnector               - INFO - 0.004s - Opinion not found
2025-05-25 00:23:52 - DBConnector               - INFO - 0.027s - Opinion added with opinion_id: 94
2025-05-25 00:23:52 - DBConnector               - INFO - 0.005s - Opinion found with opinion_id: 94
2025-05-25 00:23:52 - DBConnector               - INFO - 0.003s - Article chunk with chunk_id=49 updated successfully
2025-05-25 00:24:09 - DBConnector               - INFO - 0.004s - Person not found
2025-05-25 00:24:42 - DBConnector               - INFO - 0.032s - Event added with event_id: 95
2025-05-25 00:24:42 - DBConnector               - INFO - 0.003s - Person not found
2025-05-25 00:24:42 - DBConnector               - INFO - 0.025s - Person added with person_id: 78
2025-05-25 00:24:42 - DBConnector               - INFO - 0.005s - Opinion not found
2025-05-25 00:24:42 - DBConnector               - INFO - 0.029s - Opinion added with opinion_id: 95
2025-05-25 00:24:42 - DBConnector               - INFO - 0.004s - Opinion found with opinion_id: 95
2025-05-25 00:24:42 - DBConnector               - INFO - 0.003s - Article chunk with chunk_id=46 updated successfully
2025-05-25 00:24:54 - DBConnector               - INFO - 0.028s - Event added with event_id: 96
2025-05-25 00:24:54 - DBConnector               - INFO - 0.004s - Person not found
2025-05-25 00:24:54 - DBConnector               - INFO - 0.028s - Person added with person_id: 79
2025-05-25 00:24:54 - DBConnector               - INFO - 0.005s - Opinion not found
2025-05-25 00:24:54 - DBConnector               - INFO - 0.028s - Opinion added with opinion_id: 96
2025-05-25 00:24:54 - DBConnector               - INFO - 0.004s - Opinion found with opinion_id: 96
2025-05-25 00:24:54 - DBConnector               - INFO - 0.002s - Article chunk with chunk_id=45 updated successfully
2025-05-25 00:25:04 - DBConnector               - INFO - 0.003s - Person not found
2025-05-25 00:25:29 - DBConnector               - INFO - 0.033s - Event added with event_id: 97
2025-05-25 00:25:29 - DBConnector               - INFO - 0.003s - Person not found
2025-05-25 00:25:29 - DBConnector               - INFO - 0.025s - Person added with person_id: 80
2025-05-25 00:25:29 - DBConnector               - INFO - 0.005s - Opinion not found
2025-05-25 00:25:29 - DBConnector               - INFO - 0.027s - Opinion added with opinion_id: 97
2025-05-25 00:25:29 - DBConnector               - INFO - 0.004s - Opinion found with opinion_id: 97
2025-05-25 00:25:29 - DBConnector               - INFO - 0.002s - Article chunk with chunk_id=44 updated successfully
2025-05-25 00:26:04 - DBConnector               - INFO - 0.004s - Person not found
2025-05-25 00:26:32 - DBConnector               - INFO - 0.000s - Person not found
2025-05-25 00:26:38 - DBConnector               - INFO - 0.031s - Event added with event_id: 98
2025-05-25 00:26:38 - DBConnector               - INFO - 0.003s - Person not found
2025-05-25 00:26:38 - DBConnector               - INFO - 0.025s - Person added with person_id: 81
2025-05-25 00:26:38 - DBConnector               - INFO - 0.004s - Opinion not found
2025-05-25 00:26:38 - DBConnector               - INFO - 0.026s - Opinion added with opinion_id: 98
2025-05-25 00:26:38 - DBConnector               - INFO - 0.003s - Opinion found with opinion_id: 98
2025-05-25 00:26:38 - DBConnector               - INFO - 0.003s - Article chunk with chunk_id=43 updated successfully
2025-05-25 00:26:57 - DBConnector               - INFO - 0.004s - Person not found
2025-05-25 00:27:30 - DBConnector               - INFO - 0.032s - Event added with event_id: 99
2025-05-25 00:27:30 - DBConnector               - INFO - 0.003s - Person not found
2025-05-25 00:27:30 - DBConnector               - INFO - 0.025s - Person added with person_id: 82
2025-05-25 00:27:30 - DBConnector               - INFO - 0.010s - Opinion not found
2025-05-25 00:27:30 - DBConnector               - INFO - 0.031s - Opinion added with opinion_id: 99
2025-05-25 00:27:30 - DBConnector               - INFO - 0.004s - Opinion found with opinion_id: 99
2025-05-25 00:27:30 - DBConnector               - INFO - 0.003s - Article chunk with chunk_id=42 updated successfully
2025-05-25 00:27:45 - DBConnector               - INFO - 0.029s - Event added with event_id: 100
2025-05-25 00:27:45 - DBConnector               - INFO - 0.004s - Opinion not found
2025-05-25 00:27:45 - DBConnector               - INFO - 0.028s - Opinion added with opinion_id: 100
2025-05-25 00:27:45 - DBConnector               - INFO - 0.005s - Opinion found with opinion_id: 100
2025-05-25 00:27:45 - DBConnector               - INFO - 0.002s - Article chunk with chunk_id=41 updated successfully
2025-05-25 00:27:54 - DBConnector               - INFO - 0.004s - Person not found
2025-05-25 00:28:17 - DBConnector               - INFO - 0.030s - Event added with event_id: 101
2025-05-25 00:28:17 - DBConnector               - INFO - 0.003s - Person not found
2025-05-25 00:28:17 - DBConnector               - INFO - 0.029s - Person added with person_id: 83
2025-05-25 00:28:17 - DBConnector               - INFO - 0.005s - Opinion not found
2025-05-25 00:28:17 - DBConnector               - INFO - 0.028s - Opinion added with opinion_id: 101
2025-05-25 00:28:17 - DBConnector               - INFO - 0.003s - Opinion found with opinion_id: 101
2025-05-25 00:28:17 - DBConnector               - INFO - 0.003s - Article chunk with chunk_id=40 updated successfully
2025-05-25 00:28:53 - DBConnector               - INFO - 0.004s - Person not found
2025-05-25 00:29:22 - DBConnector               - INFO - 0.003s - Person not found
2025-05-25 00:29:29 - DBConnector               - INFO - 0.030s - Event added with event_id: 102
2025-05-25 00:29:29 - DBConnector               - INFO - 0.002s - Person not found
2025-05-25 00:29:29 - DBConnector               - INFO - 0.024s - Person added with person_id: 84
2025-05-25 00:29:29 - DBConnector               - INFO - 0.010s - Opinion not found
2025-05-25 00:29:29 - DBConnector               - INFO - 0.030s - Opinion added with opinion_id: 102
2025-05-25 00:29:29 - DBConnector               - INFO - 0.010s - Opinion found with opinion_id: 102
2025-05-25 00:29:29 - DBConnector               - INFO - 0.003s - Article chunk with chunk_id=47 updated successfully
2025-05-25 00:29:48 - DBConnector               - INFO - 0.003s - Person not found
2025-05-25 00:30:21 - DBConnector               - INFO - 0.029s - Event added with event_id: 103
2025-05-25 00:30:21 - DBConnector               - INFO - 0.002s - Person not found
2025-05-25 00:30:21 - DBConnector               - INFO - 0.023s - Person added with person_id: 85
2025-05-25 00:30:21 - DBConnector               - INFO - 0.004s - Opinion not found
2025-05-25 00:30:21 - DBConnector               - INFO - 0.029s - Opinion added with opinion_id: 103
2025-05-25 00:30:21 - DBConnector               - INFO - 0.005s - Opinion found with opinion_id: 103
2025-05-25 00:30:21 - DBConnector               - INFO - 0.003s - Article chunk with chunk_id=48 updated successfully
2025-05-25 00:30:39 - DBConnector               - INFO - 0.032s - Event added with event_id: 104
2025-05-25 00:30:39 - DBConnector               - INFO - 0.003s - Person not found
2025-05-25 00:30:39 - DBConnector               - INFO - 0.027s - Person added with person_id: 86
2025-05-25 00:30:39 - DBConnector               - INFO - 0.004s - Opinion not found
2025-05-25 00:30:39 - DBConnector               - INFO - 0.024s - Opinion added with opinion_id: 104
2025-05-25 00:30:39 - DBConnector               - INFO - 0.009s - Opinion found with opinion_id: 104
2025-05-25 00:30:39 - DBConnector               - INFO - 0.007s - Article chunk with chunk_id=39 updated successfully
2025-05-25 00:30:48 - DBConnector               - INFO - 0.003s - Person not found
2025-05-25 00:31:15 - DBConnector               - INFO - 0.031s - Event added with event_id: 105
2025-05-25 00:31:15 - DBConnector               - INFO - 0.004s - Person not found
2025-05-25 00:31:15 - DBConnector               - INFO - 0.029s - Person added with person_id: 87
2025-05-25 00:31:15 - DBConnector               - INFO - 0.004s - Opinion not found
2025-05-25 00:31:15 - DBConnector               - INFO - 0.028s - Opinion added with opinion_id: 105
2025-05-25 00:31:15 - DBConnector               - INFO - 0.003s - Opinion found with opinion_id: 105
2025-05-25 00:31:15 - DBConnector               - INFO - 0.003s - Article chunk with chunk_id=38 updated successfully
2025-05-25 00:31:49 - DBConnector               - INFO - 0.003s - Person not found
2025-05-25 00:32:16 - DBConnector               - INFO - 0.005s - Person not found
2025-05-25 00:32:22 - DBConnector               - INFO - 0.030s - Event added with event_id: 106
2025-05-25 00:32:22 - DBConnector               - INFO - 0.002s - Person not found
2025-05-25 00:32:22 - DBConnector               - INFO - 0.024s - Person added with person_id: 88
2025-05-25 00:32:22 - DBConnector               - INFO - 0.005s - Opinion not found
2025-05-25 00:32:22 - DBConnector               - INFO - 0.028s - Opinion added with opinion_id: 106
2025-05-25 00:32:23 - DBConnector               - INFO - 0.004s - Opinion found with opinion_id: 106
2025-05-25 00:32:23 - DBConnector               - INFO - 0.004s - Article chunk with chunk_id=37 updated successfully
2025-05-25 00:32:43 - DBConnector               - INFO - 0.004s - Person not found
2025-05-25 00:33:14 - DBConnector               - INFO - 0.034s - Event added with event_id: 107
2025-05-25 00:33:14 - DBConnector               - INFO - 0.004s - Person not found
2025-05-25 00:33:14 - DBConnector               - INFO - 0.027s - Person added with person_id: 89
2025-05-25 00:33:14 - DBConnector               - INFO - 0.004s - Opinion not found
2025-05-25 00:33:14 - DBConnector               - INFO - 0.031s - Opinion added with opinion_id: 107
2025-05-25 00:33:14 - DBConnector               - INFO - 0.005s - Opinion found with opinion_id: 107
2025-05-25 00:33:14 - DBConnector               - INFO - 0.002s - Article chunk with chunk_id=36 updated successfully
2025-05-25 00:33:30 - DBConnector               - INFO - 0.029s - Event added with event_id: 108
2025-05-25 00:33:30 - DBConnector               - INFO - 0.003s - Person not found
2025-05-25 00:33:30 - DBConnector               - INFO - 0.030s - Person added with person_id: 90
2025-05-25 00:33:30 - DBConnector               - INFO - 0.005s - Opinion not found
2025-05-25 00:33:30 - DBConnector               - INFO - 0.027s - Opinion added with opinion_id: 108
2025-05-25 00:33:30 - DBConnector               - INFO - 0.003s - Opinion found with opinion_id: 108
2025-05-25 00:33:30 - DBConnector               - INFO - 0.003s - Article chunk with chunk_id=35 updated successfully
2025-05-25 00:33:40 - DBConnector               - INFO - 0.004s - Person not found
2025-05-25 00:34:04 - DBConnector               - INFO - 0.030s - Event added with event_id: 109
2025-05-25 00:34:04 - DBConnector               - INFO - 0.004s - Person not found
2025-05-25 00:34:04 - DBConnector               - INFO - 0.026s - Person added with person_id: 91
2025-05-25 00:34:04 - DBConnector               - INFO - 0.005s - Opinion not found
2025-05-25 00:34:05 - DBConnector               - INFO - 0.029s - Opinion added with opinion_id: 109
2025-05-25 00:34:05 - DBConnector               - INFO - 0.004s - Opinion found with opinion_id: 109
2025-05-25 00:34:05 - DBConnector               - INFO - 0.003s - Article chunk with chunk_id=34 updated successfully
2025-05-25 00:34:39 - DBConnector               - INFO - 0.003s - Person not found
2025-05-25 00:35:10 - DBConnector               - INFO - 0.003s - Person not found
2025-05-25 00:35:16 - DBConnector               - INFO - 0.031s - Event added with event_id: 110
2025-05-25 00:35:16 - DBConnector               - INFO - 0.004s - Person not found
2025-05-25 00:35:16 - DBConnector               - INFO - 0.027s - Person added with person_id: 92
2025-05-25 00:35:16 - DBConnector               - INFO - 0.004s - Opinion not found
2025-05-25 00:35:16 - DBConnector               - INFO - 0.028s - Opinion added with opinion_id: 110
2025-05-25 00:35:16 - DBConnector               - INFO - 0.005s - Opinion found with opinion_id: 110
2025-05-25 00:35:16 - DBConnector               - INFO - 0.003s - Article chunk with chunk_id=29 updated successfully
2025-05-25 00:36:14 - DBConnector               - INFO - 0.031s - Event added with event_id: 111
2025-05-25 00:36:14 - DBConnector               - INFO - 0.004s - Person not found
2025-05-25 00:36:14 - DBConnector               - INFO - 0.025s - Person added with person_id: 93
2025-05-25 00:36:14 - DBConnector               - INFO - 0.005s - Opinion not found
2025-05-25 00:36:14 - DBConnector               - INFO - 0.026s - Opinion added with opinion_id: 111
2025-05-25 00:36:14 - DBConnector               - INFO - 0.003s - Opinion found with opinion_id: 111
2025-05-25 00:36:14 - DBConnector               - INFO - 0.002s - Article chunk with chunk_id=28 updated successfully
2025-05-25 00:36:23 - DBConnector               - INFO - 0.004s - Person not found
2025-05-25 00:36:30 - DBConnector               - INFO - 0.031s - Event added with event_id: 112
2025-05-25 00:36:30 - DBConnector               - INFO - 0.003s - Person not found
2025-05-25 00:36:30 - DBConnector               - INFO - 0.025s - Person added with person_id: 94
2025-05-25 00:36:30 - DBConnector               - INFO - 0.006s - Opinion not found
2025-05-25 00:36:30 - DBConnector               - INFO - 0.027s - Opinion added with opinion_id: 112
2025-05-25 00:36:30 - DBConnector               - INFO - 0.004s - Opinion found with opinion_id: 112
2025-05-25 00:36:30 - DBConnector               - INFO - 0.002s - Article chunk with chunk_id=27 updated successfully
2025-05-25 00:36:38 - DBConnector               - INFO - 0.004s - Person not found
2025-05-25 00:37:40 - DBConnector               - INFO - 0.004s - Person not found
2025-05-25 00:37:47 - DBConnector               - INFO - 0.030s - Event added with event_id: 113
2025-05-25 00:37:47 - DBConnector               - INFO - 0.003s - Person not found
2025-05-25 00:37:47 - DBConnector               - INFO - 0.025s - Person added with person_id: 95
2025-05-25 00:37:47 - DBConnector               - INFO - 0.004s - Opinion not found
2025-05-25 00:37:47 - DBConnector               - INFO - 0.029s - Opinion added with opinion_id: 113
2025-05-25 00:37:47 - DBConnector               - INFO - 0.004s - Opinion found with opinion_id: 113
2025-05-25 00:37:47 - DBConnector               - INFO - 0.004s - Article chunk with chunk_id=26 updated successfully
2025-05-25 00:38:10 - DBConnector               - INFO - 0.036s - Event added with event_id: 114
2025-05-25 00:38:10 - DBConnector               - INFO - 0.003s - Person not found
2025-05-25 00:38:11 - DBConnector               - INFO - 0.035s - Person added with person_id: 96
2025-05-25 00:38:11 - DBConnector               - INFO - 0.005s - Opinion not found
2025-05-25 00:38:11 - DBConnector               - INFO - 0.050s - Opinion added with opinion_id: 114
2025-05-25 00:38:11 - DBConnector               - INFO - 0.005s - Opinion found with opinion_id: 114
2025-05-25 00:38:11 - DBConnector               - INFO - 0.005s - Article chunk with chunk_id=25 updated successfully
2025-05-25 00:38:44 - DBConnector               - INFO - 0.003s - Person not found
2025-05-25 00:39:11 - DBConnector               - INFO - 0.029s - Event added with event_id: 115
2025-05-25 00:39:11 - DBConnector               - INFO - 0.003s - Person not found
2025-05-25 00:39:11 - DBConnector               - INFO - 0.028s - Person added with person_id: 97
2025-05-25 00:39:11 - DBConnector               - INFO - 0.004s - Opinion not found
2025-05-25 00:39:11 - DBConnector               - INFO - 0.028s - Opinion added with opinion_id: 115
2025-05-25 00:39:11 - DBConnector               - INFO - 0.005s - Opinion found with opinion_id: 115
2025-05-25 00:39:11 - DBConnector               - INFO - 0.002s - Article chunk with chunk_id=24 updated successfully
2025-05-25 00:39:20 - DBConnector               - INFO - 0.004s - Person not found
2025-05-25 00:39:39 - DBConnector               - INFO - 0.004s - Person not found
2025-05-25 00:40:12 - DBConnector               - INFO - 0.030s - Event added with event_id: 116
2025-05-25 00:40:12 - DBConnector               - INFO - 0.003s - Person not found
2025-05-25 00:40:12 - DBConnector               - INFO - 0.025s - Person added with person_id: 98
2025-05-25 00:40:12 - DBConnector               - INFO - 0.004s - Opinion not found
2025-05-25 00:40:12 - DBConnector               - INFO - 0.028s - Opinion added with opinion_id: 116
2025-05-25 00:40:12 - DBConnector               - INFO - 0.003s - Opinion found with opinion_id: 116
2025-05-25 00:40:12 - DBConnector               - INFO - 0.002s - Article chunk with chunk_id=22 updated successfully
2025-05-25 00:40:31 - DBConnector               - INFO - 0.010s - Found 13 opinions for person_id 2
2025-05-25 00:40:37 - DBConnector               - INFO - 0.031s - Event added with event_id: 117
2025-05-25 00:40:37 - DBConnector               - INFO - 0.003s - Person not found
2025-05-25 00:40:37 - DBConnector               - INFO - 0.025s - Person added with person_id: 99
2025-05-25 00:40:37 - DBConnector               - INFO - 0.004s - Opinion not found
2025-05-25 00:40:37 - DBConnector               - INFO - 0.026s - Opinion added with opinion_id: 117
2025-05-25 00:40:37 - DBConnector               - INFO - 0.003s - Opinion found with opinion_id: 117
2025-05-25 00:40:37 - DBConnector               - INFO - 0.003s - Article chunk with chunk_id=21 updated successfully
2025-05-25 00:41:02 - DBConnector               - INFO - 0.032s - Event added with event_id: 118
2025-05-25 00:41:02 - DBConnector               - INFO - 0.003s - Person not found
2025-05-25 00:41:02 - DBConnector               - INFO - 0.026s - Person added with person_id: 100
2025-05-25 00:41:02 - DBConnector               - INFO - 0.004s - Opinion not found
2025-05-25 00:41:02 - DBConnector               - INFO - 0.028s - Opinion added with opinion_id: 118
2025-05-25 00:41:02 - DBConnector               - INFO - 0.003s - Opinion found with opinion_id: 118
2025-05-25 00:41:02 - DBConnector               - INFO - 0.003s - Article chunk with chunk_id=20 updated successfully
2025-05-25 00:41:06 - DBConnector               - INFO - 0.005s - Found 13 sentiment records for person_id 2 on topic_id 1
2025-05-25 00:41:06 - DBConnector               - INFO - 0.004s - Attitude with fk_topic_id 1 and fk_person_id 2 not found
2025-05-25 00:41:30 - DBConnector               - INFO - 0.007s - Found 1 opinions for person_id 34
2025-05-25 00:41:30 - DBConnector               - INFO - 0.004s - Found 1 sentiment records for person_id 34 on topic_id 1
2025-05-25 00:41:30 - DBConnector               - INFO - 0.004s - Attitude with fk_topic_id 1 and fk_person_id 34 not found
2025-05-25 00:42:01 - DBConnector               - INFO - 0.006s - Found 1 opinions for person_id 53
2025-05-25 00:42:19 - DBConnector               - INFO - 0.003s - Person not found
2025-05-25 00:42:26 - DBConnector               - INFO - 0.033s - Event added with event_id: 119
2025-05-25 00:42:26 - DBConnector               - INFO - 0.004s - Opinion not found
2025-05-25 00:42:26 - DBConnector               - INFO - 0.028s - Opinion added with opinion_id: 119
2025-05-25 00:42:26 - DBConnector               - INFO - 0.003s - Opinion found with opinion_id: 119
2025-05-25 00:42:26 - DBConnector               - INFO - 0.003s - Article chunk with chunk_id=19 updated successfully
2025-05-25 00:42:29 - DBConnector               - INFO - 0.004s - Found 1 sentiment records for person_id 53 on topic_id 1
2025-05-25 00:42:29 - DBConnector               - INFO - 0.003s - Attitude with fk_topic_id 1 and fk_person_id 53 not found
2025-05-25 00:42:36 - DBConnector               - INFO - 0.028s - Event added with event_id: 120
2025-05-25 00:42:36 - DBConnector               - INFO - 0.005s - Opinion not found
2025-05-25 00:42:36 - DBConnector               - INFO - 0.032s - Opinion added with opinion_id: 120
2025-05-25 00:42:36 - DBConnector               - INFO - 0.005s - Opinion found with opinion_id: 120
2025-05-25 00:42:36 - DBConnector               - INFO - 0.003s - Article chunk with chunk_id=18 updated successfully
2025-05-25 00:43:34 - DBConnector               - INFO - 0.030s - Event added with event_id: 121
2025-05-25 00:43:34 - DBConnector               - INFO - 0.003s - Person not found
2025-05-25 00:43:34 - DBConnector               - INFO - 0.026s - Person added with person_id: 101
2025-05-25 00:43:34 - DBConnector               - INFO - 0.005s - Opinion not found
2025-05-25 00:43:34 - DBConnector               - INFO - 0.028s - Opinion added with opinion_id: 121
2025-05-25 00:43:34 - DBConnector               - INFO - 0.004s - Opinion found with opinion_id: 121
2025-05-25 00:43:34 - DBConnector               - INFO - 0.004s - Article chunk with chunk_id=23 updated successfully
2025-05-25 00:43:43 - DBConnector               - INFO - 0.003s - Person not found
2025-05-25 00:43:50 - DBConnector               - INFO - 0.033s - Event added with event_id: 122
2025-05-25 00:43:50 - DBConnector               - INFO - 0.004s - Opinion not found
2025-05-25 00:43:50 - DBConnector               - INFO - 0.027s - Opinion added with opinion_id: 122
2025-05-25 00:43:50 - DBConnector               - INFO - 0.004s - Opinion found with opinion_id: 122
2025-05-25 00:43:50 - DBConnector               - INFO - 0.003s - Article chunk with chunk_id=17 updated successfully
2025-05-25 00:43:59 - DBConnector               - INFO - 0.004s - Person not found
2025-05-25 00:44:58 - DBConnector               - INFO - 0.003s - Person not found
2025-05-25 00:45:04 - DBConnector               - INFO - 0.035s - Event added with event_id: 123
2025-05-25 00:45:04 - DBConnector               - INFO - 0.002s - Person not found
2025-05-25 00:45:04 - DBConnector               - INFO - 0.024s - Person added with person_id: 102
2025-05-25 00:45:04 - DBConnector               - INFO - 0.004s - Opinion not found
2025-05-25 00:45:04 - DBConnector               - INFO - 0.029s - Opinion added with opinion_id: 123
2025-05-25 00:45:04 - DBConnector               - INFO - 0.004s - Opinion found with opinion_id: 123
2025-05-25 00:45:04 - DBConnector               - INFO - 0.002s - Article chunk with chunk_id=16 updated successfully
2025-05-25 00:45:13 - DBConnector               - INFO - 0.003s - Person not found
2025-05-25 00:45:19 - DBConnector               - INFO - 0.032s - Event added with event_id: 124
2025-05-25 00:45:20 - DBConnector               - INFO - 0.007s - Person not found
2025-05-25 00:45:20 - DBConnector               - INFO - 0.029s - Person added with person_id: 103
2025-05-25 00:45:20 - DBConnector               - INFO - 0.004s - Opinion not found
2025-05-25 00:45:20 - DBConnector               - INFO - 0.027s - Opinion added with opinion_id: 124
2025-05-25 00:45:20 - DBConnector               - INFO - 0.005s - Opinion found with opinion_id: 124
2025-05-25 00:45:20 - DBConnector               - INFO - 0.004s - Article chunk with chunk_id=15 updated successfully
2025-05-25 00:46:17 - DBConnector               - INFO - 0.033s - Event added with event_id: 125
2025-05-25 00:46:17 - DBConnector               - INFO - 0.003s - Person not found
2025-05-25 00:46:17 - DBConnector               - INFO - 0.026s - Person added with person_id: 104
2025-05-25 00:46:17 - DBConnector               - INFO - 0.004s - Opinion not found
2025-05-25 00:46:17 - DBConnector               - INFO - 0.031s - Opinion added with opinion_id: 125
2025-05-25 00:46:17 - DBConnector               - INFO - 0.004s - Opinion found with opinion_id: 125
2025-05-25 00:46:17 - DBConnector               - INFO - 0.002s - Article chunk with chunk_id=14 updated successfully
2025-05-25 00:46:26 - DBConnector               - INFO - 0.004s - Person not found
2025-05-25 00:46:32 - DBConnector               - INFO - 0.045s - Event added with event_id: 126
2025-05-25 00:46:32 - DBConnector               - INFO - 0.003s - Person not found
2025-05-25 00:46:33 - DBConnector               - INFO - 0.025s - Person added with person_id: 105
2025-05-25 00:46:33 - DBConnector               - INFO - 0.004s - Opinion not found
2025-05-25 00:46:33 - DBConnector               - INFO - 0.027s - Opinion added with opinion_id: 126
2025-05-25 00:46:33 - DBConnector               - INFO - 0.004s - Opinion found with opinion_id: 126
2025-05-25 00:46:33 - DBConnector               - INFO - 0.002s - Article chunk with chunk_id=13 updated successfully
2025-05-25 00:46:42 - DBConnector               - INFO - 0.003s - Person not found
2025-05-25 00:47:36 - DBConnector               - INFO - 0.005s - Person not found
2025-05-25 00:47:42 - DBConnector               - INFO - 0.031s - Event added with event_id: 127
2025-05-25 00:47:42 - DBConnector               - INFO - 0.004s - Person not found
2025-05-25 00:47:42 - DBConnector               - INFO - 0.030s - Person added with person_id: 106
2025-05-25 00:47:42 - DBConnector               - INFO - 0.005s - Opinion not found
2025-05-25 00:47:42 - DBConnector               - INFO - 0.028s - Opinion added with opinion_id: 127
2025-05-25 00:47:42 - DBConnector               - INFO - 0.004s - Opinion found with opinion_id: 127
2025-05-25 00:47:42 - DBConnector               - INFO - 0.003s - Article chunk with chunk_id=9 updated successfully
2025-05-25 00:47:52 - DBConnector               - INFO - 0.003s - Person not found
2025-05-25 00:47:58 - DBConnector               - INFO - 0.029s - Event added with event_id: 128
2025-05-25 00:47:58 - DBConnector               - INFO - 0.004s - Person not found
2025-05-25 00:47:58 - DBConnector               - INFO - 0.030s - Person added with person_id: 107
2025-05-25 00:47:58 - DBConnector               - INFO - 0.004s - Opinion not found
2025-05-25 00:47:58 - DBConnector               - INFO - 0.027s - Opinion added with opinion_id: 128
2025-05-25 00:47:58 - DBConnector               - INFO - 0.004s - Opinion found with opinion_id: 128
2025-05-25 00:47:58 - DBConnector               - INFO - 0.002s - Article chunk with chunk_id=10 updated successfully
2025-05-25 00:48:53 - DBConnector               - INFO - 0.031s - Event added with event_id: 129
2025-05-25 00:48:53 - DBConnector               - INFO - 0.003s - Person not found
2025-05-25 00:48:53 - DBConnector               - INFO - 0.024s - Person added with person_id: 108
2025-05-25 00:48:53 - DBConnector               - INFO - 0.004s - Opinion not found
2025-05-25 00:48:53 - DBConnector               - INFO - 0.027s - Opinion added with opinion_id: 129
2025-05-25 00:48:53 - DBConnector               - INFO - 0.003s - Opinion found with opinion_id: 129
2025-05-25 00:48:53 - DBConnector               - INFO - 0.003s - Article chunk with chunk_id=11 updated successfully
2025-05-25 00:49:01 - DBConnector               - INFO - 0.003s - Person not found
2025-05-25 00:49:08 - DBConnector               - INFO - 0.030s - Event added with event_id: 130
2025-05-25 00:49:08 - DBConnector               - INFO - 0.003s - Person not found
2025-05-25 00:49:08 - DBConnector               - INFO - 0.027s - Person added with person_id: 109
2025-05-25 00:49:08 - DBConnector               - INFO - 0.005s - Opinion not found
2025-05-25 00:49:08 - DBConnector               - INFO - 0.029s - Opinion added with opinion_id: 130
2025-05-25 00:49:08 - DBConnector               - INFO - 0.005s - Opinion found with opinion_id: 130
2025-05-25 00:49:08 - DBConnector               - INFO - 0.004s - Article chunk with chunk_id=12 updated successfully
2025-05-25 00:49:18 - DBConnector               - INFO - 0.003s - Person not found
2025-05-25 00:50:20 - DBConnector               - INFO - 0.004s - Person not found
2025-05-25 00:50:27 - DBConnector               - INFO - 0.034s - Event added with event_id: 131
2025-05-25 00:50:27 - DBConnector               - INFO - 0.003s - Person not found
2025-05-25 00:50:27 - DBConnector               - INFO - 0.026s - Person added with person_id: 110
2025-05-25 00:50:27 - DBConnector               - INFO - 0.005s - Opinion not found
2025-05-25 00:50:27 - DBConnector               - INFO - 0.032s - Opinion added with opinion_id: 131
2025-05-25 00:50:27 - DBConnector               - INFO - 0.004s - Opinion found with opinion_id: 131
2025-05-25 00:50:27 - DBConnector               - INFO - 0.003s - Article chunk with chunk_id=8 updated successfully
2025-05-25 00:50:35 - DBConnector               - INFO - 0.004s - Person not found
2025-05-25 00:50:42 - DBConnector               - INFO - 0.028s - Event added with event_id: 132
2025-05-25 00:50:42 - DBConnector               - INFO - 0.004s - Person not found
2025-05-25 00:50:42 - DBConnector               - INFO - 0.026s - Person added with person_id: 111
2025-05-25 00:50:42 - DBConnector               - INFO - 0.004s - Opinion not found
2025-05-25 00:50:42 - DBConnector               - INFO - 0.029s - Opinion added with opinion_id: 132
2025-05-25 00:50:42 - DBConnector               - INFO - 0.005s - Opinion found with opinion_id: 132
2025-05-25 00:50:42 - DBConnector               - INFO - 0.004s - Article chunk with chunk_id=7 updated successfully
2025-05-25 00:51:42 - DBConnector               - INFO - 0.028s - Event added with event_id: 133
2025-05-25 00:51:42 - DBConnector               - INFO - 0.002s - Person not found
2025-05-25 00:51:42 - DBConnector               - INFO - 0.024s - Person added with person_id: 112
2025-05-25 00:51:42 - DBConnector               - INFO - 0.005s - Opinion not found
2025-05-25 00:51:42 - DBConnector               - INFO - 0.026s - Opinion added with opinion_id: 133
2025-05-25 00:51:42 - DBConnector               - INFO - 0.004s - Opinion found with opinion_id: 133
2025-05-25 00:51:42 - DBConnector               - INFO - 0.002s - Article chunk with chunk_id=6 updated successfully
2025-05-25 00:51:51 - DBConnector               - INFO - 0.003s - Person not found
2025-05-25 00:51:58 - DBConnector               - INFO - 0.029s - Event added with event_id: 134
2025-05-25 00:51:58 - DBConnector               - INFO - 0.003s - Person not found
2025-05-25 00:51:58 - DBConnector               - INFO - 0.026s - Person added with person_id: 113
2025-05-25 00:51:58 - DBConnector               - INFO - 0.004s - Opinion not found
2025-05-25 00:51:58 - DBConnector               - INFO - 0.027s - Opinion added with opinion_id: 134
2025-05-25 00:51:58 - DBConnector               - INFO - 0.005s - Opinion found with opinion_id: 134
2025-05-25 00:51:58 - DBConnector               - INFO - 0.003s - Article chunk with chunk_id=32 updated successfully
2025-05-25 00:52:08 - DBConnector               - INFO - 0.004s - Person not found
2025-05-25 00:53:08 - DBConnector               - INFO - 0.003s - Person not found
2025-05-25 00:53:15 - DBConnector               - INFO - 0.031s - Event added with event_id: 135
2025-05-25 00:53:15 - DBConnector               - INFO - 0.012s - Person not found
2025-05-25 00:53:15 - DBConnector               - INFO - 0.032s - Person added with person_id: 114
2025-05-25 00:53:15 - DBConnector               - INFO - 0.000s - Opinion not found
2025-05-25 00:53:15 - DBConnector               - INFO - 0.028s - Opinion added with opinion_id: 135
2025-05-25 00:53:15 - DBConnector               - INFO - 0.004s - Opinion found with opinion_id: 135
2025-05-25 00:53:15 - DBConnector               - INFO - 0.003s - Article chunk with chunk_id=31 updated successfully
2025-05-25 00:53:24 - DBConnector               - INFO - 0.000s - Person not found
2025-05-25 00:53:31 - DBConnector               - INFO - 0.028s - Event added with event_id: 136
2025-05-25 00:53:31 - DBConnector               - INFO - 0.004s - Person not found
2025-05-25 00:53:31 - DBConnector               - INFO - 0.026s - Person added with person_id: 115
2025-05-25 00:53:31 - DBConnector               - INFO - 0.003s - Opinion not found
2025-05-25 00:53:31 - DBConnector               - INFO - 0.026s - Opinion added with opinion_id: 136
2025-05-25 00:53:31 - DBConnector               - INFO - 0.004s - Opinion found with opinion_id: 136
2025-05-25 00:53:31 - DBConnector               - INFO - 0.002s - Article chunk with chunk_id=30 updated successfully
2025-05-25 00:54:30 - DBConnector               - INFO - 0.028s - Event added with event_id: 137
2025-05-25 00:54:30 - DBConnector               - INFO - 0.002s - Person not found
2025-05-25 00:54:30 - DBConnector               - INFO - 0.026s - Person added with person_id: 116
2025-05-25 00:54:30 - DBConnector               - INFO - 0.006s - Opinion not found
2025-05-25 00:54:30 - DBConnector               - INFO - 0.030s - Opinion added with opinion_id: 137
2025-05-25 00:54:30 - DBConnector               - INFO - 0.003s - Opinion found with opinion_id: 137
2025-05-25 00:54:30 - DBConnector               - INFO - 0.003s - Article chunk with chunk_id=33 updated successfully
2025-05-25 00:54:40 - DBConnector               - INFO - 0.003s - Person not found
2025-05-25 00:54:46 - DBConnector               - INFO - 0.028s - Event added with event_id: 138
2025-05-25 00:54:46 - DBConnector               - INFO - 0.004s - Person not found
2025-05-25 00:54:46 - DBConnector               - INFO - 0.027s - Person added with person_id: 117
2025-05-25 00:54:46 - DBConnector               - INFO - 0.005s - Opinion not found
2025-05-25 00:54:46 - DBConnector               - INFO - 0.027s - Opinion added with opinion_id: 138
2025-05-25 00:54:46 - DBConnector               - INFO - 0.004s - Opinion found with opinion_id: 138
2025-05-25 00:54:46 - DBConnector               - INFO - 0.004s - Article chunk with chunk_id=5 updated successfully
2025-05-25 00:54:56 - DBConnector               - INFO - 0.004s - Person not found
2025-05-25 00:56:03 - DBConnector               - INFO - 0.004s - Person not found
2025-05-25 00:56:09 - DBConnector               - INFO - 0.027s - Event added with event_id: 139
2025-05-25 00:56:09 - DBConnector               - INFO - 0.003s - Person not found
2025-05-25 00:56:09 - DBConnector               - INFO - 0.023s - Person added with person_id: 118
2025-05-25 00:56:09 - DBConnector               - INFO - 0.005s - Opinion not found
2025-05-25 00:56:09 - DBConnector               - INFO - 0.026s - Opinion added with opinion_id: 139
2025-05-25 00:56:09 - DBConnector               - INFO - 0.003s - Opinion found with opinion_id: 139
2025-05-25 00:56:09 - DBConnector               - INFO - 0.003s - Article chunk with chunk_id=4 updated successfully
2025-05-25 00:56:38 - DBConnector               - INFO - 0.032s - Event added with event_id: 140
2025-05-25 00:56:38 - DBConnector               - INFO - 0.003s - Person not found
2025-05-25 00:56:38 - DBConnector               - INFO - 0.026s - Person added with person_id: 119
2025-05-25 00:56:38 - DBConnector               - INFO - 0.005s - Opinion not found
2025-05-25 00:56:38 - DBConnector               - INFO - 0.029s - Opinion added with opinion_id: 140
2025-05-25 00:56:38 - DBConnector               - INFO - 0.004s - Opinion found with opinion_id: 140
2025-05-25 00:56:38 - DBConnector               - INFO - 0.003s - Article chunk with chunk_id=3 updated successfully
2025-05-25 00:56:58 - DBConnector               - INFO - 0.003s - Person not found
2025-05-25 00:57:04 - DBConnector               - INFO - 0.026s - Event added with event_id: 141
2025-05-25 00:57:04 - DBConnector               - INFO - 0.007s - Person not found
2025-05-25 00:57:04 - DBConnector               - INFO - 0.032s - Person added with person_id: 120
2025-05-25 00:57:04 - DBConnector               - INFO - 0.005s - Opinion not found
2025-05-25 00:57:04 - DBConnector               - INFO - 0.027s - Opinion added with opinion_id: 141
2025-05-25 00:57:04 - DBConnector               - INFO - 0.004s - Opinion found with opinion_id: 141
2025-05-25 00:57:04 - DBConnector               - INFO - 0.003s - Article chunk with chunk_id=2 updated successfully
2025-05-25 00:57:18 - DBConnector               - INFO - 0.028s - Event added with event_id: 142
2025-05-25 00:57:18 - DBConnector               - INFO - 0.003s - Person not found
2025-05-25 00:57:18 - DBConnector               - INFO - 0.025s - Person added with person_id: 121
2025-05-25 00:57:18 - DBConnector               - INFO - 0.005s - Opinion not found
2025-05-25 00:57:18 - DBConnector               - INFO - 0.028s - Opinion added with opinion_id: 142
2025-05-25 00:57:18 - DBConnector               - INFO - 0.003s - Opinion found with opinion_id: 142
2025-05-25 00:57:18 - DBConnector               - INFO - 0.002s - Article chunk with chunk_id=1 updated successfully
